2025-01-18 15:56:19 INFO log.py:21: Yasb v1.5.4
2025-01-18 15:56:19 INFO config.py:59: Created default config file at C:\Users\bilay\.config\yasb\config.yaml
2025-01-18 15:56:19 INFO config.py:73: Created default stylesheet at C:\Users\bilay\.config\yasb\styles.css
2025-01-18 15:56:20 DEBUG win32.py:58: Looking up time zone info from registry
2025-01-18 15:56:21 INFO weather.py:340: Fetched new weather data at 2025-01-18 15:56:21.804356
2025-01-18 15:56:21 DEBUG __init__.py:140: CoInitializeEx(None, 2)
2025-01-18 15:56:22 INFO app_bar.py:103: Bar Created on Screen: EA232WMi [Bar Height: 36px, DPI Scale: 1.0, Scale Screen: True, Screen Geometry: X: 0, Y: 0, Screen Width: 1920, Screen Height: 1080]
2025-01-18 15:56:22 INFO event_listener.py:52: Created named pipe yasb-000d36dd-d5a4-11ef-ba1f-58cdc9ee9bc0
2025-01-18 15:56:22 INFO event_listener.py:106: Waiting for Komorebi to subscribe to named pipe yasb-000d36dd-d5a4-11ef-ba1f-58cdc9ee9bc0
2025-01-18 15:56:22 INFO watcher.py:39: Created file watcher for path C:\Users\bilay\.config\yasb
2025-01-18 15:56:22 DEBUG _windows.py:213: Starting (proactor: <_IocpProactor overlapped#=0 result#=0>)...
2025-01-18 15:56:22 DEBUG _windows.py:192: Thread started
2025-01-18 15:56:22 WARNING event_listener.py:111: Komorebi failed to subscribe named pipe. Waiting for subscription...
2025-01-18 16:06:21 INFO weather.py:340: Fetched new weather data at 2025-01-18 16:06:21.811441
2025-01-18 16:16:07 INFO log.py:21: Yasb v1.5.4
2025-01-18 16:16:07 DEBUG win32.py:58: Looking up time zone info from registry
2025-01-18 16:16:08 INFO weather.py:340: Fetched new weather data at 2025-01-18 16:16:08.101737
2025-01-18 16:16:08 DEBUG __init__.py:140: CoInitializeEx(None, 2)
2025-01-18 16:16:08 INFO app_bar.py:103: Bar Created on Screen: EA232WMi [Bar Height: 36px, DPI Scale: 1.0, Scale Screen: True, Screen Geometry: X: 0, Y: 0, Screen Width: 1920, Screen Height: 1080]
2025-01-18 16:16:08 INFO event_listener.py:52: Created named pipe yasb-c2efe2b6-d5a6-11ef-8ef2-58cdc9ee9bc0
2025-01-18 16:16:08 INFO event_listener.py:106: Waiting for Komorebi to subscribe to named pipe yasb-c2efe2b6-d5a6-11ef-8ef2-58cdc9ee9bc0
2025-01-18 16:16:08 INFO watcher.py:39: Created file watcher for path C:\Users\bilay\.config\yasb
2025-01-18 16:16:08 DEBUG _windows.py:213: Starting (proactor: <_IocpProactor overlapped#=0 result#=0>)...
2025-01-18 16:16:08 DEBUG _windows.py:192: Thread started
2025-01-18 16:16:08 WARNING event_listener.py:111: Komorebi failed to subscribe named pipe. Waiting for subscription...
2025-01-18 16:16:18 INFO log.py:21: Yasb v1.5.4
2025-01-18 16:16:18 DEBUG win32.py:58: Looking up time zone info from registry
2025-01-18 16:16:18 INFO weather.py:340: Fetched new weather data at 2025-01-18 16:16:18.757069
2025-01-18 16:16:18 DEBUG __init__.py:140: CoInitializeEx(None, 2)
2025-01-18 16:16:18 INFO app_bar.py:103: Bar Created on Screen: EA232WMi [Bar Height: 36px, DPI Scale: 1.0, Scale Screen: True, Screen Geometry: X: 0, Y: 0, Screen Width: 1920, Screen Height: 1080]
2025-01-18 16:16:19 INFO event_listener.py:52: Created named pipe yasb-c9489eb7-d5a6-11ef-b016-58cdc9ee9bc0
2025-01-18 16:16:19 INFO event_listener.py:106: Waiting for Komorebi to subscribe to named pipe yasb-c9489eb7-d5a6-11ef-b016-58cdc9ee9bc0
2025-01-18 16:16:19 INFO watcher.py:39: Created file watcher for path C:\Users\bilay\.config\yasb
2025-01-18 16:16:19 DEBUG _windows.py:213: Starting (proactor: <_IocpProactor overlapped#=0 result#=0>)...
2025-01-18 16:16:19 DEBUG _windows.py:192: Thread started
2025-01-18 16:16:19 WARNING event_listener.py:111: Komorebi failed to subscribe named pipe. Waiting for subscription...
2025-01-18 16:23:19 INFO log.py:21: Yasb v1.5.4
2025-01-18 16:23:19 DEBUG win32.py:58: Looking up time zone info from registry
2025-01-18 16:23:19 INFO weather.py:340: Fetched new weather data at 2025-01-18 16:23:19.738375
2025-01-18 16:23:19 DEBUG __init__.py:140: CoInitializeEx(None, 2)
2025-01-18 16:23:19 INFO app_bar.py:103: Bar Created on Screen: EA232WMi [Bar Height: 36px, DPI Scale: 1.0, Scale Screen: True, Screen Geometry: X: 0, Y: 0, Screen Width: 1920, Screen Height: 1080]
2025-01-18 16:23:19 INFO event_listener.py:52: Created named pipe yasb-c434a0db-d5a7-11ef-b241-58cdc9ee9bc0
2025-01-18 16:23:19 INFO event_listener.py:106: Waiting for Komorebi to subscribe to named pipe yasb-c434a0db-d5a7-11ef-b241-58cdc9ee9bc0
2025-01-18 16:23:20 INFO watcher.py:39: Created file watcher for path C:\Users\bilay\.config\yasb
2025-01-18 16:23:20 DEBUG _windows.py:213: Starting (proactor: <_IocpProactor overlapped#=0 result#=0>)...
2025-01-18 16:23:20 DEBUG _windows.py:192: Thread started
2025-01-18 16:23:20 WARNING event_listener.py:111: Komorebi failed to subscribe named pipe. Waiting for subscription...
2025-01-18 16:23:42 INFO log.py:21: Yasb v1.5.4
2025-01-18 16:23:42 DEBUG win32.py:58: Looking up time zone info from registry
2025-01-18 16:23:42 INFO weather.py:340: Fetched new weather data at 2025-01-18 16:23:42.718404
2025-01-18 16:23:42 DEBUG __init__.py:140: CoInitializeEx(None, 2)
2025-01-18 16:23:42 INFO app_bar.py:103: Bar Created on Screen: EA232WMi [Bar Height: 36px, DPI Scale: 1.0, Scale Screen: True, Screen Geometry: X: 0, Y: 0, Screen Width: 1920, Screen Height: 1080]
2025-01-18 16:23:42 INFO event_listener.py:52: Created named pipe yasb-d1e7e13f-d5a7-11ef-a862-58cdc9ee9bc0
2025-01-18 16:23:42 INFO event_listener.py:106: Waiting for Komorebi to subscribe to named pipe yasb-d1e7e13f-d5a7-11ef-a862-58cdc9ee9bc0
2025-01-18 16:23:43 INFO watcher.py:39: Created file watcher for path C:\Users\bilay\.config\yasb
2025-01-18 16:23:43 DEBUG _windows.py:213: Starting (proactor: <_IocpProactor overlapped#=0 result#=0>)...
2025-01-18 16:23:43 DEBUG _windows.py:192: Thread started
2025-01-18 16:23:43 WARNING event_listener.py:111: Komorebi failed to subscribe named pipe. Waiting for subscription...
2025-01-18 16:25:59 INFO log.py:21: Yasb v1.5.4
2025-01-18 16:26:00 DEBUG win32.py:58: Looking up time zone info from registry
2025-01-18 16:26:00 INFO weather.py:340: Fetched new weather data at 2025-01-18 16:26:00.193347
2025-01-18 16:26:00 DEBUG __init__.py:140: CoInitializeEx(None, 2)
2025-01-18 16:26:00 INFO app_bar.py:103: Bar Created on Screen: EA232WMi [Bar Height: 36px, DPI Scale: 1.0, Scale Screen: True, Screen Geometry: X: 0, Y: 0, Screen Width: 1920, Screen Height: 1080]
2025-01-18 16:26:00 INFO event_listener.py:52: Created named pipe yasb-23d7670f-d5a8-11ef-a952-58cdc9ee9bc0
2025-01-18 16:26:00 INFO event_listener.py:106: Waiting for Komorebi to subscribe to named pipe yasb-23d7670f-d5a8-11ef-a952-58cdc9ee9bc0
2025-01-18 16:26:00 INFO watcher.py:39: Created file watcher for path C:\Users\bilay\.config\yasb
2025-01-18 16:26:00 DEBUG _windows.py:213: Starting (proactor: <_IocpProactor overlapped#=0 result#=0>)...
2025-01-18 16:26:00 DEBUG _windows.py:192: Thread started
2025-01-18 16:26:00 WARNING event_listener.py:111: Komorebi failed to subscribe named pipe. Waiting for subscription...
2025-01-18 16:30:25 INFO log.py:21: Yasb v1.5.4
2025-01-18 16:30:25 DEBUG win32.py:58: Looking up time zone info from registry
2025-01-18 16:30:25 INFO weather.py:340: Fetched new weather data at 2025-01-18 16:30:25.803413
2025-01-18 16:30:25 DEBUG __init__.py:140: CoInitializeEx(None, 2)
2025-01-18 16:30:25 INFO app_bar.py:103: Bar Created on Screen: EA232WMi [Bar Height: 36px, DPI Scale: 1.0, Scale Screen: True, Screen Geometry: X: 0, Y: 0, Screen Width: 1920, Screen Height: 1080]
2025-01-18 16:30:26 INFO event_listener.py:52: Created named pipe yasb-c228a9d8-d5a8-11ef-b782-58cdc9ee9bc0
2025-01-18 16:30:26 INFO event_listener.py:106: Waiting for Komorebi to subscribe to named pipe yasb-c228a9d8-d5a8-11ef-b782-58cdc9ee9bc0
2025-01-18 16:30:26 INFO watcher.py:39: Created file watcher for path C:\Users\bilay\.config\yasb
2025-01-18 16:30:26 DEBUG _windows.py:213: Starting (proactor: <_IocpProactor overlapped#=0 result#=0>)...
2025-01-18 16:30:26 DEBUG _windows.py:192: Thread started
2025-01-18 16:30:26 WARNING event_listener.py:111: Komorebi failed to subscribe named pipe. Waiting for subscription...
2025-01-18 16:31:09 INFO log.py:21: Yasb v1.5.4
2025-01-18 16:31:09 DEBUG win32.py:58: Looking up time zone info from registry
2025-01-18 16:31:09 INFO weather.py:340: Fetched new weather data at 2025-01-18 16:31:09.360948
2025-01-18 16:31:09 DEBUG __init__.py:140: CoInitializeEx(None, 2)
2025-01-18 16:31:09 INFO app_bar.py:103: Bar Created on Screen: EA232WMi [Bar Height: 36px, DPI Scale: 1.0, Scale Screen: True, Screen Geometry: X: 0, Y: 0, Screen Width: 1920, Screen Height: 1080]
2025-01-18 16:31:09 INFO event_listener.py:52: Created named pipe yasb-dc210491-d5a8-11ef-bd1a-58cdc9ee9bc0
2025-01-18 16:31:09 INFO event_listener.py:106: Waiting for Komorebi to subscribe to named pipe yasb-dc210491-d5a8-11ef-bd1a-58cdc9ee9bc0
2025-01-18 16:31:09 INFO watcher.py:39: Created file watcher for path C:\Users\bilay\.config\yasb
2025-01-18 16:31:09 DEBUG _windows.py:213: Starting (proactor: <_IocpProactor overlapped#=0 result#=0>)...
2025-01-18 16:31:09 DEBUG _windows.py:192: Thread started
2025-01-18 16:31:09 WARNING event_listener.py:111: Komorebi failed to subscribe named pipe. Waiting for subscription...
2025-01-18 16:31:29 INFO log.py:21: Yasb v1.5.4
2025-01-18 16:31:29 DEBUG win32.py:58: Looking up time zone info from registry
2025-01-18 16:31:29 INFO weather.py:340: Fetched new weather data at 2025-01-18 16:31:29.817438
2025-01-18 16:31:29 DEBUG __init__.py:140: CoInitializeEx(None, 2)
2025-01-18 16:31:29 INFO app_bar.py:103: Bar Created on Screen: EA232WMi [Bar Height: 36px, DPI Scale: 1.0, Scale Screen: True, Screen Geometry: X: 0, Y: 0, Screen Width: 1920, Screen Height: 1080]
2025-01-18 16:31:30 INFO event_listener.py:52: Created named pipe yasb-e8531ea6-d5a8-11ef-9bf0-58cdc9ee9bc0
2025-01-18 16:31:30 INFO event_listener.py:106: Waiting for Komorebi to subscribe to named pipe yasb-e8531ea6-d5a8-11ef-9bf0-58cdc9ee9bc0
2025-01-18 16:31:30 INFO watcher.py:39: Created file watcher for path C:\Users\bilay\.config\yasb
2025-01-18 16:31:30 DEBUG _windows.py:213: Starting (proactor: <_IocpProactor overlapped#=0 result#=0>)...
2025-01-18 16:31:30 DEBUG _windows.py:192: Thread started
2025-01-18 16:31:30 WARNING event_listener.py:111: Komorebi failed to subscribe named pipe. Waiting for subscription...
2025-01-18 16:33:44 INFO log.py:21: Yasb v1.5.4
2025-01-18 16:33:44 DEBUG win32.py:58: Looking up time zone info from registry
2025-01-18 16:33:44 INFO weather.py:340: Fetched new weather data at 2025-01-18 16:33:44.580909
2025-01-18 16:33:44 DEBUG __init__.py:140: CoInitializeEx(None, 2)
2025-01-18 16:33:44 INFO app_bar.py:103: Bar Created on Screen: EA232WMi [Bar Height: 36px, DPI Scale: 1.0, Scale Screen: True, Screen Geometry: X: 0, Y: 0, Screen Width: 1920, Screen Height: 1080]
2025-01-18 16:33:44 INFO event_listener.py:52: Created named pipe yasb-38a37215-d5a9-11ef-8e43-58cdc9ee9bc0
2025-01-18 16:33:44 INFO event_listener.py:106: Waiting for Komorebi to subscribe to named pipe yasb-38a37215-d5a9-11ef-8e43-58cdc9ee9bc0
2025-01-18 16:33:44 INFO watcher.py:39: Created file watcher for path C:\Users\bilay\.config\yasb
2025-01-18 16:33:44 DEBUG _windows.py:213: Starting (proactor: <_IocpProactor overlapped#=0 result#=0>)...
2025-01-18 16:33:44 DEBUG _windows.py:192: Thread started
2025-01-18 16:33:44 WARNING event_listener.py:111: Komorebi failed to subscribe named pipe. Waiting for subscription...
2025-01-18 16:34:13 INFO log.py:21: Yasb v1.5.4
2025-01-18 16:34:13 DEBUG win32.py:58: Looking up time zone info from registry
2025-01-18 16:34:13 INFO weather.py:340: Fetched new weather data at 2025-01-18 16:34:13.253372
2025-01-18 16:34:13 DEBUG __init__.py:140: CoInitializeEx(None, 2)
2025-01-18 16:34:13 INFO app_bar.py:103: Bar Created on Screen: EA232WMi [Bar Height: 36px, DPI Scale: 1.0, Scale Screen: True, Screen Geometry: X: 0, Y: 0, Screen Width: 1920, Screen Height: 1080]
2025-01-18 16:34:13 INFO event_listener.py:52: Created named pipe yasb-49c26a84-d5a9-11ef-8d45-58cdc9ee9bc0
2025-01-18 16:34:13 INFO event_listener.py:106: Waiting for Komorebi to subscribe to named pipe yasb-49c26a84-d5a9-11ef-8d45-58cdc9ee9bc0
2025-01-18 16:34:13 INFO watcher.py:39: Created file watcher for path C:\Users\bilay\.config\yasb
2025-01-18 16:34:13 DEBUG _windows.py:213: Starting (proactor: <_IocpProactor overlapped#=0 result#=0>)...
2025-01-18 16:34:13 DEBUG _windows.py:192: Thread started
2025-01-18 16:34:13 WARNING event_listener.py:111: Komorebi failed to subscribe named pipe. Waiting for subscription...
2025-01-18 16:40:00 INFO log.py:21: Yasb v1.5.4
2025-01-18 16:40:00 DEBUG win32.py:58: Looking up time zone info from registry
2025-01-18 16:40:01 INFO weather.py:340: Fetched new weather data at 2025-01-18 16:40:01.079648
2025-01-18 16:40:01 DEBUG __init__.py:140: CoInitializeEx(None, 2)
2025-01-18 16:40:01 INFO app_bar.py:103: Bar Created on Screen: EA232WMi [Bar Height: 36px, DPI Scale: 1.0, Scale Screen: True, Screen Geometry: X: 0, Y: 0, Screen Width: 1920, Screen Height: 1080]
2025-01-18 16:40:01 INFO event_listener.py:52: Created named pipe yasb-190cd556-d5aa-11ef-a273-58cdc9ee9bc0
2025-01-18 16:40:01 INFO event_listener.py:106: Waiting for Komorebi to subscribe to named pipe yasb-190cd556-d5aa-11ef-a273-58cdc9ee9bc0
2025-01-18 16:40:01 INFO watcher.py:39: Created file watcher for path C:\Users\bilay\.config\yasb
2025-01-18 16:40:01 DEBUG _windows.py:213: Starting (proactor: <_IocpProactor overlapped#=0 result#=0>)...
2025-01-18 16:40:01 DEBUG _windows.py:192: Thread started
2025-01-18 16:40:01 WARNING event_listener.py:111: Komorebi failed to subscribe named pipe. Waiting for subscription...
2025-01-18 16:40:49 INFO log.py:21: Yasb v1.5.4
2025-01-18 16:40:49 DEBUG win32.py:58: Looking up time zone info from registry
2025-01-18 16:40:49 INFO weather.py:340: Fetched new weather data at 2025-01-18 16:40:49.611143
2025-01-18 16:40:49 DEBUG __init__.py:140: CoInitializeEx(None, 2)
2025-01-18 16:40:49 INFO app_bar.py:103: Bar Created on Screen: EA232WMi [Bar Height: 36px, DPI Scale: 1.0, Scale Screen: True, Screen Geometry: X: 0, Y: 0, Screen Width: 1920, Screen Height: 1080]
2025-01-18 16:40:49 INFO event_listener.py:52: Created named pipe yasb-3609d644-d5aa-11ef-995e-58cdc9ee9bc0
2025-01-18 16:40:49 INFO event_listener.py:106: Waiting for Komorebi to subscribe to named pipe yasb-3609d644-d5aa-11ef-995e-58cdc9ee9bc0
2025-01-18 16:40:50 INFO watcher.py:39: Created file watcher for path C:\Users\bilay\.config\yasb
2025-01-18 16:40:50 DEBUG _windows.py:213: Starting (proactor: <_IocpProactor overlapped#=0 result#=0>)...
2025-01-18 16:40:50 DEBUG _windows.py:192: Thread started
2025-01-18 16:40:50 WARNING event_listener.py:111: Komorebi failed to subscribe named pipe. Waiting for subscription...
2025-01-18 16:41:43 INFO bar_manager.py:46: Successfully loaded updated stylesheet and applied to all bars.
2025-01-18 16:41:49 INFO bar_manager.py:46: Successfully loaded updated stylesheet and applied to all bars.
2025-01-18 16:41:53 INFO bar_manager.py:46: Successfully loaded updated stylesheet and applied to all bars.
2025-01-18 16:42:08 INFO bar_manager.py:46: Successfully loaded updated stylesheet and applied to all bars.
2025-01-18 16:42:20 INFO bar_manager.py:46: Successfully loaded updated stylesheet and applied to all bars.
2025-01-18 16:42:27 INFO bar_manager.py:46: Successfully loaded updated stylesheet and applied to all bars.
2025-01-18 16:42:34 INFO bar_manager.py:46: Successfully loaded updated stylesheet and applied to all bars.
2025-01-18 16:42:38 INFO bar_manager.py:46: Successfully loaded updated stylesheet and applied to all bars.
2025-01-18 16:42:42 INFO bar_manager.py:46: Successfully loaded updated stylesheet and applied to all bars.
2025-01-18 16:42:48 INFO bar_manager.py:46: Successfully loaded updated stylesheet and applied to all bars.
2025-01-18 16:42:53 INFO bar_manager.py:46: Successfully loaded updated stylesheet and applied to all bars.
2025-01-18 16:42:56 INFO bar_manager.py:46: Successfully loaded updated stylesheet and applied to all bars.
2025-01-18 16:43:44 INFO bar_manager.py:46: Successfully loaded updated stylesheet and applied to all bars.
2025-01-18 16:49:04 ERROR config.py:103: The file 'C:\Users\bilay\.config\yasb\config.yaml' could not be read. Do you have read/write permissions?
2025-01-18 16:49:04 ERROR config.py:103: The file 'C:\Users\bilay\.config\yasb\config.yaml' could not be read. Do you have read/write permissions?
2025-01-18 16:49:04 ERROR config.py:103: The file 'C:\Users\bilay\.config\yasb\config.yaml' could not be read. Do you have read/write permissions?
2025-01-18 16:49:04 ERROR config.py:103: The file 'C:\Users\bilay\.config\yasb\config.yaml' could not be read. Do you have read/write permissions?
2025-01-18 16:49:04 ERROR config.py:103: The file 'C:\Users\bilay\.config\yasb\config.yaml' could not be read. Do you have read/write permissions?
2025-01-18 16:49:04 ERROR css_processor.py:20: CSSProcessor Error 'C:\Users\bilay\.config\yasb\styles.css': [Errno 13] Permission denied: 'C:\\Users\\bilay\\.config\\yasb\\styles.css'
2025-01-18 16:49:04 ERROR css_processor.py:20: CSSProcessor Error 'C:\Users\bilay\.config\yasb\styles.css': [Errno 13] Permission denied: 'C:\\Users\\bilay\\.config\\yasb\\styles.css'
2025-01-18 16:49:04 ERROR css_processor.py:20: CSSProcessor Error 'C:\Users\bilay\.config\yasb\styles.css': [Errno 13] Permission denied: 'C:\\Users\\bilay\\.config\\yasb\\styles.css'
2025-01-18 16:49:04 ERROR css_processor.py:20: CSSProcessor Error 'C:\Users\bilay\.config\yasb\styles.css': [Errno 13] Permission denied: 'C:\\Users\\bilay\\.config\\yasb\\styles.css'
2025-01-18 16:49:04 ERROR css_processor.py:20: CSSProcessor Error 'C:\Users\bilay\.config\yasb\styles.css': [Errno 13] Permission denied: 'C:\\Users\\bilay\\.config\\yasb\\styles.css'
2025-01-18 16:49:04 ERROR css_processor.py:20: CSSProcessor Error 'C:\Users\bilay\.config\yasb\styles.css': [Errno 13] Permission denied: 'C:\\Users\\bilay\\.config\\yasb\\styles.css'
2025-01-18 16:49:10 INFO bar_manager.py:46: Successfully loaded updated stylesheet and applied to all bars.
2025-01-18 16:49:15 INFO log.py:21: Yasb v1.5.4
2025-01-18 16:49:15 DEBUG win32.py:58: Looking up time zone info from registry
2025-01-18 16:49:15 INFO weather.py:340: Fetched new weather data at 2025-01-18 16:49:15.867817
2025-01-18 16:49:15 DEBUG __init__.py:140: CoInitializeEx(None, 2)
2025-01-18 16:49:15 INFO app_bar.py:103: Bar Created on Screen: EA232WMi [Bar Height: 42px, DPI Scale: 1.0, Scale Screen: True, Screen Geometry: X: 0, Y: 0, Screen Width: 1920, Screen Height: 1080]
2025-01-18 16:49:16 INFO event_listener.py:52: Created named pipe yasb-63c4503e-d5ab-11ef-aa33-58cdc9ee9bc0
2025-01-18 16:49:16 INFO event_listener.py:106: Waiting for Komorebi to subscribe to named pipe yasb-63c4503e-d5ab-11ef-aa33-58cdc9ee9bc0
2025-01-18 16:49:16 INFO watcher.py:39: Created file watcher for path C:\Users\bilay\.config\yasb
2025-01-18 16:49:16 DEBUG _windows.py:213: Starting (proactor: <_IocpProactor overlapped#=0 result#=0>)...
2025-01-18 16:49:16 DEBUG _windows.py:192: Thread started
2025-01-18 16:49:16 WARNING event_listener.py:111: Komorebi failed to subscribe named pipe. Waiting for subscription...
2025-01-18 16:50:26 INFO log.py:21: Yasb v1.5.4
2025-01-18 16:50:27 DEBUG win32.py:58: Looking up time zone info from registry
2025-01-18 16:50:27 INFO weather.py:340: Fetched new weather data at 2025-01-18 16:50:27.202521
2025-01-18 16:50:27 DEBUG __init__.py:140: CoInitializeEx(None, 2)
2025-01-18 16:50:27 INFO app_bar.py:103: Bar Created on Screen: EA232WMi [Bar Height: 42px, DPI Scale: 1.0, Scale Screen: True, Screen Geometry: X: 0, Y: 0, Screen Width: 1920, Screen Height: 1080]
2025-01-18 16:50:27 INFO event_listener.py:52: Created named pipe yasb-8e3fcfff-d5ab-11ef-aebe-58cdc9ee9bc0
2025-01-18 16:50:27 INFO event_listener.py:106: Waiting for Komorebi to subscribe to named pipe yasb-8e3fcfff-d5ab-11ef-aebe-58cdc9ee9bc0
2025-01-18 16:50:27 INFO watcher.py:39: Created file watcher for path C:\Users\bilay\.config\yasb
2025-01-18 16:50:27 DEBUG _windows.py:213: Starting (proactor: <_IocpProactor overlapped#=0 result#=0>)...
2025-01-18 16:50:27 DEBUG _windows.py:192: Thread started
2025-01-18 16:50:27 WARNING event_listener.py:111: Komorebi failed to subscribe named pipe. Waiting for subscription...
2025-01-18 16:52:56 INFO bar_manager.py:46: Successfully loaded updated stylesheet and applied to all bars.
2025-01-18 16:54:02 INFO log.py:21: Yasb v1.5.4
2025-01-18 16:54:02 DEBUG win32.py:58: Looking up time zone info from registry
2025-01-18 16:54:02 INFO weather.py:340: Fetched new weather data at 2025-01-18 16:54:02.844165
2025-01-18 16:54:02 DEBUG __init__.py:140: CoInitializeEx(None, 2)
2025-01-18 16:54:02 INFO app_bar.py:103: Bar Created on Screen: EA232WMi [Bar Height: 42px, DPI Scale: 1.0, Scale Screen: True, Screen Geometry: X: 0, Y: 0, Screen Width: 1920, Screen Height: 1080]
2025-01-18 16:54:03 INFO event_listener.py:52: Created named pipe yasb-0ec5a4c7-d5ac-11ef-9d94-58cdc9ee9bc0
2025-01-18 16:54:03 INFO event_listener.py:106: Waiting for Komorebi to subscribe to named pipe yasb-0ec5a4c7-d5ac-11ef-9d94-58cdc9ee9bc0
2025-01-18 16:54:03 INFO watcher.py:39: Created file watcher for path C:\Users\bilay\.config\yasb
2025-01-18 16:54:03 DEBUG _windows.py:213: Starting (proactor: <_IocpProactor overlapped#=0 result#=0>)...
2025-01-18 16:54:03 DEBUG _windows.py:192: Thread started
2025-01-18 16:54:03 WARNING event_listener.py:111: Komorebi failed to subscribe named pipe. Waiting for subscription...
2025-01-18 16:54:16 INFO log.py:21: Yasb v1.5.4
2025-01-18 16:54:16 DEBUG win32.py:58: Looking up time zone info from registry
2025-01-18 16:54:16 INFO weather.py:340: Fetched new weather data at 2025-01-18 16:54:16.525850
2025-01-18 16:54:16 DEBUG __init__.py:140: CoInitializeEx(None, 2)
2025-01-18 16:54:16 INFO app_bar.py:103: Bar Created on Screen: EA232WMi [Bar Height: 42px, DPI Scale: 1.0, Scale Screen: True, Screen Geometry: X: 0, Y: 0, Screen Width: 1920, Screen Height: 1080]
2025-01-18 16:54:16 INFO event_listener.py:52: Created named pipe yasb-16ea961b-d5ac-11ef-8e85-58cdc9ee9bc0
2025-01-18 16:54:16 INFO event_listener.py:106: Waiting for Komorebi to subscribe to named pipe yasb-16ea961b-d5ac-11ef-8e85-58cdc9ee9bc0
2025-01-18 16:54:16 INFO watcher.py:39: Created file watcher for path C:\Users\bilay\.config\yasb
2025-01-18 16:54:16 DEBUG _windows.py:213: Starting (proactor: <_IocpProactor overlapped#=0 result#=0>)...
2025-01-18 16:54:16 DEBUG _windows.py:192: Thread started
2025-01-18 16:54:16 WARNING event_listener.py:111: Komorebi failed to subscribe named pipe. Waiting for subscription...
2025-01-18 16:54:23 INFO log.py:21: Yasb v1.5.4
2025-01-18 16:54:24 DEBUG win32.py:58: Looking up time zone info from registry
2025-01-18 16:54:24 INFO weather.py:340: Fetched new weather data at 2025-01-18 16:54:24.205181
2025-01-18 16:54:24 DEBUG __init__.py:140: CoInitializeEx(None, 2)
2025-01-18 16:54:24 INFO app_bar.py:103: Bar Created on Screen: EA232WMi [Bar Height: 42px, DPI Scale: 1.0, Scale Screen: True, Screen Geometry: X: 0, Y: 0, Screen Width: 1920, Screen Height: 1080]
2025-01-18 16:54:24 INFO event_listener.py:52: Created named pipe yasb-1b7e3932-d5ac-11ef-9665-58cdc9ee9bc0
2025-01-18 16:54:24 INFO event_listener.py:106: Waiting for Komorebi to subscribe to named pipe yasb-1b7e3932-d5ac-11ef-9665-58cdc9ee9bc0
2025-01-18 16:54:24 INFO watcher.py:39: Created file watcher for path C:\Users\bilay\.config\yasb
2025-01-18 16:54:24 DEBUG _windows.py:213: Starting (proactor: <_IocpProactor overlapped#=0 result#=0>)...
2025-01-18 16:54:24 DEBUG _windows.py:192: Thread started
2025-01-18 16:54:24 WARNING event_listener.py:111: Komorebi failed to subscribe named pipe. Waiting for subscription...
2025-01-18 16:54:38 INFO log.py:21: Yasb v1.5.4
2025-01-18 16:54:38 DEBUG win32.py:58: Looking up time zone info from registry
2025-01-18 16:54:39 INFO weather.py:340: Fetched new weather data at 2025-01-18 16:54:39.035115
2025-01-18 16:54:39 DEBUG __init__.py:140: CoInitializeEx(None, 2)
2025-01-18 16:54:39 INFO app_bar.py:103: Bar Created on Screen: EA232WMi [Bar Height: 42px, DPI Scale: 1.0, Scale Screen: True, Screen Geometry: X: 0, Y: 0, Screen Width: 1920, Screen Height: 1080]
2025-01-18 16:54:39 INFO event_listener.py:52: Created named pipe yasb-24558cfc-d5ac-11ef-ad03-58cdc9ee9bc0
2025-01-18 16:54:39 INFO event_listener.py:106: Waiting for Komorebi to subscribe to named pipe yasb-24558cfc-d5ac-11ef-ad03-58cdc9ee9bc0
2025-01-18 16:54:39 INFO watcher.py:39: Created file watcher for path C:\Users\bilay\.config\yasb
2025-01-18 16:54:39 DEBUG _windows.py:213: Starting (proactor: <_IocpProactor overlapped#=0 result#=0>)...
2025-01-18 16:54:39 DEBUG _windows.py:192: Thread started
2025-01-18 16:54:39 WARNING event_listener.py:111: Komorebi failed to subscribe named pipe. Waiting for subscription...
2025-01-18 16:54:48 INFO log.py:21: Yasb v1.5.4
2025-01-18 16:54:48 DEBUG win32.py:58: Looking up time zone info from registry
2025-01-18 16:54:48 INFO weather.py:340: Fetched new weather data at 2025-01-18 16:54:48.688413
2025-01-18 16:54:48 DEBUG __init__.py:140: CoInitializeEx(None, 2)
2025-01-18 16:54:48 INFO app_bar.py:103: Bar Created on Screen: EA232WMi [Bar Height: 42px, DPI Scale: 1.0, Scale Screen: True, Screen Geometry: X: 0, Y: 0, Screen Width: 1920, Screen Height: 1080]
2025-01-18 16:54:48 INFO event_listener.py:52: Created named pipe yasb-2a16d42a-d5ac-11ef-ba31-58cdc9ee9bc0
2025-01-18 16:54:48 INFO event_listener.py:106: Waiting for Komorebi to subscribe to named pipe yasb-2a16d42a-d5ac-11ef-ba31-58cdc9ee9bc0
2025-01-18 16:54:48 INFO watcher.py:39: Created file watcher for path C:\Users\bilay\.config\yasb
2025-01-18 16:54:48 DEBUG _windows.py:213: Starting (proactor: <_IocpProactor overlapped#=0 result#=0>)...
2025-01-18 16:54:48 DEBUG _windows.py:192: Thread started
2025-01-18 16:54:48 WARNING event_listener.py:111: Komorebi failed to subscribe named pipe. Waiting for subscription...
2025-01-18 16:55:21 INFO log.py:21: Yasb v1.5.4
2025-01-18 16:55:21 DEBUG win32.py:58: Looking up time zone info from registry
2025-01-18 16:55:21 INFO weather.py:340: Fetched new weather data at 2025-01-18 16:55:21.441575
2025-01-18 16:55:21 DEBUG __init__.py:140: CoInitializeEx(None, 2)
2025-01-18 16:55:21 INFO app_bar.py:103: Bar Created on Screen: EA232WMi [Bar Height: 42px, DPI Scale: 1.0, Scale Screen: True, Screen Geometry: X: 0, Y: 0, Screen Width: 1920, Screen Height: 1080]
2025-01-18 16:55:21 INFO event_listener.py:52: Created named pipe yasb-3d9c3ebd-d5ac-11ef-925c-58cdc9ee9bc0
2025-01-18 16:55:21 INFO event_listener.py:106: Waiting for Komorebi to subscribe to named pipe yasb-3d9c3ebd-d5ac-11ef-925c-58cdc9ee9bc0
2025-01-18 16:55:21 INFO watcher.py:39: Created file watcher for path C:\Users\bilay\.config\yasb
2025-01-18 16:55:21 DEBUG _windows.py:213: Starting (proactor: <_IocpProactor overlapped#=0 result#=0>)...
2025-01-18 16:55:21 DEBUG _windows.py:192: Thread started
2025-01-18 16:55:21 WARNING event_listener.py:111: Komorebi failed to subscribe named pipe. Waiting for subscription...
2025-01-18 16:55:35 INFO log.py:21: Yasb v1.5.4
2025-01-18 16:55:35 DEBUG win32.py:58: Looking up time zone info from registry
2025-01-18 16:55:36 INFO weather.py:340: Fetched new weather data at 2025-01-18 16:55:36.021956
2025-01-18 16:55:36 DEBUG __init__.py:140: CoInitializeEx(None, 2)
2025-01-18 16:55:36 INFO app_bar.py:103: Bar Created on Screen: EA232WMi [Bar Height: 42px, DPI Scale: 1.0, Scale Screen: True, Screen Geometry: X: 0, Y: 0, Screen Width: 1920, Screen Height: 1080]
2025-01-18 16:55:36 INFO event_listener.py:52: Created named pipe yasb-464f6bf4-d5ac-11ef-a6d0-58cdc9ee9bc0
2025-01-18 16:55:36 INFO event_listener.py:106: Waiting for Komorebi to subscribe to named pipe yasb-464f6bf4-d5ac-11ef-a6d0-58cdc9ee9bc0
2025-01-18 16:55:36 INFO watcher.py:39: Created file watcher for path C:\Users\bilay\.config\yasb
2025-01-18 16:55:36 DEBUG _windows.py:213: Starting (proactor: <_IocpProactor overlapped#=0 result#=0>)...
2025-01-18 16:55:36 DEBUG _windows.py:192: Thread started
2025-01-18 16:55:36 WARNING event_listener.py:111: Komorebi failed to subscribe named pipe. Waiting for subscription...
2025-01-18 16:56:15 INFO log.py:21: Yasb v1.5.4
2025-01-18 16:56:15 DEBUG win32.py:58: Looking up time zone info from registry
2025-01-18 16:56:15 INFO weather.py:340: Fetched new weather data at 2025-01-18 16:56:15.619191
2025-01-18 16:56:15 DEBUG __init__.py:140: CoInitializeEx(None, 2)
2025-01-18 16:56:15 INFO app_bar.py:103: Bar Created on Screen: EA232WMi [Bar Height: 42px, DPI Scale: 1.0, Scale Screen: True, Screen Geometry: X: 0, Y: 0, Screen Width: 1920, Screen Height: 1080]
2025-01-18 16:56:15 INFO event_listener.py:52: Created named pipe yasb-5dea250b-d5ac-11ef-8dca-58cdc9ee9bc0
2025-01-18 16:56:15 INFO event_listener.py:106: Waiting for Komorebi to subscribe to named pipe yasb-5dea250b-d5ac-11ef-8dca-58cdc9ee9bc0
2025-01-18 16:56:15 INFO watcher.py:39: Created file watcher for path C:\Users\bilay\.config\yasb
2025-01-18 16:56:15 DEBUG _windows.py:213: Starting (proactor: <_IocpProactor overlapped#=0 result#=0>)...
2025-01-18 16:56:15 DEBUG _windows.py:192: Thread started
2025-01-18 16:56:15 WARNING event_listener.py:111: Komorebi failed to subscribe named pipe. Waiting for subscription...
2025-01-18 16:56:54 INFO log.py:21: Yasb v1.5.4
2025-01-18 16:56:54 DEBUG win32.py:58: Looking up time zone info from registry
2025-01-18 16:56:54 INFO weather.py:340: Fetched new weather data at 2025-01-18 16:56:54.780271
2025-01-18 16:56:54 DEBUG __init__.py:140: CoInitializeEx(None, 2)
2025-01-18 16:56:54 INFO app_bar.py:103: Bar Created on Screen: EA232WMi [Bar Height: 42px, DPI Scale: 1.0, Scale Screen: True, Screen Geometry: X: 0, Y: 0, Screen Width: 1920, Screen Height: 1080]
2025-01-18 16:56:54 INFO event_listener.py:52: Created named pipe yasb-753db280-d5ac-11ef-846f-58cdc9ee9bc0
2025-01-18 16:56:54 INFO event_listener.py:106: Waiting for Komorebi to subscribe to named pipe yasb-753db280-d5ac-11ef-846f-58cdc9ee9bc0
2025-01-18 16:56:55 INFO watcher.py:39: Created file watcher for path C:\Users\bilay\.config\yasb
2025-01-18 16:56:55 DEBUG _windows.py:213: Starting (proactor: <_IocpProactor overlapped#=0 result#=0>)...
2025-01-18 16:56:55 DEBUG _windows.py:192: Thread started
2025-01-18 16:56:55 WARNING event_listener.py:111: Komorebi failed to subscribe named pipe. Waiting for subscription...
2025-01-18 16:57:05 INFO log.py:21: Yasb v1.5.4
2025-01-18 16:57:05 DEBUG win32.py:58: Looking up time zone info from registry
2025-01-18 16:57:06 INFO weather.py:340: Fetched new weather data at 2025-01-18 16:57:06.032276
2025-01-18 16:57:06 DEBUG __init__.py:140: CoInitializeEx(None, 2)
2025-01-18 16:57:06 INFO app_bar.py:103: Bar Created on Screen: EA232WMi [Bar Height: 42px, DPI Scale: 1.0, Scale Screen: True, Screen Geometry: X: 0, Y: 0, Screen Width: 1920, Screen Height: 1080]
2025-01-18 16:57:06 INFO event_listener.py:52: Created named pipe yasb-7bf40e06-d5ac-11ef-a5d3-58cdc9ee9bc0
2025-01-18 16:57:06 INFO event_listener.py:106: Waiting for Komorebi to subscribe to named pipe yasb-7bf40e06-d5ac-11ef-a5d3-58cdc9ee9bc0
2025-01-18 16:57:06 INFO watcher.py:39: Created file watcher for path C:\Users\bilay\.config\yasb
2025-01-18 16:57:06 DEBUG _windows.py:213: Starting (proactor: <_IocpProactor overlapped#=0 result#=0>)...
2025-01-18 16:57:06 DEBUG _windows.py:192: Thread started
2025-01-18 16:57:06 WARNING event_listener.py:111: Komorebi failed to subscribe named pipe. Waiting for subscription...
2025-01-18 16:57:15 INFO log.py:21: Yasb v1.5.4
2025-01-18 16:57:15 DEBUG win32.py:58: Looking up time zone info from registry
2025-01-18 16:57:15 INFO weather.py:340: Fetched new weather data at 2025-01-18 16:57:15.697208
2025-01-18 16:57:15 DEBUG __init__.py:140: CoInitializeEx(None, 2)
2025-01-18 16:57:15 INFO app_bar.py:103: Bar Created on Screen: EA232WMi [Bar Height: 42px, DPI Scale: 1.0, Scale Screen: True, Screen Geometry: X: 0, Y: 0, Screen Width: 1920, Screen Height: 1080]
2025-01-18 16:57:15 INFO event_listener.py:52: Created named pipe yasb-81b5ff00-d5ac-11ef-84c7-58cdc9ee9bc0
2025-01-18 16:57:15 INFO event_listener.py:106: Waiting for Komorebi to subscribe to named pipe yasb-81b5ff00-d5ac-11ef-84c7-58cdc9ee9bc0
2025-01-18 16:57:15 INFO watcher.py:39: Created file watcher for path C:\Users\bilay\.config\yasb
2025-01-18 16:57:15 DEBUG _windows.py:213: Starting (proactor: <_IocpProactor overlapped#=0 result#=0>)...
2025-01-18 16:57:15 DEBUG _windows.py:192: Thread started
2025-01-18 16:57:15 WARNING event_listener.py:111: Komorebi failed to subscribe named pipe. Waiting for subscription...
2025-01-18 16:57:59 INFO log.py:21: Yasb v1.5.4
2025-01-18 16:57:59 DEBUG win32.py:58: Looking up time zone info from registry
2025-01-18 16:57:59 INFO weather.py:340: Fetched new weather data at 2025-01-18 16:57:59.941916
2025-01-18 16:57:59 DEBUG __init__.py:140: CoInitializeEx(None, 2)
2025-01-18 16:57:59 INFO app_bar.py:103: Bar Created on Screen: EA232WMi [Bar Height: 42px, DPI Scale: 1.0, Scale Screen: True, Screen Geometry: X: 0, Y: 0, Screen Width: 1920, Screen Height: 1080]
2025-01-18 16:58:00 INFO event_listener.py:52: Created named pipe yasb-9c15402c-d5ac-11ef-bcb3-58cdc9ee9bc0
2025-01-18 16:58:00 INFO event_listener.py:106: Waiting for Komorebi to subscribe to named pipe yasb-9c15402c-d5ac-11ef-bcb3-58cdc9ee9bc0
2025-01-18 16:58:00 INFO watcher.py:39: Created file watcher for path C:\Users\bilay\.config\yasb
2025-01-18 16:58:00 DEBUG _windows.py:213: Starting (proactor: <_IocpProactor overlapped#=0 result#=0>)...
2025-01-18 16:58:00 DEBUG _windows.py:192: Thread started
2025-01-18 16:58:00 WARNING event_listener.py:111: Komorebi failed to subscribe named pipe. Waiting for subscription...
2025-01-18 16:58:05 INFO log.py:21: Yasb v1.5.4
2025-01-18 16:58:05 DEBUG win32.py:58: Looking up time zone info from registry
2025-01-18 16:58:05 INFO weather.py:340: Fetched new weather data at 2025-01-18 16:58:05.248136
2025-01-18 16:58:05 DEBUG __init__.py:140: CoInitializeEx(None, 2)
2025-01-18 16:58:05 INFO app_bar.py:103: Bar Created on Screen: EA232WMi [Bar Height: 42px, DPI Scale: 1.0, Scale Screen: True, Screen Geometry: X: 0, Y: 0, Screen Width: 1920, Screen Height: 1080]
2025-01-18 16:58:05 INFO event_listener.py:52: Created named pipe yasb-9f3f29b5-d5ac-11ef-b08d-58cdc9ee9bc0
2025-01-18 16:58:05 INFO event_listener.py:106: Waiting for Komorebi to subscribe to named pipe yasb-9f3f29b5-d5ac-11ef-b08d-58cdc9ee9bc0
2025-01-18 16:58:05 INFO watcher.py:39: Created file watcher for path C:\Users\bilay\.config\yasb
2025-01-18 16:58:05 DEBUG _windows.py:213: Starting (proactor: <_IocpProactor overlapped#=0 result#=0>)...
2025-01-18 16:58:05 DEBUG _windows.py:192: Thread started
2025-01-18 16:58:05 WARNING event_listener.py:111: Komorebi failed to subscribe named pipe. Waiting for subscription...
2025-01-18 16:58:10 INFO log.py:21: Yasb v1.5.4
2025-01-18 16:58:10 DEBUG win32.py:58: Looking up time zone info from registry
2025-01-18 16:58:11 INFO weather.py:340: Fetched new weather data at 2025-01-18 16:58:11.042866
2025-01-18 16:58:11 DEBUG __init__.py:140: CoInitializeEx(None, 2)
2025-01-18 16:58:11 INFO app_bar.py:103: Bar Created on Screen: EA232WMi [Bar Height: 42px, DPI Scale: 1.0, Scale Screen: True, Screen Geometry: X: 0, Y: 0, Screen Width: 1920, Screen Height: 1080]
2025-01-18 16:58:11 INFO event_listener.py:52: Created named pipe yasb-a2b32239-d5ac-11ef-b1bf-58cdc9ee9bc0
2025-01-18 16:58:11 INFO event_listener.py:106: Waiting for Komorebi to subscribe to named pipe yasb-a2b32239-d5ac-11ef-b1bf-58cdc9ee9bc0
2025-01-18 16:58:11 INFO watcher.py:39: Created file watcher for path C:\Users\bilay\.config\yasb
2025-01-18 16:58:11 DEBUG _windows.py:213: Starting (proactor: <_IocpProactor overlapped#=0 result#=0>)...
2025-01-18 16:58:11 DEBUG _windows.py:192: Thread started
2025-01-18 16:58:11 WARNING event_listener.py:111: Komorebi failed to subscribe named pipe. Waiting for subscription...
2025-01-18 16:58:19 INFO log.py:21: Yasb v1.5.4
2025-01-18 16:58:19 DEBUG win32.py:58: Looking up time zone info from registry
2025-01-18 16:58:19 INFO weather.py:340: Fetched new weather data at 2025-01-18 16:58:19.250558
2025-01-18 16:58:19 DEBUG __init__.py:140: CoInitializeEx(None, 2)
2025-01-18 16:58:19 INFO app_bar.py:103: Bar Created on Screen: EA232WMi [Bar Height: 42px, DPI Scale: 1.0, Scale Screen: True, Screen Geometry: X: 0, Y: 0, Screen Width: 1920, Screen Height: 1080]
2025-01-18 16:58:19 INFO event_listener.py:52: Created named pipe yasb-a79721d6-d5ac-11ef-a1a0-58cdc9ee9bc0
2025-01-18 16:58:19 INFO event_listener.py:106: Waiting for Komorebi to subscribe to named pipe yasb-a79721d6-d5ac-11ef-a1a0-58cdc9ee9bc0
2025-01-18 16:58:19 INFO watcher.py:39: Created file watcher for path C:\Users\bilay\.config\yasb
2025-01-18 16:58:19 DEBUG _windows.py:213: Starting (proactor: <_IocpProactor overlapped#=0 result#=0>)...
2025-01-18 16:58:19 DEBUG _windows.py:192: Thread started
2025-01-18 16:58:19 WARNING event_listener.py:111: Komorebi failed to subscribe named pipe. Waiting for subscription...
2025-01-18 16:58:22 INFO log.py:21: Yasb v1.5.4
2025-01-18 16:58:22 DEBUG win32.py:58: Looking up time zone info from registry
2025-01-18 16:58:22 INFO weather.py:340: Fetched new weather data at 2025-01-18 16:58:22.896213
2025-01-18 16:58:22 DEBUG __init__.py:140: CoInitializeEx(None, 2)
2025-01-18 16:58:22 INFO app_bar.py:103: Bar Created on Screen: EA232WMi [Bar Height: 42px, DPI Scale: 1.0, Scale Screen: True, Screen Geometry: X: 0, Y: 0, Screen Width: 1920, Screen Height: 1080]
2025-01-18 16:58:23 INFO event_listener.py:52: Created named pipe yasb-a9c30c87-d5ac-11ef-bb12-58cdc9ee9bc0
2025-01-18 16:58:23 INFO event_listener.py:106: Waiting for Komorebi to subscribe to named pipe yasb-a9c30c87-d5ac-11ef-bb12-58cdc9ee9bc0
2025-01-18 16:58:23 INFO watcher.py:39: Created file watcher for path C:\Users\bilay\.config\yasb
2025-01-18 16:58:23 DEBUG _windows.py:213: Starting (proactor: <_IocpProactor overlapped#=0 result#=0>)...
2025-01-18 16:58:23 DEBUG _windows.py:192: Thread started
2025-01-18 16:58:23 WARNING event_listener.py:111: Komorebi failed to subscribe named pipe. Waiting for subscription...
2025-01-18 16:58:29 INFO log.py:21: Yasb v1.5.4
2025-01-18 16:58:29 DEBUG win32.py:58: Looking up time zone info from registry
2025-01-18 16:58:29 INFO weather.py:340: Fetched new weather data at 2025-01-18 16:58:29.443193
2025-01-18 16:58:29 DEBUG __init__.py:140: CoInitializeEx(None, 2)
2025-01-18 16:58:29 INFO app_bar.py:103: Bar Created on Screen: EA232WMi [Bar Height: 42px, DPI Scale: 1.0, Scale Screen: True, Screen Geometry: X: 0, Y: 0, Screen Width: 1920, Screen Height: 1080]
2025-01-18 16:58:29 INFO event_listener.py:52: Created named pipe yasb-adaa033d-d5ac-11ef-99ae-58cdc9ee9bc0
2025-01-18 16:58:29 INFO event_listener.py:106: Waiting for Komorebi to subscribe to named pipe yasb-adaa033d-d5ac-11ef-99ae-58cdc9ee9bc0
2025-01-18 16:58:29 INFO watcher.py:39: Created file watcher for path C:\Users\bilay\.config\yasb
2025-01-18 16:58:29 DEBUG _windows.py:213: Starting (proactor: <_IocpProactor overlapped#=0 result#=0>)...
2025-01-18 16:58:29 DEBUG _windows.py:192: Thread started
2025-01-18 16:58:29 WARNING event_listener.py:111: Komorebi failed to subscribe named pipe. Waiting for subscription...
2025-01-18 17:08:29 INFO weather.py:340: Fetched new weather data at 2025-01-18 17:08:29.439875
2025-01-18 17:18:29 INFO weather.py:340: Fetched new weather data at 2025-01-18 17:18:29.429724
2025-01-18 17:19:22 INFO log.py:21: Yasb v1.5.4
2025-01-18 17:19:22 DEBUG win32.py:58: Looking up time zone info from registry
2025-01-18 17:19:22 INFO weather.py:340: Fetched new weather data at 2025-01-18 17:19:22.491645
2025-01-18 17:19:22 DEBUG __init__.py:140: CoInitializeEx(None, 2)
2025-01-18 17:19:22 INFO app_bar.py:103: Bar Created on Screen: EA232WMi [Bar Height: 42px, DPI Scale: 1.0, Scale Screen: True, Screen Geometry: X: 0, Y: 0, Screen Width: 1920, Screen Height: 1080]
2025-01-18 17:19:22 INFO event_listener.py:52: Created named pipe yasb-988ae789-d5af-11ef-b54f-58cdc9ee9bc0
2025-01-18 17:19:22 INFO event_listener.py:106: Waiting for Komorebi to subscribe to named pipe yasb-988ae789-d5af-11ef-b54f-58cdc9ee9bc0
2025-01-18 17:19:22 INFO watcher.py:39: Created file watcher for path C:\Users\bilay\.config\yasb
2025-01-18 17:19:22 DEBUG _windows.py:213: Starting (proactor: <_IocpProactor overlapped#=0 result#=0>)...
2025-01-18 17:19:22 DEBUG _windows.py:192: Thread started
2025-01-18 17:19:22 INFO event_listener.py:118: Komorebi connected to named pipe: yasb-988ae789-d5af-11ef-b54f-58cdc9ee9bc0
2025-01-18 17:22:02 INFO log.py:21: Yasb v1.5.4
2025-01-18 17:22:02 DEBUG win32.py:58: Looking up time zone info from registry
2025-01-18 17:22:02 INFO weather.py:340: Fetched new weather data at 2025-01-18 17:22:02.342052
2025-01-18 17:22:02 DEBUG __init__.py:140: CoInitializeEx(None, 2)
2025-01-18 17:22:02 INFO app_bar.py:103: Bar Created on Screen: EA232WMi [Bar Height: 42px, DPI Scale: 1.0, Scale Screen: True, Screen Geometry: X: 0, Y: 0, Screen Width: 1920, Screen Height: 1080]
2025-01-18 17:22:02 INFO event_listener.py:52: Created named pipe yasb-f7d17f64-d5af-11ef-9e78-58cdc9ee9bc0
2025-01-18 17:22:02 INFO event_listener.py:106: Waiting for Komorebi to subscribe to named pipe yasb-f7d17f64-d5af-11ef-9e78-58cdc9ee9bc0
2025-01-18 17:22:02 INFO watcher.py:39: Created file watcher for path C:\Users\bilay\.config\yasb
2025-01-18 17:22:02 DEBUG _windows.py:213: Starting (proactor: <_IocpProactor overlapped#=0 result#=0>)...
2025-01-18 17:22:02 DEBUG _windows.py:192: Thread started
2025-01-18 17:22:02 INFO event_listener.py:118: Komorebi connected to named pipe: yasb-f7d17f64-d5af-11ef-9e78-58cdc9ee9bc0
2025-01-18 17:22:13 ERROR config.py:90: The config file 'C:\Users\bilay\.config\yasb\config.yaml' contains validation errors. Please fix:
bars:
- status-bar:
  - blur_effect:
    - round_corners:
      - must be of boolean type

2025-01-18 17:22:13 ERROR config.py:90: The config file 'C:\Users\bilay\.config\yasb\config.yaml' contains validation errors. Please fix:
bars:
- status-bar:
  - blur_effect:
    - round_corners:
      - must be of boolean type

2025-01-18 17:22:13 ERROR config.py:90: The config file 'C:\Users\bilay\.config\yasb\config.yaml' contains validation errors. Please fix:
bars:
- status-bar:
  - blur_effect:
    - round_corners:
      - must be of boolean type

2025-01-18 17:22:23 INFO log.py:21: Yasb v1.5.4
2025-01-18 17:22:23 DEBUG win32.py:58: Looking up time zone info from registry
2025-01-18 17:22:23 INFO weather.py:340: Fetched new weather data at 2025-01-18 17:22:23.388829
2025-01-18 17:22:23 DEBUG __init__.py:140: CoInitializeEx(None, 2)
2025-01-18 17:22:23 INFO app_bar.py:103: Bar Created on Screen: EA232WMi [Bar Height: 42px, DPI Scale: 1.0, Scale Screen: True, Screen Geometry: X: 0, Y: 0, Screen Width: 1920, Screen Height: 1080]
2025-01-18 17:22:23 INFO event_listener.py:52: Created named pipe yasb-045d4c61-d5b0-11ef-97fd-58cdc9ee9bc0
2025-01-18 17:22:23 INFO event_listener.py:106: Waiting for Komorebi to subscribe to named pipe yasb-045d4c61-d5b0-11ef-97fd-58cdc9ee9bc0
2025-01-18 17:22:23 INFO watcher.py:39: Created file watcher for path C:\Users\bilay\.config\yasb
2025-01-18 17:22:23 DEBUG _windows.py:213: Starting (proactor: <_IocpProactor overlapped#=0 result#=0>)...
2025-01-18 17:22:23 DEBUG _windows.py:192: Thread started
2025-01-18 17:22:23 INFO event_listener.py:118: Komorebi connected to named pipe: yasb-045d4c61-d5b0-11ef-97fd-58cdc9ee9bc0
2025-01-18 17:22:43 INFO bar_manager.py:46: Successfully loaded updated stylesheet and applied to all bars.
2025-01-18 17:23:03 INFO bar_manager.py:46: Successfully loaded updated stylesheet and applied to all bars.
2025-01-18 17:24:07 INFO bar_manager.py:46: Successfully loaded updated stylesheet and applied to all bars.
2025-01-18 17:24:19 INFO bar_manager.py:46: Successfully loaded updated stylesheet and applied to all bars.
2025-01-18 17:32:23 INFO weather.py:340: Fetched new weather data at 2025-01-18 17:32:23.394556
2025-01-18 17:36:06 INFO log.py:21: Yasb v1.5.4
2025-01-18 17:36:06 DEBUG win32.py:58: Looking up time zone info from registry
2025-01-18 17:36:06 INFO weather.py:340: Fetched new weather data at 2025-01-18 17:36:06.285876
2025-01-18 17:36:06 DEBUG __init__.py:140: CoInitializeEx(None, 2)
2025-01-18 17:36:06 INFO app_bar.py:103: Bar Created on Screen: EA232WMi [Bar Height: 42px, DPI Scale: 1.0, Scale Screen: True, Screen Geometry: X: 0, Y: 0, Screen Width: 1920, Screen Height: 1080]
2025-01-18 17:36:06 INFO event_listener.py:52: Created named pipe yasb-eed9cbf6-d5b1-11ef-beb6-58cdc9ee9bc0
2025-01-18 17:36:06 INFO event_listener.py:106: Waiting for Komorebi to subscribe to named pipe yasb-eed9cbf6-d5b1-11ef-beb6-58cdc9ee9bc0
2025-01-18 17:36:06 INFO watcher.py:39: Created file watcher for path C:\Users\bilay\.config\yasb
2025-01-18 17:36:06 DEBUG _windows.py:213: Starting (proactor: <_IocpProactor overlapped#=0 result#=0>)...
2025-01-18 17:36:06 DEBUG _windows.py:192: Thread started
2025-01-18 17:36:06 INFO event_listener.py:118: Komorebi connected to named pipe: yasb-eed9cbf6-d5b1-11ef-beb6-58cdc9ee9bc0
2025-01-18 17:36:15 INFO log.py:21: Yasb v1.5.4
2025-01-18 17:36:16 DEBUG win32.py:58: Looking up time zone info from registry
2025-01-18 17:36:16 INFO weather.py:340: Fetched new weather data at 2025-01-18 17:36:16.190827
2025-01-18 17:36:16 DEBUG __init__.py:140: CoInitializeEx(None, 2)
2025-01-18 17:36:16 INFO app_bar.py:103: Bar Created on Screen: EA232WMi [Bar Height: 42px, DPI Scale: 1.0, Scale Screen: True, Screen Geometry: X: 0, Y: 0, Screen Width: 1920, Screen Height: 1080]
2025-01-18 17:36:16 INFO event_listener.py:52: Created named pipe yasb-f4c33829-d5b1-11ef-93ef-58cdc9ee9bc0
2025-01-18 17:36:16 INFO event_listener.py:106: Waiting for Komorebi to subscribe to named pipe yasb-f4c33829-d5b1-11ef-93ef-58cdc9ee9bc0
2025-01-18 17:36:16 INFO watcher.py:39: Created file watcher for path C:\Users\bilay\.config\yasb
2025-01-18 17:36:16 DEBUG _windows.py:213: Starting (proactor: <_IocpProactor overlapped#=0 result#=0>)...
2025-01-18 17:36:16 DEBUG _windows.py:192: Thread started
2025-01-18 17:36:16 INFO event_listener.py:118: Komorebi connected to named pipe: yasb-f4c33829-d5b1-11ef-93ef-58cdc9ee9bc0
2025-01-18 17:37:23 INFO bar_manager.py:46: Successfully loaded updated stylesheet and applied to all bars.
2025-01-18 17:37:29 INFO bar_manager.py:46: Successfully loaded updated stylesheet and applied to all bars.
2025-01-18 17:37:34 ERROR errorhandler.py:105: Property: Invalid value for "CSS Level 2.1" property: o 4px 0 9px [125:5: padding]
2025-01-18 17:37:34 INFO bar_manager.py:46: Successfully loaded updated stylesheet and applied to all bars.
2025-01-18 17:37:34 ERROR errorhandler.py:105: Property: Invalid value for "CSS Level 2.1" property: o 4px 0 9px [125:5: padding]
2025-01-18 17:37:34 ERROR errorhandler.py:105: Property: Invalid value for "CSS Level 2.1" property: o 4px 0 9px [125:5: padding]
2025-01-18 17:39:35 INFO log.py:21: Yasb v1.5.4
2025-01-18 17:39:35 ERROR errorhandler.py:105: Property: Invalid value for "CSS Level 2.1" property: o 4px 0 9px [125:5: padding]
2025-01-18 17:39:36 DEBUG win32.py:58: Looking up time zone info from registry
2025-01-18 17:39:36 INFO weather.py:340: Fetched new weather data at 2025-01-18 17:39:36.152112
2025-01-18 17:39:36 DEBUG __init__.py:140: CoInitializeEx(None, 2)
2025-01-18 17:39:36 INFO app_bar.py:103: Bar Created on Screen: EA232WMi [Bar Height: 42px, DPI Scale: 1.0, Scale Screen: True, Screen Geometry: X: 0, Y: 0, Screen Width: 1920, Screen Height: 1080]
2025-01-18 17:39:36 INFO event_listener.py:52: Created named pipe yasb-6bf0f169-d5b2-11ef-8bb8-58cdc9ee9bc0
2025-01-18 17:39:36 INFO event_listener.py:106: Waiting for Komorebi to subscribe to named pipe yasb-6bf0f169-d5b2-11ef-8bb8-58cdc9ee9bc0
2025-01-18 17:39:36 INFO watcher.py:39: Created file watcher for path C:\Users\bilay\.config\yasb
2025-01-18 17:39:36 DEBUG _windows.py:213: Starting (proactor: <_IocpProactor overlapped#=0 result#=0>)...
2025-01-18 17:39:36 DEBUG _windows.py:192: Thread started
2025-01-18 17:39:36 INFO event_listener.py:118: Komorebi connected to named pipe: yasb-6bf0f169-d5b2-11ef-8bb8-58cdc9ee9bc0
2025-01-18 17:39:46 INFO log.py:21: Yasb v1.5.4
2025-01-18 17:39:46 ERROR errorhandler.py:105: Property: Invalid value for "CSS Level 2.1" property: o 4px 0 9px [125:5: padding]
2025-01-18 17:39:46 DEBUG win32.py:58: Looking up time zone info from registry
2025-01-18 17:39:46 INFO weather.py:340: Fetched new weather data at 2025-01-18 17:39:46.755015
2025-01-18 17:39:46 DEBUG __init__.py:140: CoInitializeEx(None, 2)
2025-01-18 17:39:46 INFO app_bar.py:103: Bar Created on Screen: EA232WMi [Bar Height: 42px, DPI Scale: 1.0, Scale Screen: True, Screen Geometry: X: 0, Y: 0, Screen Width: 1920, Screen Height: 1080]
2025-01-18 17:39:46 INFO event_listener.py:52: Created named pipe yasb-72421d22-d5b2-11ef-93e1-58cdc9ee9bc0
2025-01-18 17:39:46 INFO event_listener.py:106: Waiting for Komorebi to subscribe to named pipe yasb-72421d22-d5b2-11ef-93e1-58cdc9ee9bc0
2025-01-18 17:39:46 INFO watcher.py:39: Created file watcher for path C:\Users\bilay\.config\yasb
2025-01-18 17:39:46 DEBUG _windows.py:213: Starting (proactor: <_IocpProactor overlapped#=0 result#=0>)...
2025-01-18 17:39:46 DEBUG _windows.py:192: Thread started
2025-01-18 17:39:47 INFO event_listener.py:118: Komorebi connected to named pipe: yasb-72421d22-d5b2-11ef-93e1-58cdc9ee9bc0
2025-01-18 17:43:55 ERROR errorhandler.py:105: Property: Invalid value for "CSS Level 2.1" property: o 4px 0 9px [125:5: padding]
2025-01-18 17:44:30 INFO log.py:21: Yasb v1.5.4
2025-01-18 17:44:30 ERROR errorhandler.py:105: Property: Invalid value for "CSS Level 2.1" property: o 4px 0 9px [125:5: padding]
2025-01-18 17:44:30 DEBUG win32.py:58: Looking up time zone info from registry
2025-01-18 17:44:30 INFO weather.py:340: Fetched new weather data at 2025-01-18 17:44:30.414678
2025-01-18 17:44:30 DEBUG __init__.py:140: CoInitializeEx(None, 2)
2025-01-18 17:44:30 INFO app_bar.py:103: Bar Created on Screen: EA232WMi [Bar Height: 42px, DPI Scale: 1.0, Scale Screen: True, Screen Geometry: X: 0, Y: 0, Screen Width: 1920, Screen Height: 1080]
2025-01-18 17:44:30 INFO event_listener.py:52: Created named pipe yasb-1b5df659-d5b3-11ef-b50f-58cdc9ee9bc0
2025-01-18 17:44:30 INFO event_listener.py:106: Waiting for Komorebi to subscribe to named pipe yasb-1b5df659-d5b3-11ef-b50f-58cdc9ee9bc0
2025-01-18 17:44:30 INFO watcher.py:39: Created file watcher for path C:\Users\bilay\.config\yasb
2025-01-18 17:44:30 DEBUG _windows.py:213: Starting (proactor: <_IocpProactor overlapped#=0 result#=0>)...
2025-01-18 17:44:30 DEBUG _windows.py:192: Thread started
2025-01-18 17:44:30 INFO event_listener.py:118: Komorebi connected to named pipe: yasb-1b5df659-d5b3-11ef-b50f-58cdc9ee9bc0
2025-01-18 17:44:32 ERROR errorhandler.py:105: Property: Invalid value for "CSS Level 2.1" property: o 4px 0 9px [125:5: padding]
2025-01-18 17:44:32 ERROR errorhandler.py:105: Property: Invalid value for "CSS Level 2.1" property: o 4px 0 9px [125:5: padding]
2025-01-18 17:44:32 ERROR errorhandler.py:105: Property: Invalid value for "CSS Level 2.1" property: o 4px 0 9px [125:5: padding]
2025-01-18 17:44:33 ERROR errorhandler.py:105: Property: Invalid value for "CSS Level 2.1" property: o 4px 0 9px [125:5: padding]
2025-01-18 17:44:33 ERROR errorhandler.py:105: Property: Invalid value for "CSS Level 2.1" property: o 4px 0 9px [125:5: padding]
2025-01-18 17:44:33 ERROR errorhandler.py:105: Property: Invalid value for "CSS Level 2.1" property: o 4px 0 9px [125:5: padding]
2025-01-18 17:44:33 ERROR errorhandler.py:105: Property: Invalid value for "CSS Level 2.1" property: o 4px 0 9px [125:5: padding]
2025-01-18 17:44:33 ERROR errorhandler.py:105: Property: Invalid value for "CSS Level 2.1" property: o 4px 0 9px [125:5: padding]
2025-01-18 17:44:45 ERROR errorhandler.py:105: Property: Invalid value for "CSS Level 2.1" property: o 4px 0 9px [125:5: padding]
2025-01-18 17:44:46 ERROR errorhandler.py:105: Property: Invalid value for "CSS Level 2.1" property: o 4px 0 9px [125:5: padding]
2025-01-18 17:44:46 ERROR errorhandler.py:105: Property: Invalid value for "CSS Level 2.1" property: o 4px 0 9px [125:5: padding]
2025-01-18 17:44:46 ERROR errorhandler.py:105: Property: Invalid value for "CSS Level 2.1" property: o 4px 0 9px [125:5: padding]
2025-01-18 17:44:46 ERROR errorhandler.py:105: Property: Invalid value for "CSS Level 2.1" property: o 4px 0 9px [125:5: padding]
2025-01-18 17:44:46 ERROR errorhandler.py:105: Property: Invalid value for "CSS Level 2.1" property: o 4px 0 9px [125:5: padding]
2025-01-18 17:44:46 ERROR errorhandler.py:105: Property: Invalid value for "CSS Level 2.1" property: o 4px 0 9px [125:5: padding]
2025-01-18 17:44:46 ERROR errorhandler.py:105: Property: Invalid value for "CSS Level 2.1" property: o 4px 0 9px [125:5: padding]
2025-01-18 17:44:46 ERROR errorhandler.py:105: Property: Invalid value for "CSS Level 2.1" property: o 4px 0 9px [125:5: padding]
2025-01-18 17:44:46 ERROR errorhandler.py:105: Property: Invalid value for "CSS Level 2.1" property: o 4px 0 9px [125:5: padding]
2025-01-18 17:44:47 ERROR errorhandler.py:105: Property: Invalid value for "CSS Level 2.1" property: o 4px 0 9px [125:5: padding]
2025-01-18 17:44:47 ERROR errorhandler.py:105: Property: Invalid value for "CSS Level 2.1" property: o 4px 0 9px [125:5: padding]
2025-01-18 17:44:47 ERROR errorhandler.py:105: Property: Invalid value for "CSS Level 2.1" property: o 4px 0 9px [125:5: padding]
2025-01-18 17:44:47 ERROR errorhandler.py:105: Property: Invalid value for "CSS Level 2.1" property: o 4px 0 9px [125:5: padding]
2025-01-18 17:44:47 ERROR errorhandler.py:105: Property: Invalid value for "CSS Level 2.1" property: o 4px 0 9px [125:5: padding]
2025-01-18 17:44:47 ERROR errorhandler.py:105: Property: Invalid value for "CSS Level 2.1" property: o 4px 0 9px [125:5: padding]
2025-01-18 17:44:59 INFO log.py:21: Yasb v1.5.4
2025-01-18 17:44:59 ERROR errorhandler.py:105: Property: Invalid value for "CSS Level 2.1" property: o 4px 0 9px [125:5: padding]
2025-01-18 17:44:59 DEBUG win32.py:58: Looking up time zone info from registry
2025-01-18 17:44:59 INFO weather.py:340: Fetched new weather data at 2025-01-18 17:44:59.284126
2025-01-18 17:44:59 DEBUG __init__.py:140: CoInitializeEx(None, 2)
2025-01-18 17:44:59 INFO app_bar.py:103: Bar Created on Screen: EA232WMi [Bar Height: 42px, DPI Scale: 1.0, Scale Screen: True, Screen Geometry: X: 0, Y: 0, Screen Width: 1920, Screen Height: 1080]
2025-01-18 17:44:59 INFO event_listener.py:52: Created named pipe yasb-2c919dfc-d5b3-11ef-a8e5-58cdc9ee9bc0
2025-01-18 17:44:59 INFO event_listener.py:106: Waiting for Komorebi to subscribe to named pipe yasb-2c919dfc-d5b3-11ef-a8e5-58cdc9ee9bc0
2025-01-18 17:44:59 INFO watcher.py:39: Created file watcher for path C:\Users\bilay\.config\yasb
2025-01-18 17:44:59 DEBUG _windows.py:213: Starting (proactor: <_IocpProactor overlapped#=0 result#=0>)...
2025-01-18 17:44:59 DEBUG _windows.py:192: Thread started
2025-01-18 17:44:59 INFO event_listener.py:118: Komorebi connected to named pipe: yasb-2c919dfc-d5b3-11ef-a8e5-58cdc9ee9bc0
2025-01-18 17:45:00 ERROR errorhandler.py:105: Property: Invalid value for "CSS Level 2.1" property: o 4px 0 9px [125:5: padding]
2025-01-18 17:45:01 ERROR errorhandler.py:105: Property: Invalid value for "CSS Level 2.1" property: o 4px 0 9px [125:5: padding]
2025-01-18 17:45:01 ERROR errorhandler.py:105: Property: Invalid value for "CSS Level 2.1" property: o 4px 0 9px [125:5: padding]
2025-01-18 17:45:01 ERROR errorhandler.py:105: Property: Invalid value for "CSS Level 2.1" property: o 4px 0 9px [125:5: padding]
2025-01-18 17:45:01 ERROR errorhandler.py:105: Property: Invalid value for "CSS Level 2.1" property: o 4px 0 9px [125:5: padding]
2025-01-18 17:45:02 ERROR errorhandler.py:105: Property: Invalid value for "CSS Level 2.1" property: o 4px 0 9px [125:5: padding]
2025-01-18 17:45:02 ERROR errorhandler.py:105: Property: Invalid value for "CSS Level 2.1" property: o 4px 0 9px [125:5: padding]
2025-01-18 17:45:02 ERROR errorhandler.py:105: Property: Invalid value for "CSS Level 2.1" property: o 4px 0 9px [125:5: padding]
2025-01-18 17:45:08 ERROR errorhandler.py:105: Property: Invalid value for "CSS Level 2.1" property: o 4px 0 9px [125:5: padding]
2025-01-18 17:45:08 ERROR errorhandler.py:105: Property: Invalid value for "CSS Level 2.1" property: o 4px 0 9px [125:5: padding]
2025-01-18 17:45:09 ERROR errorhandler.py:105: Property: Invalid value for "CSS Level 2.1" property: o 4px 0 9px [125:5: padding]
2025-01-18 17:45:09 ERROR errorhandler.py:105: Property: Invalid value for "CSS Level 2.1" property: o 4px 0 9px [125:5: padding]
2025-01-18 17:45:09 ERROR errorhandler.py:105: Property: Invalid value for "CSS Level 2.1" property: o 4px 0 9px [125:5: padding]
2025-01-18 17:45:09 ERROR errorhandler.py:105: Property: Invalid value for "CSS Level 2.1" property: o 4px 0 9px [125:5: padding]
2025-01-18 17:45:09 ERROR errorhandler.py:105: Property: Invalid value for "CSS Level 2.1" property: o 4px 0 9px [125:5: padding]
2025-01-18 17:45:09 ERROR errorhandler.py:105: Property: Invalid value for "CSS Level 2.1" property: o 4px 0 9px [125:5: padding]
2025-01-18 17:45:09 ERROR errorhandler.py:105: Property: Invalid value for "CSS Level 2.1" property: o 4px 0 9px [125:5: padding]
2025-01-18 17:45:09 ERROR errorhandler.py:105: Property: Invalid value for "CSS Level 2.1" property: o 4px 0 9px [125:5: padding]
2025-01-18 17:45:10 ERROR errorhandler.py:105: Property: Invalid value for "CSS Level 2.1" property: o 4px 0 9px [125:5: padding]
2025-01-18 17:45:10 ERROR errorhandler.py:105: Property: Invalid value for "CSS Level 2.1" property: o 4px 0 9px [125:5: padding]
2025-01-18 17:45:10 ERROR errorhandler.py:105: Property: Invalid value for "CSS Level 2.1" property: o 4px 0 9px [125:5: padding]
2025-01-18 17:45:12 ERROR errorhandler.py:105: Property: Invalid value for "CSS Level 2.1" property: o 4px 0 9px [125:5: padding]
2025-01-18 17:45:12 ERROR errorhandler.py:105: Property: Invalid value for "CSS Level 2.1" property: o 4px 0 9px [125:5: padding]
2025-01-18 17:45:12 ERROR errorhandler.py:105: Property: Invalid value for "CSS Level 2.1" property: o 4px 0 9px [125:5: padding]
2025-01-18 17:45:13 ERROR errorhandler.py:105: Property: Invalid value for "CSS Level 2.1" property: o 4px 0 9px [125:5: padding]
2025-01-18 17:45:13 ERROR errorhandler.py:105: Property: Invalid value for "CSS Level 2.1" property: o 4px 0 9px [125:5: padding]
2025-01-18 17:45:13 ERROR errorhandler.py:105: Property: Invalid value for "CSS Level 2.1" property: o 4px 0 9px [125:5: padding]
2025-01-18 17:45:13 ERROR errorhandler.py:105: Property: Invalid value for "CSS Level 2.1" property: o 4px 0 9px [125:5: padding]
2025-01-18 17:45:13 ERROR errorhandler.py:105: Property: Invalid value for "CSS Level 2.1" property: o 4px 0 9px [125:5: padding]
2025-01-18 17:45:13 ERROR errorhandler.py:105: Property: Invalid value for "CSS Level 2.1" property: o 4px 0 9px [125:5: padding]
2025-01-18 17:45:13 ERROR errorhandler.py:105: Property: Invalid value for "CSS Level 2.1" property: o 4px 0 9px [125:5: padding]
2025-01-18 17:45:14 ERROR errorhandler.py:105: Property: Invalid value for "CSS Level 2.1" property: o 4px 0 9px [125:5: padding]
2025-01-18 17:45:14 ERROR errorhandler.py:105: Property: Invalid value for "CSS Level 2.1" property: o 4px 0 9px [125:5: padding]
2025-01-18 17:45:14 ERROR errorhandler.py:105: Property: Invalid value for "CSS Level 2.1" property: o 4px 0 9px [125:5: padding]
2025-01-18 17:45:14 ERROR errorhandler.py:105: Property: Invalid value for "CSS Level 2.1" property: o 4px 0 9px [125:5: padding]
2025-01-18 17:45:15 ERROR errorhandler.py:105: Property: Invalid value for "CSS Level 2.1" property: o 4px 0 9px [125:5: padding]
2025-01-18 17:45:16 ERROR errorhandler.py:105: Property: Invalid value for "CSS Level 2.1" property: o 4px 0 9px [125:5: padding]
2025-01-18 17:45:16 ERROR errorhandler.py:105: Property: Invalid value for "CSS Level 2.1" property: o 4px 0 9px [125:5: padding]
2025-01-18 17:45:16 ERROR errorhandler.py:105: Property: Invalid value for "CSS Level 2.1" property: o 4px 0 9px [125:5: padding]
2025-01-18 17:45:16 ERROR errorhandler.py:105: Property: Invalid value for "CSS Level 2.1" property: o 4px 0 9px [125:5: padding]
2025-01-18 17:45:16 ERROR errorhandler.py:105: Property: Invalid value for "CSS Level 2.1" property: o 4px 0 9px [125:5: padding]
2025-01-18 17:45:16 ERROR errorhandler.py:105: Property: Invalid value for "CSS Level 2.1" property: o 4px 0 9px [125:5: padding]
2025-01-18 17:45:16 ERROR errorhandler.py:105: Property: Invalid value for "CSS Level 2.1" property: o 4px 0 9px [125:5: padding]
2025-01-18 17:45:16 ERROR errorhandler.py:105: Property: Invalid value for "CSS Level 2.1" property: o 4px 0 9px [125:5: padding]
2025-01-18 17:45:17 ERROR errorhandler.py:105: Property: Invalid value for "CSS Level 2.1" property: o 4px 0 9px [125:5: padding]
2025-01-18 17:45:17 ERROR errorhandler.py:105: Property: Invalid value for "CSS Level 2.1" property: o 4px 0 9px [125:5: padding]
2025-01-18 17:45:17 ERROR errorhandler.py:105: Property: Invalid value for "CSS Level 2.1" property: o 4px 0 9px [125:5: padding]
2025-01-18 17:45:17 ERROR errorhandler.py:105: Property: Invalid value for "CSS Level 2.1" property: o 4px 0 9px [125:5: padding]
2025-01-18 17:45:17 ERROR errorhandler.py:105: Property: Invalid value for "CSS Level 2.1" property: o 4px 0 9px [125:5: padding]
2025-01-18 17:45:17 ERROR errorhandler.py:105: Property: Invalid value for "CSS Level 2.1" property: o 4px 0 9px [125:5: padding]
2025-01-18 17:45:17 ERROR errorhandler.py:105: Property: Invalid value for "CSS Level 2.1" property: o 4px 0 9px [125:5: padding]
2025-01-18 17:45:17 ERROR errorhandler.py:105: Property: Invalid value for "CSS Level 2.1" property: o 4px 0 9px [125:5: padding]
2025-01-18 17:45:18 ERROR errorhandler.py:105: Property: Invalid value for "CSS Level 2.1" property: o 4px 0 9px [125:5: padding]
2025-01-18 17:45:18 ERROR errorhandler.py:105: Property: Invalid value for "CSS Level 2.1" property: o 4px 0 9px [125:5: padding]
2025-01-18 17:45:18 ERROR errorhandler.py:105: Property: Invalid value for "CSS Level 2.1" property: o 4px 0 9px [125:5: padding]
2025-01-18 17:45:18 ERROR errorhandler.py:105: Property: Invalid value for "CSS Level 2.1" property: o 4px 0 9px [125:5: padding]
2025-01-18 17:45:19 ERROR errorhandler.py:105: Property: Invalid value for "CSS Level 2.1" property: o 4px 0 9px [125:5: padding]
2025-01-18 17:45:19 ERROR errorhandler.py:105: Property: Invalid value for "CSS Level 2.1" property: o 4px 0 9px [125:5: padding]
2025-01-18 17:45:19 ERROR errorhandler.py:105: Property: Invalid value for "CSS Level 2.1" property: o 4px 0 9px [125:5: padding]
2025-01-18 17:45:19 ERROR errorhandler.py:105: Property: Invalid value for "CSS Level 2.1" property: o 4px 0 9px [125:5: padding]
2025-01-18 17:45:19 ERROR errorhandler.py:105: Property: Invalid value for "CSS Level 2.1" property: o 4px 0 9px [125:5: padding]
2025-01-18 17:45:20 ERROR errorhandler.py:105: Property: Invalid value for "CSS Level 2.1" property: o 4px 0 9px [125:5: padding]
2025-01-18 17:45:20 ERROR errorhandler.py:105: Property: Invalid value for "CSS Level 2.1" property: o 4px 0 9px [125:5: padding]
2025-01-18 17:45:21 ERROR errorhandler.py:105: Property: Invalid value for "CSS Level 2.1" property: o 4px 0 9px [125:5: padding]
2025-01-18 17:45:21 ERROR errorhandler.py:105: Property: Invalid value for "CSS Level 2.1" property: o 4px 0 9px [125:5: padding]
2025-01-18 17:45:21 ERROR errorhandler.py:105: Property: Invalid value for "CSS Level 2.1" property: o 4px 0 9px [125:5: padding]
2025-01-18 17:45:21 ERROR errorhandler.py:105: Property: Invalid value for "CSS Level 2.1" property: o 4px 0 9px [125:5: padding]
2025-01-18 17:45:21 ERROR errorhandler.py:105: Property: Invalid value for "CSS Level 2.1" property: o 4px 0 9px [125:5: padding]
2025-01-18 17:45:21 ERROR errorhandler.py:105: Property: Invalid value for "CSS Level 2.1" property: o 4px 0 9px [125:5: padding]
2025-01-18 17:45:21 ERROR errorhandler.py:105: Property: Invalid value for "CSS Level 2.1" property: o 4px 0 9px [125:5: padding]
2025-01-18 17:45:23 ERROR errorhandler.py:105: Property: Invalid value for "CSS Level 2.1" property: o 4px 0 9px [125:5: padding]
2025-01-18 17:45:23 ERROR errorhandler.py:105: Property: Invalid value for "CSS Level 2.1" property: o 4px 0 9px [125:5: padding]
2025-01-18 17:45:23 ERROR errorhandler.py:105: Property: Invalid value for "CSS Level 2.1" property: o 4px 0 9px [125:5: padding]
2025-01-18 17:45:23 ERROR errorhandler.py:105: Property: Invalid value for "CSS Level 2.1" property: o 4px 0 9px [125:5: padding]
2025-01-18 17:45:23 ERROR errorhandler.py:105: Property: Invalid value for "CSS Level 2.1" property: o 4px 0 9px [125:5: padding]
2025-01-18 17:45:23 ERROR errorhandler.py:105: Property: Invalid value for "CSS Level 2.1" property: o 4px 0 9px [125:5: padding]
2025-01-18 17:45:24 ERROR errorhandler.py:105: Property: Invalid value for "CSS Level 2.1" property: o 4px 0 9px [125:5: padding]
2025-01-18 17:45:24 ERROR errorhandler.py:105: Property: Invalid value for "CSS Level 2.1" property: o 4px 0 9px [125:5: padding]
2025-01-18 17:45:24 ERROR errorhandler.py:105: Property: Invalid value for "CSS Level 2.1" property: o 4px 0 9px [125:5: padding]
2025-01-18 17:45:24 ERROR errorhandler.py:105: Property: Invalid value for "CSS Level 2.1" property: o 4px 0 9px [125:5: padding]
2025-01-18 17:45:24 ERROR errorhandler.py:105: Property: Invalid value for "CSS Level 2.1" property: o 4px 0 9px [125:5: padding]
2025-01-18 17:45:25 ERROR errorhandler.py:105: Property: Invalid value for "CSS Level 2.1" property: o 4px 0 9px [125:5: padding]
2025-01-18 17:45:25 ERROR errorhandler.py:105: Property: Invalid value for "CSS Level 2.1" property: o 4px 0 9px [125:5: padding]
2025-01-18 17:45:25 ERROR errorhandler.py:105: Property: Invalid value for "CSS Level 2.1" property: o 4px 0 9px [125:5: padding]
2025-01-18 17:45:26 ERROR errorhandler.py:105: Property: Invalid value for "CSS Level 2.1" property: o 4px 0 9px [125:5: padding]
2025-01-18 17:45:26 ERROR errorhandler.py:105: Property: Invalid value for "CSS Level 2.1" property: o 4px 0 9px [125:5: padding]
2025-01-18 17:45:26 ERROR errorhandler.py:105: Property: Invalid value for "CSS Level 2.1" property: o 4px 0 9px [125:5: padding]
2025-01-18 17:45:27 ERROR errorhandler.py:105: Property: Invalid value for "CSS Level 2.1" property: o 4px 0 9px [125:5: padding]
2025-01-18 17:45:27 ERROR errorhandler.py:105: Property: Invalid value for "CSS Level 2.1" property: o 4px 0 9px [125:5: padding]
2025-01-18 17:45:56 INFO log.py:21: Yasb v1.5.4
2025-01-18 17:45:56 ERROR errorhandler.py:105: Property: Invalid value for "CSS Level 2.1" property: o 4px 0 9px [125:5: padding]
2025-01-18 17:45:56 DEBUG win32.py:58: Looking up time zone info from registry
2025-01-18 17:45:57 INFO weather.py:340: Fetched new weather data at 2025-01-18 17:45:57.130712
2025-01-18 17:45:57 DEBUG __init__.py:140: CoInitializeEx(None, 2)
2025-01-18 17:45:57 INFO app_bar.py:103: Bar Created on Screen: EA232WMi [Bar Height: 42px, DPI Scale: 1.0, Scale Screen: True, Screen Geometry: X: 0, Y: 0, Screen Width: 1920, Screen Height: 1080]
2025-01-18 17:45:57 INFO event_listener.py:52: Created named pipe yasb-4f0b9e27-d5b3-11ef-b76d-58cdc9ee9bc0
2025-01-18 17:45:57 INFO event_listener.py:106: Waiting for Komorebi to subscribe to named pipe yasb-4f0b9e27-d5b3-11ef-b76d-58cdc9ee9bc0
2025-01-18 17:45:57 INFO watcher.py:39: Created file watcher for path C:\Users\bilay\.config\yasb
2025-01-18 17:45:57 DEBUG _windows.py:213: Starting (proactor: <_IocpProactor overlapped#=0 result#=0>)...
2025-01-18 17:45:57 DEBUG _windows.py:192: Thread started
2025-01-18 17:45:57 INFO event_listener.py:118: Komorebi connected to named pipe: yasb-4f0b9e27-d5b3-11ef-b76d-58cdc9ee9bc0
2025-01-18 17:45:58 ERROR errorhandler.py:105: Property: Invalid value for "CSS Level 2.1" property: o 4px 0 9px [125:5: padding]
2025-01-18 17:45:59 ERROR errorhandler.py:105: Property: Invalid value for "CSS Level 2.1" property: o 4px 0 9px [125:5: padding]
2025-01-18 17:45:59 ERROR errorhandler.py:105: Property: Invalid value for "CSS Level 2.1" property: o 4px 0 9px [125:5: padding]
2025-01-18 17:45:59 ERROR errorhandler.py:105: Property: Invalid value for "CSS Level 2.1" property: o 4px 0 9px [125:5: padding]
2025-01-18 17:46:00 ERROR errorhandler.py:105: Property: Invalid value for "CSS Level 2.1" property: o 4px 0 9px [125:5: padding]
2025-01-18 17:46:00 ERROR errorhandler.py:105: Property: Invalid value for "CSS Level 2.1" property: o 4px 0 9px [125:5: padding]
2025-01-18 17:46:00 ERROR errorhandler.py:105: Property: Invalid value for "CSS Level 2.1" property: o 4px 0 9px [125:5: padding]
2025-01-18 17:46:00 ERROR errorhandler.py:105: Property: Invalid value for "CSS Level 2.1" property: o 4px 0 9px [125:5: padding]
2025-01-18 17:46:00 ERROR errorhandler.py:105: Property: Invalid value for "CSS Level 2.1" property: o 4px 0 9px [125:5: padding]
2025-01-18 17:46:01 ERROR errorhandler.py:105: Property: Invalid value for "CSS Level 2.1" property: o 4px 0 9px [125:5: padding]
2025-01-18 17:46:12 INFO log.py:21: Yasb v1.5.4
2025-01-18 17:46:12 ERROR errorhandler.py:105: Property: Invalid value for "CSS Level 2.1" property: o 4px 0 9px [125:5: padding]
2025-01-18 17:46:12 DEBUG win32.py:58: Looking up time zone info from registry
2025-01-18 17:46:12 INFO weather.py:340: Fetched new weather data at 2025-01-18 17:46:12.437503
2025-01-18 17:46:12 DEBUG __init__.py:140: CoInitializeEx(None, 2)
2025-01-18 17:46:12 INFO app_bar.py:103: Bar Created on Screen: EA232WMi [Bar Height: 42px, DPI Scale: 1.0, Scale Screen: True, Screen Geometry: X: 0, Y: 0, Screen Width: 1920, Screen Height: 1080]
2025-01-18 17:46:12 INFO event_listener.py:52: Created named pipe yasb-5824d3d5-d5b3-11ef-bb91-58cdc9ee9bc0
2025-01-18 17:46:12 INFO event_listener.py:106: Waiting for Komorebi to subscribe to named pipe yasb-5824d3d5-d5b3-11ef-bb91-58cdc9ee9bc0
2025-01-18 17:46:12 INFO watcher.py:39: Created file watcher for path C:\Users\bilay\.config\yasb
2025-01-18 17:46:12 DEBUG _windows.py:213: Starting (proactor: <_IocpProactor overlapped#=0 result#=0>)...
2025-01-18 17:46:12 DEBUG _windows.py:192: Thread started
2025-01-18 17:46:12 INFO event_listener.py:118: Komorebi connected to named pipe: yasb-5824d3d5-d5b3-11ef-bb91-58cdc9ee9bc0
2025-01-18 17:46:14 ERROR errorhandler.py:105: Property: Invalid value for "CSS Level 2.1" property: o 4px 0 9px [125:5: padding]
2025-01-18 17:46:15 ERROR errorhandler.py:105: Property: Invalid value for "CSS Level 2.1" property: o 4px 0 9px [125:5: padding]
2025-01-18 17:46:15 ERROR errorhandler.py:105: Property: Invalid value for "CSS Level 2.1" property: o 4px 0 9px [125:5: padding]
2025-01-18 17:46:15 ERROR errorhandler.py:105: Property: Invalid value for "CSS Level 2.1" property: o 4px 0 9px [125:5: padding]
2025-01-18 17:46:16 ERROR errorhandler.py:105: Property: Invalid value for "CSS Level 2.1" property: o 4px 0 9px [125:5: padding]
2025-01-18 17:46:16 ERROR errorhandler.py:105: Property: Invalid value for "CSS Level 2.1" property: o 4px 0 9px [125:5: padding]
2025-01-18 17:46:16 ERROR errorhandler.py:105: Property: Invalid value for "CSS Level 2.1" property: o 4px 0 9px [125:5: padding]
2025-01-18 17:46:16 ERROR errorhandler.py:105: Property: Invalid value for "CSS Level 2.1" property: o 4px 0 9px [125:5: padding]
2025-01-18 17:46:16 ERROR errorhandler.py:105: Property: Invalid value for "CSS Level 2.1" property: o 4px 0 9px [125:5: padding]
2025-01-18 17:47:43 ERROR errorhandler.py:105: Property: Invalid value for "CSS Level 2.1" property: o 4px 0 9px [125:5: padding]
2025-01-18 17:47:43 ERROR config.py:116: The file 'C:\Users\bilay\.config\yasb\styles.css' contains Syntax Error(s). Please fix:
No content to parse.
2025-01-18 17:47:43 ERROR errorhandler.py:105: Property: Invalid value for "CSS Level 2.1" property: o 4px 0 9px [125:5: padding]
2025-01-18 17:47:43 ERROR config.py:116: The file 'C:\Users\bilay\.config\yasb\styles.css' contains Syntax Error(s). Please fix:
No content to parse.
2025-01-18 17:48:00 ERROR errorhandler.py:105: Property: Invalid value for "CSS Level 2.1" property: o 4px 0 9px [125:5: padding]
2025-01-18 17:48:00 INFO bar_manager.py:46: Successfully loaded updated stylesheet and applied to all bars.
2025-01-18 17:48:00 ERROR errorhandler.py:105: Property: Invalid value for "CSS Level 2.1" property: o 4px 0 9px [125:5: padding]
2025-01-18 17:49:27 ERROR errorhandler.py:105: Property: Invalid value for "CSS Level 2.1" property: o 4px 0 9px [125:5: padding]
2025-01-18 17:49:27 INFO bar_manager.py:46: Successfully loaded updated stylesheet and applied to all bars.
2025-01-18 17:49:27 ERROR errorhandler.py:105: Property: Invalid value for "CSS Level 2.1" property: o 4px 0 9px [125:5: padding]
2025-01-18 17:49:27 ERROR errorhandler.py:105: Property: Invalid value for "CSS Level 2.1" property: o 4px 0 9px [125:5: padding]
2025-01-18 17:50:09 ERROR errorhandler.py:105: Property: Invalid value for "CSS Level 2.1" property: o 4px 0 9px [125:5: padding]
2025-01-18 17:50:09 ERROR errorhandler.py:105: Property: Invalid value for "CSS Level 2.1" property: o 4px 0 9px [125:5: padding]
2025-01-18 17:50:09 ERROR errorhandler.py:105: Property: Invalid value for "CSS Level 2.1" property: o 4px 0 9px [125:5: padding]
2025-01-18 17:50:45 ERROR errorhandler.py:105: Property: Invalid value for "CSS Level 2.1" property: o 4px 0 9px [125:5: padding]
2025-01-18 17:50:45 ERROR errorhandler.py:105: Property: Invalid value for "CSS Level 2.1" property: o 4px 0 9px [125:5: padding]
2025-01-18 17:50:58 ERROR errorhandler.py:105: Property: Invalid value for "CSS Level 2.1" property: o 4px 0 9px [125:5: padding]
2025-01-18 17:50:58 ERROR errorhandler.py:105: Property: Invalid value for "CSS Level 2.1" property: o 4px 0 9px [125:5: padding]
2025-01-18 17:51:25 ERROR errorhandler.py:105: Property: Invalid value for "CSS Level 2.1" property: o 4px 0 9px [125:5: padding]
2025-01-18 17:51:25 INFO bar_manager.py:46: Successfully loaded updated stylesheet and applied to all bars.
2025-01-18 17:51:25 ERROR errorhandler.py:105: Property: Invalid value for "CSS Level 2.1" property: o 4px 0 9px [125:5: padding]
2025-01-18 17:51:25 ERROR errorhandler.py:105: Property: Invalid value for "CSS Level 2.1" property: o 4px 0 9px [125:5: padding]
2025-01-18 17:51:26 ERROR errorhandler.py:105: Property: Invalid value for "CSS Level 2.1" property: o 4px 0 9px [125:5: padding]
2025-01-18 17:51:26 ERROR errorhandler.py:105: Property: Invalid value for "CSS Level 2.1" property: o 4px 0 9px [125:5: padding]
2025-01-18 17:51:44 INFO bar_manager.py:46: Successfully loaded updated stylesheet and applied to all bars.
2025-01-18 17:53:22 INFO bar_manager.py:46: Successfully loaded updated stylesheet and applied to all bars.
2025-01-18 17:53:33 INFO bar_manager.py:46: Successfully loaded updated stylesheet and applied to all bars.
2025-01-18 17:54:16 INFO bar_manager.py:46: Successfully loaded updated stylesheet and applied to all bars.
2025-01-18 17:54:38 INFO bar_manager.py:46: Successfully loaded updated stylesheet and applied to all bars.
2025-01-18 17:55:31 INFO bar_manager.py:46: Successfully loaded updated stylesheet and applied to all bars.
2025-01-18 17:55:58 INFO bar_manager.py:46: Successfully loaded updated stylesheet and applied to all bars.
2025-01-18 17:56:04 INFO bar_manager.py:46: Successfully loaded updated stylesheet and applied to all bars.
2025-01-18 17:56:12 INFO weather.py:340: Fetched new weather data at 2025-01-18 17:56:12.429266
2025-01-18 17:57:07 INFO log.py:21: Yasb v1.5.4
2025-01-18 17:57:07 DEBUG win32.py:58: Looking up time zone info from registry
2025-01-18 17:57:07 INFO weather.py:340: Fetched new weather data at 2025-01-18 17:57:07.680197
2025-01-18 17:57:07 DEBUG __init__.py:140: CoInitializeEx(None, 2)
2025-01-18 17:57:07 INFO app_bar.py:103: Bar Created on Screen: EA232WMi [Bar Height: 42px, DPI Scale: 1.0, Scale Screen: True, Screen Geometry: X: 0, Y: 0, Screen Width: 1920, Screen Height: 1080]
2025-01-18 17:57:07 INFO event_listener.py:52: Created named pipe yasb-deb3884f-d5b4-11ef-a525-58cdc9ee9bc0
2025-01-18 17:57:07 INFO event_listener.py:106: Waiting for Komorebi to subscribe to named pipe yasb-deb3884f-d5b4-11ef-a525-58cdc9ee9bc0
2025-01-18 17:57:07 INFO watcher.py:39: Created file watcher for path C:\Users\bilay\.config\yasb
2025-01-18 17:57:07 DEBUG _windows.py:213: Starting (proactor: <_IocpProactor overlapped#=0 result#=0>)...
2025-01-18 17:57:07 DEBUG _windows.py:192: Thread started
2025-01-18 17:57:07 INFO event_listener.py:118: Komorebi connected to named pipe: yasb-deb3884f-d5b4-11ef-a525-58cdc9ee9bc0
2025-01-18 17:57:27 INFO log.py:21: Yasb v1.5.4
2025-01-18 17:57:27 DEBUG win32.py:58: Looking up time zone info from registry
2025-01-18 17:57:27 INFO weather.py:340: Fetched new weather data at 2025-01-18 17:57:27.352933
2025-01-18 17:57:27 DEBUG __init__.py:140: CoInitializeEx(None, 2)
2025-01-18 17:57:27 INFO app_bar.py:103: Bar Created on Screen: EA232WMi [Bar Height: 42px, DPI Scale: 1.0, Scale Screen: True, Screen Geometry: X: 0, Y: 0, Screen Width: 1920, Screen Height: 1080]
2025-01-18 17:57:27 INFO event_listener.py:52: Created named pipe yasb-ea6e7769-d5b4-11ef-a3fd-58cdc9ee9bc0
2025-01-18 17:57:27 INFO event_listener.py:106: Waiting for Komorebi to subscribe to named pipe yasb-ea6e7769-d5b4-11ef-a3fd-58cdc9ee9bc0
2025-01-18 17:57:27 INFO watcher.py:39: Created file watcher for path C:\Users\bilay\.config\yasb
2025-01-18 17:57:27 DEBUG _windows.py:213: Starting (proactor: <_IocpProactor overlapped#=0 result#=0>)...
2025-01-18 17:57:27 DEBUG _windows.py:192: Thread started
2025-01-18 17:57:27 INFO event_listener.py:118: Komorebi connected to named pipe: yasb-ea6e7769-d5b4-11ef-a3fd-58cdc9ee9bc0
2025-01-18 18:06:47 INFO bar_manager.py:46: Successfully loaded updated stylesheet and applied to all bars.
2025-01-18 18:07:15 INFO bar_manager.py:46: Successfully loaded updated stylesheet and applied to all bars.
2025-01-18 18:07:27 INFO weather.py:340: Fetched new weather data at 2025-01-18 18:07:27.378811
2025-01-18 18:07:52 INFO bar_manager.py:46: Successfully loaded updated stylesheet and applied to all bars.
2025-01-18 18:07:57 INFO bar_manager.py:46: Successfully loaded updated stylesheet and applied to all bars.
2025-01-18 18:17:27 INFO weather.py:340: Fetched new weather data at 2025-01-18 18:17:27.368186
2025-01-18 18:27:27 INFO weather.py:340: Fetched new weather data at 2025-01-18 18:27:27.366968
2025-01-18 18:28:37 INFO log.py:21: Yasb v1.5.4
2025-01-18 18:28:37 DEBUG win32.py:58: Looking up time zone info from registry
2025-01-18 18:28:37 INFO weather.py:340: Fetched new weather data at 2025-01-18 18:28:37.620354
2025-01-18 18:28:37 DEBUG __init__.py:140: CoInitializeEx(None, 2)
2025-01-18 18:28:37 INFO app_bar.py:103: Bar Created on Screen: EA232WMi [Bar Height: 42px, DPI Scale: 1.0, Scale Screen: True, Screen Geometry: X: 0, Y: 0, Screen Width: 1920, Screen Height: 1080]
2025-01-18 18:28:37 INFO event_listener.py:52: Created named pipe yasb-4533dc1d-d5b9-11ef-9790-58cdc9ee9bc0
2025-01-18 18:28:37 INFO event_listener.py:106: Waiting for Komorebi to subscribe to named pipe yasb-4533dc1d-d5b9-11ef-9790-58cdc9ee9bc0
2025-01-18 18:28:37 INFO watcher.py:39: Created file watcher for path C:\Users\bilay\.config\yasb
2025-01-18 18:28:37 DEBUG _windows.py:213: Starting (proactor: <_IocpProactor overlapped#=0 result#=0>)...
2025-01-18 18:28:37 DEBUG _windows.py:192: Thread started
2025-01-18 18:28:37 INFO event_listener.py:118: Komorebi connected to named pipe: yasb-4533dc1d-d5b9-11ef-9790-58cdc9ee9bc0
2025-01-18 18:30:49 INFO bar_manager.py:46: Successfully loaded updated stylesheet and applied to all bars.
2025-01-18 18:31:04 ERROR errorhandler.py:105: Property: Invalid value for "CSS Level 2.1" property: 2 [32:5: padding]
2025-01-18 18:31:04 INFO bar_manager.py:46: Successfully loaded updated stylesheet and applied to all bars.
2025-01-18 18:31:04 ERROR errorhandler.py:105: Property: Invalid value for "CSS Level 2.1" property: 2 [32:5: padding]
2025-01-18 18:31:04 ERROR errorhandler.py:105: Property: Invalid value for "CSS Level 2.1" property: 2 [32:5: padding]
2025-01-18 18:31:11 INFO bar_manager.py:46: Successfully loaded updated stylesheet and applied to all bars.
2025-01-18 18:31:14 INFO bar_manager.py:46: Successfully loaded updated stylesheet and applied to all bars.
2025-01-18 18:32:32 INFO bar_manager.py:46: Successfully loaded updated stylesheet and applied to all bars.
2025-01-18 18:32:40 INFO bar_manager.py:46: Successfully loaded updated stylesheet and applied to all bars.
2025-01-18 18:38:37 INFO weather.py:340: Fetched new weather data at 2025-01-18 18:38:37.639631
2025-01-18 18:48:37 INFO weather.py:340: Fetched new weather data at 2025-01-18 18:48:37.638420
2025-01-18 18:54:40 DEBUG _windows.py:218: Stopping worker thread...
2025-01-18 18:54:40 DEBUG _windows.py:201: Exiting thread
2025-01-18 18:54:40 DEBUG _windows.py:75: Closing
2025-01-18 18:54:40 ERROR event_service.py:30: Failed to emit signal <bound PYQT_SIGNAL window_name_change of ActiveWindowWidget object at 0x00000265277607D0>. Removing link to WinEvent.EventObjectStateChange.
2025-01-19 10:06:48 INFO log.py:21: Yasb v1.5.4
2025-01-19 10:06:49 DEBUG win32.py:58: Looking up time zone info from registry
2025-01-19 10:06:50 INFO weather.py:340: Fetched new weather data at 2025-01-19 10:06:50.762827
2025-01-19 10:06:50 DEBUG __init__.py:140: CoInitializeEx(None, 2)
2025-01-19 10:06:50 INFO app_bar.py:103: Bar Created on Screen: EA232WMi [Bar Height: 42px, DPI Scale: 1.0, Scale Screen: True, Screen Geometry: X: 0, Y: 0, Screen Width: 1920, Screen Height: 1080]
2025-01-19 10:06:51 INFO event_listener.py:52: Created named pipe yasb-56b04225-d63c-11ef-ba60-58cdc9ee9bc0
2025-01-19 10:06:51 INFO event_listener.py:106: Waiting for Komorebi to subscribe to named pipe yasb-56b04225-d63c-11ef-ba60-58cdc9ee9bc0
2025-01-19 10:06:51 INFO watcher.py:39: Created file watcher for path C:\Users\bilay\.config\yasb
2025-01-19 10:06:51 DEBUG _windows.py:213: Starting (proactor: <_IocpProactor overlapped#=0 result#=0>)...
2025-01-19 10:06:51 DEBUG _windows.py:192: Thread started
2025-01-19 10:06:51 INFO event_listener.py:118: Komorebi connected to named pipe: yasb-56b04225-d63c-11ef-ba60-58cdc9ee9bc0
2025-01-19 10:16:50 INFO weather.py:340: Fetched new weather data at 2025-01-19 10:16:50.768213
2025-01-19 10:26:51 INFO weather.py:340: Fetched new weather data at 2025-01-19 10:26:51.069918
2025-01-19 10:36:51 INFO weather.py:340: Fetched new weather data at 2025-01-19 10:36:51.071730
2025-01-19 10:46:51 INFO weather.py:340: Fetched new weather data at 2025-01-19 10:46:51.082444
2025-01-19 10:56:51 INFO weather.py:340: Fetched new weather data at 2025-01-19 10:56:51.070799
2025-01-19 11:06:51 INFO weather.py:340: Fetched new weather data at 2025-01-19 11:06:51.093004
2025-01-19 11:16:51 INFO weather.py:340: Fetched new weather data at 2025-01-19 11:16:51.088642
2025-01-19 11:26:48 INFO weather.py:340: Fetched new weather data at 2025-01-19 11:26:48.910856
2025-01-19 11:36:48 INFO weather.py:340: Fetched new weather data at 2025-01-19 11:36:48.933600
2025-01-19 11:46:48 INFO weather.py:340: Fetched new weather data at 2025-01-19 11:46:48.936138
2025-01-19 11:56:48 INFO weather.py:340: Fetched new weather data at 2025-01-19 11:56:48.935423
2025-01-19 12:06:49 INFO weather.py:340: Fetched new weather data at 2025-01-19 12:06:49.015032
2025-01-19 12:16:49 INFO weather.py:340: Fetched new weather data at 2025-01-19 12:16:49.032593
2025-01-19 12:26:49 INFO weather.py:340: Fetched new weather data at 2025-01-19 12:26:49.031647
2025-01-19 12:36:49 INFO weather.py:340: Fetched new weather data at 2025-01-19 12:36:49.037882
2025-01-19 12:46:49 INFO weather.py:340: Fetched new weather data at 2025-01-19 12:46:49.041665
2025-01-19 12:56:49 INFO weather.py:340: Fetched new weather data at 2025-01-19 12:56:49.037188
2025-01-19 13:00:13 WARNING event_listener.py:83: Pipe has been ended: (109, 'PeekNamedPipe', 'The pipe has been ended.')
2025-01-19 13:00:13 INFO event_listener.py:93: Attempting to reconnect...
2025-01-19 13:01:15 INFO log.py:21: Yasb v1.5.4
2025-01-19 13:01:16 DEBUG win32.py:58: Looking up time zone info from registry
2025-01-19 13:01:17 INFO weather.py:340: Fetched new weather data at 2025-01-19 13:01:17.728051
2025-01-19 13:01:17 DEBUG __init__.py:140: CoInitializeEx(None, 2)
2025-01-19 13:01:17 INFO app_bar.py:103: Bar Created on Screen: EA232WMi [Bar Height: 42px, DPI Scale: 1.0, Scale Screen: True, Screen Geometry: X: 0, Y: 0, Screen Width: 1920, Screen Height: 1080]
2025-01-19 13:01:18 INFO event_listener.py:52: Created named pipe yasb-b582223d-d654-11ef-9678-58cdc9ee9bc0
2025-01-19 13:01:18 INFO event_listener.py:106: Waiting for Komorebi to subscribe to named pipe yasb-b582223d-d654-11ef-9678-58cdc9ee9bc0
2025-01-19 13:01:18 INFO watcher.py:39: Created file watcher for path C:\Users\bilay\.config\yasb
2025-01-19 13:01:18 DEBUG _windows.py:213: Starting (proactor: <_IocpProactor overlapped#=0 result#=0>)...
2025-01-19 13:01:18 DEBUG _windows.py:192: Thread started
2025-01-19 13:01:18 WARNING event_listener.py:111: Komorebi failed to subscribe named pipe. Waiting for subscription...
2025-01-19 13:01:38 INFO event_listener.py:118: Komorebi connected to named pipe: yasb-b582223d-d654-11ef-9678-58cdc9ee9bc0
2025-01-19 13:11:17 INFO weather.py:340: Fetched new weather data at 2025-01-19 13:11:17.729604
2025-01-19 13:21:17 INFO weather.py:340: Fetched new weather data at 2025-01-19 13:21:17.727387
2025-01-19 13:31:17 INFO weather.py:340: Fetched new weather data at 2025-01-19 13:31:17.743028
2025-01-19 13:41:17 INFO weather.py:340: Fetched new weather data at 2025-01-19 13:41:17.740758
2025-01-19 13:51:17 INFO weather.py:340: Fetched new weather data at 2025-01-19 13:51:17.749355
2025-01-19 14:01:17 INFO weather.py:340: Fetched new weather data at 2025-01-19 14:01:17.750404
2025-01-19 14:01:50 DEBUG _windows.py:218: Stopping worker thread...
2025-01-19 14:01:50 DEBUG _windows.py:201: Exiting thread
2025-01-19 14:01:50 DEBUG _windows.py:75: Closing
2025-01-20 15:47:13 INFO log.py:21: Yasb v1.5.4
2025-01-20 15:47:13 DEBUG win32.py:58: Looking up time zone info from registry
2025-01-20 15:47:14 INFO weather.py:340: Fetched new weather data at 2025-01-20 15:47:14.687658
2025-01-20 15:47:14 DEBUG __init__.py:140: CoInitializeEx(None, 2)
2025-01-20 15:47:14 INFO app_bar.py:103: Bar Created on Screen: EA232WMi [Bar Height: 42px, DPI Scale: 1.0, Scale Screen: True, Screen Geometry: X: 0, Y: 0, Screen Width: 1920, Screen Height: 1080]
2025-01-20 15:47:15 INFO event_listener.py:52: Created named pipe yasb-0ec5f561-d735-11ef-9d95-58cdc9ee9bc0
2025-01-20 15:47:15 INFO event_listener.py:106: Waiting for Komorebi to subscribe to named pipe yasb-0ec5f561-d735-11ef-9d95-58cdc9ee9bc0
2025-01-20 15:47:15 INFO watcher.py:39: Created file watcher for path C:\Users\bilay\.config\yasb
2025-01-20 15:47:15 DEBUG _windows.py:213: Starting (proactor: <_IocpProactor overlapped#=0 result#=0>)...
2025-01-20 15:47:15 DEBUG _windows.py:192: Thread started
2025-01-20 15:47:15 INFO event_listener.py:118: Komorebi connected to named pipe: yasb-0ec5f561-d735-11ef-9d95-58cdc9ee9bc0
2025-01-20 15:57:14 INFO weather.py:340: Fetched new weather data at 2025-01-20 15:57:14.720392
2025-01-20 16:07:14 INFO weather.py:340: Fetched new weather data at 2025-01-20 16:07:14.730031
2025-01-20 16:17:14 INFO weather.py:340: Fetched new weather data at 2025-01-20 16:17:14.916217
2025-01-20 16:27:15 INFO weather.py:340: Fetched new weather data at 2025-01-20 16:27:15.111471
2025-01-20 16:37:15 INFO weather.py:340: Fetched new weather data at 2025-01-20 16:37:15.107743
2025-01-20 16:47:16 INFO weather.py:340: Fetched new weather data at 2025-01-20 16:47:16.252518
2025-01-20 16:57:16 INFO weather.py:340: Fetched new weather data at 2025-01-20 16:57:16.258563
2025-01-20 17:07:16 INFO weather.py:340: Fetched new weather data at 2025-01-20 17:07:16.265607
2025-01-20 17:17:16 INFO weather.py:340: Fetched new weather data at 2025-01-20 17:17:16.273459
2025-01-20 17:27:16 INFO weather.py:340: Fetched new weather data at 2025-01-20 17:27:16.279772
2025-01-20 17:37:16 INFO weather.py:340: Fetched new weather data at 2025-01-20 17:37:16.269276
2025-01-20 17:47:16 INFO weather.py:340: Fetched new weather data at 2025-01-20 17:47:16.314043
2025-01-20 17:57:16 INFO weather.py:340: Fetched new weather data at 2025-01-20 17:57:16.322742
2025-01-20 18:07:16 INFO weather.py:340: Fetched new weather data at 2025-01-20 18:07:16.312848
2025-01-20 18:17:16 INFO weather.py:340: Fetched new weather data at 2025-01-20 18:17:16.314694
2025-01-20 18:27:16 INFO weather.py:340: Fetched new weather data at 2025-01-20 18:27:16.314346
2025-01-20 18:37:16 INFO weather.py:340: Fetched new weather data at 2025-01-20 18:37:16.320325
2025-01-20 18:47:16 INFO weather.py:340: Fetched new weather data at 2025-01-20 18:47:16.321692
2025-01-20 18:57:16 INFO weather.py:340: Fetched new weather data at 2025-01-20 18:57:16.317438
2025-01-20 19:07:16 INFO weather.py:340: Fetched new weather data at 2025-01-20 19:07:16.366500
2025-01-20 19:17:16 INFO weather.py:340: Fetched new weather data at 2025-01-20 19:17:16.365938
2025-01-20 19:27:16 INFO weather.py:340: Fetched new weather data at 2025-01-20 19:27:16.420289
2025-01-20 19:37:16 INFO weather.py:340: Fetched new weather data at 2025-01-20 19:37:16.414627
2025-01-20 19:47:16 INFO weather.py:340: Fetched new weather data at 2025-01-20 19:47:16.429066
2025-01-20 19:57:16 INFO weather.py:340: Fetched new weather data at 2025-01-20 19:57:16.428493
2025-01-20 20:07:16 INFO weather.py:340: Fetched new weather data at 2025-01-20 20:07:16.440928
2025-01-20 20:17:16 INFO weather.py:340: Fetched new weather data at 2025-01-20 20:17:16.443557
2025-01-20 20:27:16 INFO weather.py:340: Fetched new weather data at 2025-01-20 20:27:16.446637
2025-01-20 20:37:16 INFO weather.py:340: Fetched new weather data at 2025-01-20 20:37:16.450905
2025-01-20 20:47:16 INFO weather.py:340: Fetched new weather data at 2025-01-20 20:47:16.446059
2025-01-20 20:57:16 INFO weather.py:340: Fetched new weather data at 2025-01-20 20:57:16.441578
2025-01-20 21:07:16 INFO weather.py:340: Fetched new weather data at 2025-01-20 21:07:16.439988
2025-01-20 21:17:16 INFO weather.py:340: Fetched new weather data at 2025-01-20 21:17:16.449054
2025-01-20 21:27:16 INFO weather.py:340: Fetched new weather data at 2025-01-20 21:27:16.439909
2025-01-20 21:37:16 INFO weather.py:340: Fetched new weather data at 2025-01-20 21:37:16.456266
2025-01-20 21:44:33 WARNING event_listener.py:83: Pipe has been ended: (109, 'PeekNamedPipe', 'The pipe has been ended.')
2025-01-20 21:44:33 INFO event_listener.py:93: Attempting to reconnect...
2025-01-21 18:02:11 INFO log.py:21: Yasb v1.5.4
2025-01-21 18:02:11 DEBUG win32.py:58: Looking up time zone info from registry
2025-01-21 18:02:12 INFO weather.py:340: Fetched new weather data at 2025-01-21 18:02:12.922676
2025-01-21 18:02:12 DEBUG __init__.py:140: CoInitializeEx(None, 2)
2025-01-21 18:02:13 INFO app_bar.py:103: Bar Created on Screen: EA232WMi [Bar Height: 42px, DPI Scale: 1.0, Scale Screen: True, Screen Geometry: X: 0, Y: 0, Screen Width: 1920, Screen Height: 1080]
2025-01-21 18:02:13 INFO event_listener.py:52: Created named pipe yasb-140ba8bd-d811-11ef-aa1d-58cdc9ee9bc0
2025-01-21 18:02:13 INFO event_listener.py:106: Waiting for Komorebi to subscribe to named pipe yasb-140ba8bd-d811-11ef-aa1d-58cdc9ee9bc0
2025-01-21 18:02:13 INFO watcher.py:39: Created file watcher for path C:\Users\bilay\.config\yasb
2025-01-21 18:02:13 DEBUG _windows.py:213: Starting (proactor: <_IocpProactor overlapped#=0 result#=0>)...
2025-01-21 18:02:13 DEBUG _windows.py:192: Thread started
2025-01-21 18:02:13 INFO event_listener.py:118: Komorebi connected to named pipe: yasb-140ba8bd-d811-11ef-aa1d-58cdc9ee9bc0
2025-01-21 18:12:12 INFO weather.py:340: Fetched new weather data at 2025-01-21 18:12:12.926038
2025-01-21 18:22:12 INFO weather.py:340: Fetched new weather data at 2025-01-21 18:22:12.923097
2025-01-21 18:32:12 INFO weather.py:340: Fetched new weather data at 2025-01-21 18:32:12.924177
2025-01-21 18:42:12 INFO weather.py:340: Fetched new weather data at 2025-01-21 18:42:12.916650
2025-01-21 18:52:12 INFO weather.py:340: Fetched new weather data at 2025-01-21 18:52:12.925336
2025-01-21 19:02:13 INFO weather.py:340: Fetched new weather data at 2025-01-21 19:02:13.115938
2025-01-21 19:12:13 INFO weather.py:340: Fetched new weather data at 2025-01-21 19:12:13.117887
2025-01-21 19:22:13 INFO weather.py:340: Fetched new weather data at 2025-01-21 19:22:13.117092
2025-01-21 19:32:13 INFO weather.py:340: Fetched new weather data at 2025-01-21 19:32:13.131592
2025-01-21 19:42:12 INFO weather.py:340: Fetched new weather data at 2025-01-21 19:42:12.123240
2025-01-21 19:52:12 INFO weather.py:340: Fetched new weather data at 2025-01-21 19:52:12.124549
2025-01-21 20:02:12 INFO weather.py:340: Fetched new weather data at 2025-01-21 20:02:12.130232
2025-01-21 20:12:12 INFO weather.py:340: Fetched new weather data at 2025-01-21 20:12:12.129686
2025-01-21 20:22:12 INFO weather.py:340: Fetched new weather data at 2025-01-21 20:22:12.132158
2025-01-21 20:32:12 INFO weather.py:340: Fetched new weather data at 2025-01-21 20:32:12.149648
2025-01-21 20:42:12 INFO weather.py:340: Fetched new weather data at 2025-01-21 20:42:12.143278
2025-01-21 20:52:12 INFO weather.py:340: Fetched new weather data at 2025-01-21 20:52:12.149197
2025-01-21 21:02:12 INFO weather.py:340: Fetched new weather data at 2025-01-21 21:02:12.145847
2025-01-21 21:12:12 INFO weather.py:340: Fetched new weather data at 2025-01-21 21:12:12.155307
2025-01-21 21:22:12 INFO weather.py:340: Fetched new weather data at 2025-01-21 21:22:12.158785
2025-01-21 21:32:12 INFO weather.py:340: Fetched new weather data at 2025-01-21 21:32:12.169278
2025-01-21 21:41:14 WARNING event_listener.py:83: Pipe has been ended: (109, 'PeekNamedPipe', 'The pipe has been ended.')
2025-01-21 21:41:14 INFO event_listener.py:93: Attempting to reconnect...
2025-01-22 20:10:43 INFO log.py:21: Yasb v1.5.4
2025-01-22 20:10:43 DEBUG win32.py:58: Looking up time zone info from registry
2025-01-22 20:10:45 INFO weather.py:340: Fetched new weather data at 2025-01-22 20:10:45.213473
2025-01-22 20:10:45 DEBUG __init__.py:140: CoInitializeEx(None, 2)
2025-01-22 20:10:45 INFO app_bar.py:103: Bar Created on Screen: EA232WMi [Bar Height: 42px, DPI Scale: 1.0, Scale Screen: True, Screen Geometry: X: 0, Y: 0, Screen Width: 1920, Screen Height: 1080]
2025-01-22 20:10:45 INFO event_listener.py:52: Created named pipe yasb-335f00a4-d8ec-11ef-88f7-58cdc9ee9bc0
2025-01-22 20:10:45 INFO event_listener.py:106: Waiting for Komorebi to subscribe to named pipe yasb-335f00a4-d8ec-11ef-88f7-58cdc9ee9bc0
2025-01-22 20:10:45 INFO watcher.py:39: Created file watcher for path C:\Users\bilay\.config\yasb
2025-01-22 20:10:45 DEBUG _windows.py:213: Starting (proactor: <_IocpProactor overlapped#=0 result#=0>)...
2025-01-22 20:10:45 DEBUG _windows.py:192: Thread started
2025-01-22 20:10:45 INFO event_listener.py:118: Komorebi connected to named pipe: yasb-335f00a4-d8ec-11ef-88f7-58cdc9ee9bc0
2025-01-22 20:20:45 INFO weather.py:340: Fetched new weather data at 2025-01-22 20:20:45.217125
2025-01-22 20:25:46 INFO log.py:21: Yasb v1.5.4
2025-01-22 20:25:46 ERROR main.py:82: Another instance of the YASB is already running.
2025-01-22 20:30:45 INFO weather.py:340: Fetched new weather data at 2025-01-22 20:30:45.212447
2025-01-22 20:40:45 INFO weather.py:340: Fetched new weather data at 2025-01-22 20:40:45.214965
2025-01-22 20:50:45 INFO weather.py:340: Fetched new weather data at 2025-01-22 20:50:45.217172
2025-01-22 21:00:45 INFO weather.py:340: Fetched new weather data at 2025-01-22 21:00:45.225758
2025-01-22 21:10:45 INFO weather.py:340: Fetched new weather data at 2025-01-22 21:10:45.254703
2025-01-22 21:20:45 INFO weather.py:340: Fetched new weather data at 2025-01-22 21:20:45.255641
2025-01-22 21:30:45 INFO weather.py:340: Fetched new weather data at 2025-01-22 21:30:45.257779
2025-01-22 21:40:45 INFO weather.py:340: Fetched new weather data at 2025-01-22 21:40:45.277581
2025-01-22 21:43:37 DEBUG _windows.py:218: Stopping worker thread...
2025-01-22 21:43:37 DEBUG _windows.py:201: Exiting thread
2025-01-22 21:43:37 DEBUG _windows.py:75: Closing
2025-01-22 21:43:37 ERROR event_service.py:30: Failed to emit signal <bound PYQT_SIGNAL k_signal_update of WorkspaceWidget object at 0x0000021D180925D0>. Removing link to KomorebiEvent.KomorebiUpdate.
2025-01-23 18:30:11 INFO log.py:21: Yasb v1.5.4
2025-01-23 18:30:11 DEBUG win32.py:58: Looking up time zone info from registry
2025-01-23 18:30:12 INFO weather.py:340: Fetched new weather data at 2025-01-23 18:30:12.943553
2025-01-23 18:30:12 DEBUG __init__.py:140: CoInitializeEx(None, 2)
2025-01-23 18:30:13 INFO app_bar.py:103: Bar Created on Screen: EA232WMi [Bar Height: 42px, DPI Scale: 1.0, Scale Screen: True, Screen Geometry: X: 0, Y: 0, Screen Width: 1920, Screen Height: 1080]
2025-01-23 18:30:13 INFO event_listener.py:52: Created named pipe yasb-523ba33a-d9a7-11ef-830b-58cdc9ee9bc0
2025-01-23 18:30:13 INFO event_listener.py:106: Waiting for Komorebi to subscribe to named pipe yasb-523ba33a-d9a7-11ef-830b-58cdc9ee9bc0
2025-01-23 18:30:13 INFO watcher.py:39: Created file watcher for path C:\Users\bilay\.config\yasb
2025-01-23 18:30:13 DEBUG _windows.py:213: Starting (proactor: <_IocpProactor overlapped#=0 result#=0>)...
2025-01-23 18:30:13 DEBUG _windows.py:192: Thread started
2025-01-23 18:30:13 INFO event_listener.py:118: Komorebi connected to named pipe: yasb-523ba33a-d9a7-11ef-830b-58cdc9ee9bc0
2025-01-23 18:37:52 DEBUG _windows.py:218: Stopping worker thread...
2025-01-23 18:37:52 DEBUG _windows.py:201: Exiting thread
2025-01-23 18:37:52 DEBUG _windows.py:75: Closing
2025-01-23 18:37:52 ERROR event_service.py:30: Failed to emit signal <bound PYQT_SIGNAL k_signal_update of WorkspaceWidget object at 0x0000024E09AD25D0>. Removing link to KomorebiEvent.KomorebiUpdate.
2025-01-23 18:39:38 INFO log.py:21: Yasb v1.5.5
2025-01-23 18:39:38 DEBUG win32.py:58: Looking up time zone info from registry
2025-01-23 18:39:40 INFO weather.py:360: Fetched new weather data at 2025-01-23 18:39:40.033722
2025-01-23 18:39:40 DEBUG __init__.py:140: CoInitializeEx(None, 2)
2025-01-23 18:39:40 INFO app_bar.py:103: Bar Created on Screen: EA232WMi [Bar Height: 42px, DPI Scale: 1.0, Scale Screen: True, Screen Geometry: X: 0, Y: 0, Screen Width: 1920, Screen Height: 1080]
2025-01-23 18:39:40 INFO event_listener.py:52: Created named pipe yasb-a4372db9-d9a8-11ef-b14a-58cdc9ee9bc0
2025-01-23 18:39:40 INFO event_listener.py:106: Waiting for Komorebi to subscribe to named pipe yasb-a4372db9-d9a8-11ef-b14a-58cdc9ee9bc0
2025-01-23 18:39:40 INFO watcher.py:39: Created file watcher for path C:\Users\bilay\.config\yasb
2025-01-23 18:39:40 DEBUG _windows.py:213: Starting (proactor: <_IocpProactor overlapped#=0 result#=0>)...
2025-01-23 18:39:40 DEBUG _windows.py:192: Thread started
2025-01-23 18:39:40 INFO event_listener.py:118: Komorebi connected to named pipe: yasb-a4372db9-d9a8-11ef-b14a-58cdc9ee9bc0
2025-01-23 18:49:40 INFO weather.py:360: Fetched new weather data at 2025-01-23 18:49:40.023711
2025-01-23 18:59:40 INFO weather.py:360: Fetched new weather data at 2025-01-23 18:59:40.021789
2025-01-23 19:09:40 INFO weather.py:360: Fetched new weather data at 2025-01-23 19:09:40.024346
2025-01-23 19:19:40 INFO weather.py:360: Fetched new weather data at 2025-01-23 19:19:40.051053
2025-01-23 19:29:40 INFO weather.py:360: Fetched new weather data at 2025-01-23 19:29:40.055567
2025-01-23 19:39:40 INFO weather.py:360: Fetched new weather data at 2025-01-23 19:39:40.060144
2025-01-23 19:49:40 INFO weather.py:360: Fetched new weather data at 2025-01-23 19:49:40.063291
2025-01-23 19:59:40 INFO weather.py:360: Fetched new weather data at 2025-01-23 19:59:40.056453
2025-01-23 20:09:40 INFO weather.py:360: Fetched new weather data at 2025-01-23 20:09:40.081587
2025-01-23 20:19:39 WARNING event_listener.py:83: Pipe has been ended: (109, 'PeekNamedPipe', 'The pipe has been ended.')
2025-01-23 20:19:39 INFO event_listener.py:93: Attempting to reconnect...
2025-01-23 20:19:40 INFO weather.py:360: Fetched new weather data at 2025-01-23 20:19:40.076711
2025-01-23 20:19:44 INFO event_listener.py:52: Created named pipe yasb-a4372db9-d9a8-11ef-b14a-58cdc9ee9bc0
2025-01-23 20:19:44 INFO event_listener.py:106: Waiting for Komorebi to subscribe to named pipe yasb-a4372db9-d9a8-11ef-b14a-58cdc9ee9bc0
2025-01-23 20:19:45 WARNING event_listener.py:111: Komorebi failed to subscribe named pipe. Waiting for subscription...
2025-01-23 20:29:40 INFO weather.py:360: Fetched new weather data at 2025-01-23 20:29:40.069639
2025-01-23 20:39:40 INFO weather.py:360: Fetched new weather data at 2025-01-23 20:39:40.073659
2025-01-23 20:49:40 INFO weather.py:360: Fetched new weather data at 2025-01-23 20:49:40.072957
2025-01-23 20:53:10 INFO log.py:21: Yasb v1.5.5
2025-01-23 20:53:10 ERROR main.py:82: Another instance of the YASB is already running.
2025-01-23 20:53:13 INFO event_listener.py:118: Komorebi connected to named pipe: yasb-a4372db9-d9a8-11ef-b14a-58cdc9ee9bc0
2025-01-23 20:59:40 INFO weather.py:360: Fetched new weather data at 2025-01-23 20:59:40.082119
2025-01-23 21:09:40 INFO weather.py:360: Fetched new weather data at 2025-01-23 21:09:40.084818
2025-01-23 21:19:40 INFO weather.py:360: Fetched new weather data at 2025-01-23 21:19:40.089510
2025-01-24 18:57:30 INFO log.py:21: Yasb v1.5.5
2025-01-24 18:57:30 DEBUG win32.py:58: Looking up time zone info from registry
2025-01-24 18:57:32 INFO weather.py:360: Fetched new weather data at 2025-01-24 18:57:32.440709
2025-01-24 18:57:32 DEBUG __init__.py:140: CoInitializeEx(None, 2)
2025-01-24 18:57:32 INFO app_bar.py:103: Bar Created on Screen: EA232WMi [Bar Height: 42px, DPI Scale: 1.0, Scale Screen: True, Screen Geometry: X: 0, Y: 0, Screen Width: 1920, Screen Height: 1080]
2025-01-24 18:57:33 INFO event_listener.py:52: Created named pipe yasb-4de89fb5-da74-11ef-9f4c-58cdc9ee9bc0
2025-01-24 18:57:33 INFO event_listener.py:106: Waiting for Komorebi to subscribe to named pipe yasb-4de89fb5-da74-11ef-9f4c-58cdc9ee9bc0
2025-01-24 18:57:33 INFO watcher.py:39: Created file watcher for path C:\Users\bilay\.config\yasb
2025-01-24 18:57:33 DEBUG _windows.py:213: Starting (proactor: <_IocpProactor overlapped#=0 result#=0>)...
2025-01-24 18:57:33 DEBUG _windows.py:192: Thread started
2025-01-24 18:57:33 INFO event_listener.py:118: Komorebi connected to named pipe: yasb-4de89fb5-da74-11ef-9f4c-58cdc9ee9bc0
2025-01-24 19:07:32 INFO weather.py:360: Fetched new weather data at 2025-01-24 19:07:32.433283
2025-01-24 19:17:32 INFO weather.py:360: Fetched new weather data at 2025-01-24 19:17:32.453814
2025-01-24 19:27:32 INFO weather.py:360: Fetched new weather data at 2025-01-24 19:27:32.450376
2025-01-24 19:37:32 INFO weather.py:360: Fetched new weather data at 2025-01-24 19:37:32.451556
2025-01-24 19:47:32 INFO weather.py:360: Fetched new weather data at 2025-01-24 19:47:32.443158
2025-01-24 19:57:32 INFO weather.py:360: Fetched new weather data at 2025-01-24 19:57:32.451774
2025-01-24 20:07:32 INFO weather.py:360: Fetched new weather data at 2025-01-24 20:07:32.454300
2025-01-24 20:10:35 WARNING event_listener.py:83: Pipe has been ended: (109, 'PeekNamedPipe', 'The pipe has been ended.')
2025-01-24 20:10:35 INFO event_listener.py:93: Attempting to reconnect...
2025-01-24 20:10:40 INFO event_listener.py:52: Created named pipe yasb-4de89fb5-da74-11ef-9f4c-58cdc9ee9bc0
2025-01-24 20:10:40 INFO event_listener.py:106: Waiting for Komorebi to subscribe to named pipe yasb-4de89fb5-da74-11ef-9f4c-58cdc9ee9bc0
2025-01-24 20:10:40 WARNING event_listener.py:111: Komorebi failed to subscribe named pipe. Waiting for subscription...
2025-01-24 20:17:32 INFO weather.py:360: Fetched new weather data at 2025-01-24 20:17:32.447732
2025-01-24 20:27:32 INFO weather.py:360: Fetched new weather data at 2025-01-24 20:27:32.470438
2025-01-24 20:37:32 INFO weather.py:360: Fetched new weather data at 2025-01-24 20:37:32.478001
2025-01-24 20:47:32 INFO weather.py:360: Fetched new weather data at 2025-01-24 20:47:32.488950
2025-01-24 20:57:32 INFO weather.py:360: Fetched new weather data at 2025-01-24 20:57:32.500734
2025-01-24 21:07:32 INFO weather.py:360: Fetched new weather data at 2025-01-24 21:07:32.491578
2025-01-24 21:17:32 INFO weather.py:360: Fetched new weather data at 2025-01-24 21:17:32.502579
2025-01-24 21:27:32 INFO weather.py:360: Fetched new weather data at 2025-01-24 21:27:32.503163
2025-01-24 21:37:32 INFO weather.py:360: Fetched new weather data at 2025-01-24 21:37:32.498079
2025-01-24 21:47:32 INFO weather.py:360: Fetched new weather data at 2025-01-24 21:47:32.499797
2025-01-25 11:32:10 INFO log.py:21: Yasb v1.5.5
2025-01-25 11:32:10 DEBUG win32.py:58: Looking up time zone info from registry
2025-01-25 11:32:11 INFO weather.py:360: Fetched new weather data at 2025-01-25 11:32:11.960164
2025-01-25 11:32:11 DEBUG __init__.py:140: CoInitializeEx(None, 2)
2025-01-25 11:32:12 INFO app_bar.py:103: Bar Created on Screen: EA232WMi [Bar Height: 42px, DPI Scale: 1.0, Scale Screen: True, Screen Geometry: X: 0, Y: 0, Screen Width: 1920, Screen Height: 1080]
2025-01-25 11:32:12 INFO event_listener.py:52: Created named pipe yasb-41bd68bb-daff-11ef-9474-58cdc9ee9bc0
2025-01-25 11:32:12 INFO event_listener.py:106: Waiting for Komorebi to subscribe to named pipe yasb-41bd68bb-daff-11ef-9474-58cdc9ee9bc0
2025-01-25 11:32:12 INFO watcher.py:39: Created file watcher for path C:\Users\bilay\.config\yasb
2025-01-25 11:32:12 DEBUG _windows.py:213: Starting (proactor: <_IocpProactor overlapped#=0 result#=0>)...
2025-01-25 11:32:12 DEBUG _windows.py:192: Thread started
2025-01-25 11:32:12 INFO event_listener.py:118: Komorebi connected to named pipe: yasb-41bd68bb-daff-11ef-9474-58cdc9ee9bc0
2025-01-25 11:42:11 INFO weather.py:360: Fetched new weather data at 2025-01-25 11:42:11.958693
2025-01-25 11:52:11 INFO weather.py:360: Fetched new weather data at 2025-01-25 11:52:11.987437
2025-01-25 12:02:11 INFO weather.py:360: Fetched new weather data at 2025-01-25 12:02:11.983840
2025-01-25 12:12:11 INFO weather.py:360: Fetched new weather data at 2025-01-25 12:12:11.976023
2025-01-25 12:22:12 INFO weather.py:360: Fetched new weather data at 2025-01-25 12:22:12.181331
2025-01-25 12:32:12 INFO weather.py:360: Fetched new weather data at 2025-01-25 12:32:12.176789
2025-01-25 12:42:12 INFO weather.py:360: Fetched new weather data at 2025-01-25 12:42:12.181045
2025-01-25 12:52:12 INFO weather.py:360: Fetched new weather data at 2025-01-25 12:52:12.190787
2025-01-25 13:02:12 INFO weather.py:360: Fetched new weather data at 2025-01-25 13:02:12.190867
2025-01-25 13:12:10 INFO weather.py:360: Fetched new weather data at 2025-01-25 13:12:10.091707
2025-01-25 13:22:10 INFO weather.py:360: Fetched new weather data at 2025-01-25 13:22:10.086097
2025-01-25 13:32:10 INFO weather.py:360: Fetched new weather data at 2025-01-25 13:32:10.096428
2025-01-25 13:42:10 INFO weather.py:360: Fetched new weather data at 2025-01-25 13:42:10.095801
2025-01-25 13:52:10 INFO weather.py:360: Fetched new weather data at 2025-01-25 13:52:10.103300
2025-01-25 14:02:10 INFO weather.py:360: Fetched new weather data at 2025-01-25 14:02:10.096513
2025-01-25 14:12:10 INFO weather.py:360: Fetched new weather data at 2025-01-25 14:12:10.106649
2025-01-25 14:22:10 INFO weather.py:360: Fetched new weather data at 2025-01-25 14:22:10.127751
2025-01-25 14:32:10 INFO weather.py:360: Fetched new weather data at 2025-01-25 14:32:10.208406
2025-01-25 14:42:10 INFO weather.py:360: Fetched new weather data at 2025-01-25 14:42:10.261826
2025-01-25 14:52:10 INFO weather.py:360: Fetched new weather data at 2025-01-25 14:52:10.257234
2025-01-25 15:02:10 INFO weather.py:360: Fetched new weather data at 2025-01-25 15:02:10.278676
2025-01-25 15:12:10 INFO weather.py:360: Fetched new weather data at 2025-01-25 15:12:10.266647
2025-01-25 15:22:10 INFO weather.py:360: Fetched new weather data at 2025-01-25 15:22:10.269545
2025-01-25 15:32:10 INFO weather.py:360: Fetched new weather data at 2025-01-25 15:32:10.267013
2025-01-25 15:42:10 INFO weather.py:360: Fetched new weather data at 2025-01-25 15:42:10.285368
2025-01-25 15:52:10 INFO weather.py:360: Fetched new weather data at 2025-01-25 15:52:10.293786
2025-01-25 16:02:10 INFO weather.py:360: Fetched new weather data at 2025-01-25 16:02:10.287196
2025-01-25 16:12:10 INFO weather.py:360: Fetched new weather data at 2025-01-25 16:12:10.296187
2025-01-25 16:22:10 INFO weather.py:360: Fetched new weather data at 2025-01-25 16:22:10.311457
2025-01-25 16:32:10 INFO weather.py:360: Fetched new weather data at 2025-01-25 16:32:10.325093
2025-01-25 16:42:10 INFO weather.py:360: Fetched new weather data at 2025-01-25 16:42:10.331516
2025-01-25 16:52:10 INFO weather.py:360: Fetched new weather data at 2025-01-25 16:52:10.334510
2025-01-25 17:02:10 INFO weather.py:360: Fetched new weather data at 2025-01-25 17:02:10.337238
2025-01-25 17:12:10 INFO weather.py:360: Fetched new weather data at 2025-01-25 17:12:10.416557
2025-01-25 17:22:10 INFO weather.py:360: Fetched new weather data at 2025-01-25 17:22:10.432089
2025-01-25 17:32:10 INFO weather.py:360: Fetched new weather data at 2025-01-25 17:32:10.650273
2025-01-25 17:42:10 INFO weather.py:360: Fetched new weather data at 2025-01-25 17:42:10.650961
2025-01-25 17:52:10 INFO weather.py:360: Fetched new weather data at 2025-01-25 17:52:10.642992
2025-01-25 18:02:10 INFO weather.py:360: Fetched new weather data at 2025-01-25 18:02:10.659520
2025-01-25 18:12:10 INFO weather.py:360: Fetched new weather data at 2025-01-25 18:12:10.662162
2025-01-25 18:22:10 INFO weather.py:360: Fetched new weather data at 2025-01-25 18:22:10.664584
2025-01-25 18:32:10 INFO weather.py:360: Fetched new weather data at 2025-01-25 18:32:10.663383
2025-01-25 18:42:10 INFO weather.py:360: Fetched new weather data at 2025-01-25 18:42:10.672991
2025-01-25 18:52:10 INFO weather.py:360: Fetched new weather data at 2025-01-25 18:52:10.683223
2025-01-25 19:02:10 INFO weather.py:360: Fetched new weather data at 2025-01-25 19:02:10.675190
2025-01-25 19:12:10 INFO weather.py:360: Fetched new weather data at 2025-01-25 19:12:10.688759
2025-01-25 19:22:10 INFO weather.py:360: Fetched new weather data at 2025-01-25 19:22:10.702324
2025-01-25 19:32:10 INFO weather.py:360: Fetched new weather data at 2025-01-25 19:32:10.698900
2025-01-25 19:42:10 INFO weather.py:360: Fetched new weather data at 2025-01-25 19:42:10.697047
2025-01-25 19:52:10 INFO weather.py:360: Fetched new weather data at 2025-01-25 19:52:10.689922
2025-01-25 20:02:10 INFO weather.py:360: Fetched new weather data at 2025-01-25 20:02:10.704435
2025-01-25 20:12:10 INFO weather.py:360: Fetched new weather data at 2025-01-25 20:12:10.706779
2025-01-25 20:22:10 INFO weather.py:360: Fetched new weather data at 2025-01-25 20:22:10.707205
2025-01-25 20:32:10 INFO weather.py:360: Fetched new weather data at 2025-01-25 20:32:10.710177
2025-01-25 20:42:10 INFO weather.py:360: Fetched new weather data at 2025-01-25 20:42:10.709802
2025-01-25 20:52:10 INFO weather.py:360: Fetched new weather data at 2025-01-25 20:52:10.732780
2025-01-25 21:02:10 INFO weather.py:360: Fetched new weather data at 2025-01-25 21:02:10.723984
2025-01-25 21:12:10 INFO weather.py:360: Fetched new weather data at 2025-01-25 21:12:10.755514
2025-01-25 21:22:10 INFO weather.py:360: Fetched new weather data at 2025-01-25 21:22:10.774004
2025-01-25 21:31:35 WARNING event_listener.py:83: Pipe has been ended: (109, 'PeekNamedPipe', 'The pipe has been ended.')
2025-01-25 21:31:35 INFO event_listener.py:93: Attempting to reconnect...
2025-01-26 18:47:40 INFO log.py:21: Yasb v1.5.5
2025-01-26 18:47:40 DEBUG win32.py:58: Looking up time zone info from registry
2025-01-26 18:47:42 INFO weather.py:360: Fetched new weather data at 2025-01-26 18:47:42.207199
2025-01-26 18:47:42 DEBUG __init__.py:140: CoInitializeEx(None, 2)
2025-01-26 18:47:42 INFO app_bar.py:103: Bar Created on Screen: EA232WMi [Bar Height: 42px, DPI Scale: 1.0, Scale Screen: True, Screen Geometry: X: 0, Y: 0, Screen Width: 1920, Screen Height: 1080]
2025-01-26 18:47:42 INFO event_listener.py:52: Created named pipe yasb-42eea6fc-dc05-11ef-a600-58cdc9ee9bc0
2025-01-26 18:47:42 INFO event_listener.py:106: Waiting for Komorebi to subscribe to named pipe yasb-42eea6fc-dc05-11ef-a600-58cdc9ee9bc0
2025-01-26 18:47:42 INFO watcher.py:39: Created file watcher for path C:\Users\bilay\.config\yasb
2025-01-26 18:47:42 DEBUG _windows.py:213: Starting (proactor: <_IocpProactor overlapped#=0 result#=0>)...
2025-01-26 18:47:42 DEBUG _windows.py:192: Thread started
2025-01-26 18:47:42 INFO event_listener.py:118: Komorebi connected to named pipe: yasb-42eea6fc-dc05-11ef-a600-58cdc9ee9bc0
2025-01-26 18:57:42 INFO weather.py:360: Fetched new weather data at 2025-01-26 18:57:42.200570
2025-01-26 19:07:42 INFO weather.py:360: Fetched new weather data at 2025-01-26 19:07:42.198630
2025-01-26 19:17:42 INFO weather.py:360: Fetched new weather data at 2025-01-26 19:17:42.204103
2025-01-26 19:27:42 INFO weather.py:360: Fetched new weather data at 2025-01-26 19:27:42.196886
2025-01-26 19:32:48 WARNING event_listener.py:83: Pipe has been ended: (109, 'PeekNamedPipe', 'The pipe has been ended.')
2025-01-26 19:32:48 INFO event_listener.py:93: Attempting to reconnect...
2025-01-26 19:32:53 INFO event_listener.py:52: Created named pipe yasb-42eea6fc-dc05-11ef-a600-58cdc9ee9bc0
2025-01-26 19:32:53 INFO event_listener.py:106: Waiting for Komorebi to subscribe to named pipe yasb-42eea6fc-dc05-11ef-a600-58cdc9ee9bc0
2025-01-26 19:32:53 WARNING event_listener.py:111: Komorebi failed to subscribe named pipe. Waiting for subscription...
2025-01-26 19:37:42 INFO weather.py:360: Fetched new weather data at 2025-01-26 19:37:42.200240
2025-01-26 19:47:42 INFO weather.py:360: Fetched new weather data at 2025-01-26 19:47:42.192724
2025-01-26 19:57:42 INFO weather.py:360: Fetched new weather data at 2025-01-26 19:57:42.201146
2025-01-26 20:07:42 INFO weather.py:360: Fetched new weather data at 2025-01-26 20:07:42.202033
2025-01-26 20:17:42 INFO weather.py:360: Fetched new weather data at 2025-01-26 20:17:42.206733
2025-01-26 20:27:42 INFO weather.py:360: Fetched new weather data at 2025-01-26 20:27:42.207783
2025-01-26 20:37:42 INFO weather.py:360: Fetched new weather data at 2025-01-26 20:37:42.222544
2025-01-26 20:47:42 INFO weather.py:360: Fetched new weather data at 2025-01-26 20:47:42.210955
2025-01-26 20:57:42 INFO weather.py:360: Fetched new weather data at 2025-01-26 20:57:42.231650
2025-01-26 21:07:42 INFO weather.py:360: Fetched new weather data at 2025-01-26 21:07:42.233001
2025-01-26 21:14:46 INFO event_listener.py:118: Komorebi connected to named pipe: yasb-42eea6fc-dc05-11ef-a600-58cdc9ee9bc0
2025-01-26 21:17:42 INFO weather.py:360: Fetched new weather data at 2025-01-26 21:17:42.234935
2025-01-26 21:27:42 INFO weather.py:360: Fetched new weather data at 2025-01-26 21:27:42.249423
2025-01-26 21:27:49 WARNING event_listener.py:83: Pipe has been ended: (109, 'PeekNamedPipe', 'The pipe has been ended.')
2025-01-26 21:27:49 INFO event_listener.py:93: Attempting to reconnect...
2025-01-27 16:38:23 INFO log.py:21: Yasb v1.5.5
2025-01-27 16:38:23 DEBUG win32.py:58: Looking up time zone info from registry
2025-01-27 16:38:25 INFO weather.py:360: Fetched new weather data at 2025-01-27 16:38:25.457993
2025-01-27 16:38:25 DEBUG __init__.py:140: CoInitializeEx(None, 2)
2025-01-27 16:38:25 INFO app_bar.py:103: Bar Created on Screen: EA232WMi [Bar Height: 42px, DPI Scale: 1.0, Scale Screen: True, Screen Geometry: X: 0, Y: 0, Screen Width: 1920, Screen Height: 1080]
2025-01-27 16:38:25 INFO event_listener.py:52: Created named pipe yasb-5de9fb58-dcbc-11ef-aa85-58cdc9ee9bc0
2025-01-27 16:38:25 INFO event_listener.py:106: Waiting for Komorebi to subscribe to named pipe yasb-5de9fb58-dcbc-11ef-aa85-58cdc9ee9bc0
2025-01-27 16:38:25 INFO watcher.py:39: Created file watcher for path C:\Users\bilay\.config\yasb
2025-01-27 16:38:25 DEBUG _windows.py:213: Starting (proactor: <_IocpProactor overlapped#=0 result#=0>)...
2025-01-27 16:38:25 DEBUG _windows.py:192: Thread started
2025-01-27 16:38:26 INFO event_listener.py:118: Komorebi connected to named pipe: yasb-5de9fb58-dcbc-11ef-aa85-58cdc9ee9bc0
2025-01-27 16:48:25 INFO weather.py:360: Fetched new weather data at 2025-01-27 16:48:25.448484
2025-01-27 16:58:25 INFO weather.py:360: Fetched new weather data at 2025-01-27 16:58:25.445495
2025-01-27 17:08:25 INFO weather.py:360: Fetched new weather data at 2025-01-27 17:08:25.448860
2025-01-27 17:18:25 INFO weather.py:360: Fetched new weather data at 2025-01-27 17:18:25.453168
2025-01-27 17:28:25 INFO weather.py:360: Fetched new weather data at 2025-01-27 17:28:25.445648
2025-01-27 17:38:25 INFO weather.py:360: Fetched new weather data at 2025-01-27 17:38:25.451588
2025-01-27 17:48:25 INFO weather.py:360: Fetched new weather data at 2025-01-27 17:48:25.449086
2025-01-27 17:58:25 INFO weather.py:360: Fetched new weather data at 2025-01-27 17:58:25.444933
2025-01-27 18:08:25 INFO weather.py:360: Fetched new weather data at 2025-01-27 18:08:25.461800
2025-01-27 18:18:25 INFO weather.py:360: Fetched new weather data at 2025-01-27 18:18:25.465616
2025-01-27 18:28:25 INFO weather.py:360: Fetched new weather data at 2025-01-27 18:28:25.461962
2025-01-27 18:38:25 INFO weather.py:360: Fetched new weather data at 2025-01-27 18:38:25.488666
2025-01-27 18:48:25 INFO weather.py:360: Fetched new weather data at 2025-01-27 18:48:25.500801
2025-01-27 18:58:25 INFO weather.py:360: Fetched new weather data at 2025-01-27 18:58:25.490996
2025-01-27 19:08:25 INFO weather.py:360: Fetched new weather data at 2025-01-27 19:08:25.495575
2025-01-27 19:18:25 INFO weather.py:360: Fetched new weather data at 2025-01-27 19:18:25.490705
2025-01-27 19:23:12 INFO bar.py:99: Screen geometry changed. Updating position for bar (status-bar_EA232WMi_7c76b4b5)
2025-01-27 19:23:12 INFO app_bar.py:103: Bar Created on Screen: EA232WMi [Bar Height: 42px, DPI Scale: 1.0, Scale Screen: True, Screen Geometry: X: 0, Y: 0, Screen Width: 1280, Screen Height: 720]
2025-01-27 19:23:12 INFO bar.py:99: Screen geometry changed. Updating position for bar (status-bar_EA232WMi_7c76b4b5)
2025-01-27 19:23:12 INFO app_bar.py:103: Bar Created on Screen: EA232WMi [Bar Height: 42px, DPI Scale: 1.0, Scale Screen: True, Screen Geometry: X: 0, Y: 0, Screen Width: 1920, Screen Height: 1080]
2025-01-27 19:28:25 INFO weather.py:360: Fetched new weather data at 2025-01-27 19:28:25.493722
2025-01-27 19:38:25 INFO weather.py:360: Fetched new weather data at 2025-01-27 19:38:25.496897
2025-01-27 19:48:25 INFO weather.py:360: Fetched new weather data at 2025-01-27 19:48:25.491437
2025-01-27 19:58:25 INFO weather.py:360: Fetched new weather data at 2025-01-27 19:58:25.505220
2025-01-27 20:08:25 INFO weather.py:360: Fetched new weather data at 2025-01-27 20:08:25.490386
2025-01-27 20:18:25 INFO weather.py:360: Fetched new weather data at 2025-01-27 20:18:25.494318
2025-01-27 20:28:25 INFO weather.py:360: Fetched new weather data at 2025-01-27 20:28:25.495178
2025-01-27 20:38:25 INFO weather.py:360: Fetched new weather data at 2025-01-27 20:38:25.494597
2025-01-27 20:48:25 INFO weather.py:360: Fetched new weather data at 2025-01-27 20:48:25.494278
2025-01-27 20:58:25 INFO weather.py:360: Fetched new weather data at 2025-01-27 20:58:25.494067
2025-01-27 21:00:11 WARNING event_listener.py:83: Pipe has been ended: (109, 'PeekNamedPipe', 'The pipe has been ended.')
2025-01-27 21:00:11 INFO event_listener.py:93: Attempting to reconnect...
2025-01-28 18:40:20 INFO log.py:21: Yasb v1.5.5
2025-01-28 18:40:20 DEBUG win32.py:58: Looking up time zone info from registry
2025-01-28 18:40:22 INFO weather.py:360: Fetched new weather data at 2025-01-28 18:40:22.209641
2025-01-28 18:40:22 DEBUG __init__.py:140: CoInitializeEx(None, 2)
2025-01-28 18:40:22 INFO app_bar.py:103: Bar Created on Screen: EA232WMi [Bar Height: 42px, DPI Scale: 1.0, Scale Screen: True, Screen Geometry: X: 0, Y: 0, Screen Width: 1920, Screen Height: 1080]
2025-01-28 18:40:22 INFO event_listener.py:52: Created named pipe yasb-9179c5f6-dd96-11ef-bbf2-58cdc9ee9bc0
2025-01-28 18:40:22 INFO event_listener.py:106: Waiting for Komorebi to subscribe to named pipe yasb-9179c5f6-dd96-11ef-bbf2-58cdc9ee9bc0
2025-01-28 18:40:22 INFO watcher.py:39: Created file watcher for path C:\Users\bilay\.config\yasb
2025-01-28 18:40:22 DEBUG _windows.py:213: Starting (proactor: <_IocpProactor overlapped#=0 result#=0>)...
2025-01-28 18:40:22 DEBUG _windows.py:192: Thread started
2025-01-28 18:40:22 INFO event_listener.py:118: Komorebi connected to named pipe: yasb-9179c5f6-dd96-11ef-bbf2-58cdc9ee9bc0
2025-01-28 18:50:22 INFO weather.py:360: Fetched new weather data at 2025-01-28 18:50:22.233154
2025-01-28 19:00:22 INFO weather.py:360: Fetched new weather data at 2025-01-28 19:00:22.238399
2025-01-28 19:10:22 INFO weather.py:360: Fetched new weather data at 2025-01-28 19:10:22.234214
2025-01-28 19:20:22 INFO weather.py:360: Fetched new weather data at 2025-01-28 19:20:22.232541
2025-01-28 19:30:22 INFO weather.py:360: Fetched new weather data at 2025-01-28 19:30:22.242787
2025-01-28 19:40:22 INFO weather.py:360: Fetched new weather data at 2025-01-28 19:40:22.255512
2025-01-28 19:50:22 INFO weather.py:360: Fetched new weather data at 2025-01-28 19:50:22.451671
2025-01-28 20:00:22 INFO weather.py:360: Fetched new weather data at 2025-01-28 20:00:22.447155
2025-01-28 20:10:22 INFO weather.py:360: Fetched new weather data at 2025-01-28 20:10:22.452385
2025-01-28 20:20:22 INFO weather.py:360: Fetched new weather data at 2025-01-28 20:20:22.449855
2025-01-28 20:30:22 INFO weather.py:360: Fetched new weather data at 2025-01-28 20:30:22.449873
2025-01-28 20:37:54 WARNING event_listener.py:83: Pipe has been ended: (109, 'PeekNamedPipe', 'The pipe has been ended.')
2025-01-28 20:37:54 INFO event_listener.py:93: Attempting to reconnect...
2025-01-28 20:43:58 INFO log.py:21: Yasb v1.5.5
2025-01-28 20:43:58 DEBUG win32.py:58: Looking up time zone info from registry
2025-01-28 20:44:00 INFO weather.py:360: Fetched new weather data at 2025-01-28 20:44:00.262133
2025-01-28 20:44:00 DEBUG __init__.py:140: CoInitializeEx(None, 2)
2025-01-28 20:44:00 INFO app_bar.py:103: Bar Created on Screen: EA232WMi [Bar Height: 42px, DPI Scale: 1.0, Scale Screen: True, Screen Geometry: X: 0, Y: 0, Screen Width: 1920, Screen Height: 1080]
2025-01-28 20:44:00 INFO event_listener.py:52: Created named pipe yasb-d6fbf194-dda7-11ef-a6fa-58cdc9ee9bc0
2025-01-28 20:44:00 INFO event_listener.py:106: Waiting for Komorebi to subscribe to named pipe yasb-d6fbf194-dda7-11ef-a6fa-58cdc9ee9bc0
2025-01-28 20:44:00 INFO watcher.py:39: Created file watcher for path C:\Users\bilay\.config\yasb
2025-01-28 20:44:00 DEBUG _windows.py:213: Starting (proactor: <_IocpProactor overlapped#=0 result#=0>)...
2025-01-28 20:44:00 DEBUG _windows.py:192: Thread started
2025-01-28 20:44:00 INFO event_listener.py:118: Komorebi connected to named pipe: yasb-d6fbf194-dda7-11ef-a6fa-58cdc9ee9bc0
2025-01-28 20:54:00 INFO weather.py:360: Fetched new weather data at 2025-01-28 20:54:00.268446
2025-01-28 21:04:00 INFO weather.py:360: Fetched new weather data at 2025-01-28 21:04:00.266358
2025-01-28 21:05:28 WARNING event_listener.py:83: Pipe has been ended: (109, 'PeekNamedPipe', 'The pipe has been ended.')
2025-01-28 21:05:28 INFO event_listener.py:93: Attempting to reconnect...
2025-01-28 21:05:33 INFO event_listener.py:52: Created named pipe yasb-d6fbf194-dda7-11ef-a6fa-58cdc9ee9bc0
2025-01-28 21:05:33 INFO event_listener.py:106: Waiting for Komorebi to subscribe to named pipe yasb-d6fbf194-dda7-11ef-a6fa-58cdc9ee9bc0
2025-01-28 21:05:33 WARNING event_listener.py:111: Komorebi failed to subscribe named pipe. Waiting for subscription...
2025-01-29 19:43:27 INFO log.py:21: Yasb v1.5.5
2025-01-29 19:43:27 DEBUG win32.py:58: Looking up time zone info from registry
2025-01-29 19:43:29 INFO weather.py:360: Fetched new weather data at 2025-01-29 19:43:29.180399
2025-01-29 19:43:29 DEBUG __init__.py:140: CoInitializeEx(None, 2)
2025-01-29 19:43:29 INFO app_bar.py:103: Bar Created on Screen: EA232WMi [Bar Height: 42px, DPI Scale: 1.0, Scale Screen: True, Screen Geometry: X: 0, Y: 0, Screen Width: 1920, Screen Height: 1080]
2025-01-29 19:43:29 INFO event_listener.py:52: Created named pipe yasb-8d119ba9-de68-11ef-a9c7-58cdc9ee9bc0
2025-01-29 19:43:29 INFO event_listener.py:106: Waiting for Komorebi to subscribe to named pipe yasb-8d119ba9-de68-11ef-a9c7-58cdc9ee9bc0
2025-01-29 19:43:29 INFO watcher.py:39: Created file watcher for path C:\Users\bilay\.config\yasb
2025-01-29 19:43:29 DEBUG _windows.py:213: Starting (proactor: <_IocpProactor overlapped#=0 result#=0>)...
2025-01-29 19:43:29 DEBUG _windows.py:192: Thread started
2025-01-29 19:43:29 WARNING event_listener.py:111: Komorebi failed to subscribe named pipe. Waiting for subscription...
2025-01-29 19:44:12 INFO log.py:21: Yasb v1.5.5
2025-01-29 19:44:12 DEBUG win32.py:58: Looking up time zone info from registry
2025-01-29 19:44:13 INFO weather.py:360: Fetched new weather data at 2025-01-29 19:44:13.046440
2025-01-29 19:44:13 DEBUG __init__.py:140: CoInitializeEx(None, 2)
2025-01-29 19:44:13 INFO app_bar.py:103: Bar Created on Screen: EA232WMi [Bar Height: 48px, DPI Scale: 1.0, Scale Screen: True, Screen Geometry: X: 0, Y: 0, Screen Width: 1920, Screen Height: 1080]
2025-01-29 19:44:13 INFO event_listener.py:52: Created named pipe yasb-a717b7ed-de68-11ef-a6f0-58cdc9ee9bc0
2025-01-29 19:44:13 INFO event_listener.py:106: Waiting for Komorebi to subscribe to named pipe yasb-a717b7ed-de68-11ef-a6f0-58cdc9ee9bc0
2025-01-29 19:44:13 INFO watcher.py:39: Created file watcher for path C:\Users\bilay\.config\yasb
2025-01-29 19:44:13 DEBUG _windows.py:213: Starting (proactor: <_IocpProactor overlapped#=0 result#=0>)...
2025-01-29 19:44:13 DEBUG _windows.py:192: Thread started
2025-01-29 19:44:13 WARNING event_listener.py:111: Komorebi failed to subscribe named pipe. Waiting for subscription...
2025-01-29 19:54:13 INFO weather.py:360: Fetched new weather data at 2025-01-29 19:54:13.042796
2025-01-29 20:04:13 INFO weather.py:360: Fetched new weather data at 2025-01-29 20:04:13.042035
2025-01-29 20:14:13 INFO weather.py:360: Fetched new weather data at 2025-01-29 20:14:13.051373
2025-01-29 20:24:13 INFO weather.py:360: Fetched new weather data at 2025-01-29 20:24:13.045725
2025-01-29 20:26:12 INFO event_listener.py:118: Komorebi connected to named pipe: yasb-a717b7ed-de68-11ef-a6f0-58cdc9ee9bc0
2025-01-29 20:34:13 INFO weather.py:360: Fetched new weather data at 2025-01-29 20:34:13.050114
2025-01-29 20:44:13 INFO weather.py:360: Fetched new weather data at 2025-01-29 20:44:13.048546
2025-01-29 20:48:39 INFO log.py:21: Yasb v1.5.5
2025-01-29 20:48:39 DEBUG win32.py:58: Looking up time zone info from registry
2025-01-29 20:48:41 INFO weather.py:360: Fetched new weather data at 2025-01-29 20:48:41.049120
2025-01-29 20:48:41 DEBUG __init__.py:140: CoInitializeEx(None, 2)
2025-01-29 20:48:41 INFO app_bar.py:103: Bar Created on Screen: EA232WMi [Bar Height: 46px, DPI Scale: 1.0, Scale Screen: True, Screen Geometry: X: 0, Y: 0, Screen Width: 1920, Screen Height: 1080]
2025-01-29 20:48:41 INFO event_listener.py:52: Created named pipe yasb-a8ad2384-de71-11ef-b190-58cdc9ee9bc0
2025-01-29 20:48:41 INFO event_listener.py:106: Waiting for Komorebi to subscribe to named pipe yasb-a8ad2384-de71-11ef-b190-58cdc9ee9bc0
2025-01-29 20:48:41 INFO watcher.py:39: Created file watcher for path C:\Users\bilay\.config\yasb
2025-01-29 20:48:41 DEBUG _windows.py:213: Starting (proactor: <_IocpProactor overlapped#=0 result#=0>)...
2025-01-29 20:48:41 DEBUG _windows.py:192: Thread started
2025-01-29 20:48:41 INFO event_listener.py:118: Komorebi connected to named pipe: yasb-a8ad2384-de71-11ef-b190-58cdc9ee9bc0
2025-01-29 20:48:44 INFO log.py:21: Yasb v1.5.5
2025-01-29 20:48:44 DEBUG win32.py:58: Looking up time zone info from registry
2025-01-29 20:48:45 INFO weather.py:360: Fetched new weather data at 2025-01-29 20:48:45.043869
2025-01-29 20:48:45 DEBUG __init__.py:140: CoInitializeEx(None, 2)
2025-01-29 20:48:45 INFO app_bar.py:103: Bar Created on Screen: EA232WMi [Bar Height: 44px, DPI Scale: 1.0, Scale Screen: True, Screen Geometry: X: 0, Y: 0, Screen Width: 1920, Screen Height: 1080]
2025-01-29 20:48:45 INFO event_listener.py:52: Created named pipe yasb-aaf4744b-de71-11ef-a5e1-58cdc9ee9bc0
2025-01-29 20:48:45 INFO event_listener.py:106: Waiting for Komorebi to subscribe to named pipe yasb-aaf4744b-de71-11ef-a5e1-58cdc9ee9bc0
2025-01-29 20:48:45 INFO watcher.py:39: Created file watcher for path C:\Users\bilay\.config\yasb
2025-01-29 20:48:45 DEBUG _windows.py:213: Starting (proactor: <_IocpProactor overlapped#=0 result#=0>)...
2025-01-29 20:48:45 DEBUG _windows.py:192: Thread started
2025-01-29 20:48:45 INFO event_listener.py:118: Komorebi connected to named pipe: yasb-aaf4744b-de71-11ef-a5e1-58cdc9ee9bc0
2025-01-29 20:48:50 INFO log.py:21: Yasb v1.5.5
2025-01-29 20:48:50 DEBUG win32.py:58: Looking up time zone info from registry
2025-01-29 20:48:50 INFO weather.py:360: Fetched new weather data at 2025-01-29 20:48:50.556699
2025-01-29 20:48:50 DEBUG __init__.py:140: CoInitializeEx(None, 2)
2025-01-29 20:48:50 INFO app_bar.py:103: Bar Created on Screen: EA232WMi [Bar Height: 48px, DPI Scale: 1.0, Scale Screen: True, Screen Geometry: X: 0, Y: 0, Screen Width: 1920, Screen Height: 1080]
2025-01-29 20:48:50 INFO event_listener.py:52: Created named pipe yasb-ae45547c-de71-11ef-a3cb-58cdc9ee9bc0
2025-01-29 20:48:50 INFO event_listener.py:106: Waiting for Komorebi to subscribe to named pipe yasb-ae45547c-de71-11ef-a3cb-58cdc9ee9bc0
2025-01-29 20:48:50 INFO watcher.py:39: Created file watcher for path C:\Users\bilay\.config\yasb
2025-01-29 20:48:50 DEBUG _windows.py:213: Starting (proactor: <_IocpProactor overlapped#=0 result#=0>)...
2025-01-29 20:48:50 DEBUG _windows.py:192: Thread started
2025-01-29 20:48:50 INFO event_listener.py:118: Komorebi connected to named pipe: yasb-ae45547c-de71-11ef-a3cb-58cdc9ee9bc0
2025-01-29 20:58:50 INFO weather.py:360: Fetched new weather data at 2025-01-29 20:58:50.554411
2025-01-29 21:08:50 INFO weather.py:360: Fetched new weather data at 2025-01-29 21:08:50.574566
2025-01-29 21:18:50 INFO weather.py:360: Fetched new weather data at 2025-01-29 21:18:50.581281
2025-01-29 21:28:50 INFO weather.py:360: Fetched new weather data at 2025-01-29 21:28:50.574827
2025-01-29 21:36:23 WARNING event_listener.py:83: Pipe has been ended: (109, 'PeekNamedPipe', 'The pipe has been ended.')
2025-01-29 21:36:23 INFO event_listener.py:93: Attempting to reconnect...
2025-01-30 18:18:23 INFO log.py:21: Yasb v1.5.5
2025-01-30 18:18:23 DEBUG win32.py:58: Looking up time zone info from registry
2025-01-30 18:18:25 INFO weather.py:360: Fetched new weather data at 2025-01-30 18:18:25.012528
2025-01-30 18:18:25 DEBUG __init__.py:140: CoInitializeEx(None, 2)
2025-01-30 18:18:25 INFO app_bar.py:103: Bar Created on Screen: EA232WMi [Bar Height: 48px, DPI Scale: 1.0, Scale Screen: True, Screen Geometry: X: 0, Y: 0, Screen Width: 1920, Screen Height: 1080]
2025-01-30 18:18:25 INFO event_listener.py:52: Created named pipe yasb-d52b8f27-df25-11ef-af3b-58cdc9ee9bc0
2025-01-30 18:18:25 INFO event_listener.py:106: Waiting for Komorebi to subscribe to named pipe yasb-d52b8f27-df25-11ef-af3b-58cdc9ee9bc0
2025-01-30 18:18:25 INFO watcher.py:39: Created file watcher for path C:\Users\bilay\.config\yasb
2025-01-30 18:18:25 DEBUG _windows.py:213: Starting (proactor: <_IocpProactor overlapped#=0 result#=0>)...
2025-01-30 18:18:25 DEBUG _windows.py:192: Thread started
2025-01-30 18:18:25 WARNING event_listener.py:111: Komorebi failed to subscribe named pipe. Waiting for subscription...
2025-01-30 18:18:35 INFO event_listener.py:118: Komorebi connected to named pipe: yasb-d52b8f27-df25-11ef-af3b-58cdc9ee9bc0
2025-01-30 18:18:36 INFO log.py:21: Yasb v1.5.5
2025-01-30 18:18:36 ERROR main.py:82: Another instance of the YASB is already running.
2025-01-30 18:28:25 INFO weather.py:360: Fetched new weather data at 2025-01-30 18:28:25.033126
2025-01-30 18:38:25 INFO weather.py:360: Fetched new weather data at 2025-01-30 18:38:25.025906
2025-01-30 18:48:25 INFO weather.py:360: Fetched new weather data at 2025-01-30 18:48:25.023064
2025-01-30 18:58:25 INFO weather.py:360: Fetched new weather data at 2025-01-30 18:58:25.099743
2025-01-30 19:08:25 INFO weather.py:360: Fetched new weather data at 2025-01-30 19:08:25.108532
2025-01-30 19:18:25 INFO weather.py:360: Fetched new weather data at 2025-01-30 19:18:25.128273
2025-01-30 19:28:25 INFO weather.py:360: Fetched new weather data at 2025-01-30 19:28:25.164727
2025-01-30 19:38:25 INFO weather.py:360: Fetched new weather data at 2025-01-30 19:38:25.168727
2025-01-30 19:44:55 DEBUG _windows.py:218: Stopping worker thread...
2025-01-30 19:44:55 DEBUG _windows.py:201: Exiting thread
2025-01-30 19:44:55 DEBUG _windows.py:75: Closing
2025-01-30 19:44:55 ERROR event_service.py:30: Failed to emit signal <bound PYQT_SIGNAL k_signal_update of WorkspaceWidget object at 0x000001E2F55365D0>. Removing link to KomorebiEvent.KomorebiUpdate.
2025-01-30 19:49:01 INFO log.py:21: Yasb v1.5.7
2025-01-30 19:49:01 DEBUG win32.py:58: Looking up time zone info from registry
2025-01-30 19:49:03 INFO weather.py:359: Fetched new weather data at 2025-01-30 19:49:03.330162
2025-01-30 19:49:03 DEBUG __init__.py:140: CoInitializeEx(None, 2)
2025-01-30 19:49:03 INFO app_bar.py:103: Bar Created on Screen: EA232WMi [Bar Height: 48px, DPI Scale: 1.0, Scale Screen: True, Screen Geometry: X: 0, Y: 0, Screen Width: 1920, Screen Height: 1080]
2025-01-30 19:49:03 INFO event_listener.py:52: Created named pipe yasb-7ea9b912-df32-11ef-8aab-58cdc9ee9bc0
2025-01-30 19:49:03 INFO event_listener.py:106: Waiting for Komorebi to subscribe to named pipe yasb-7ea9b912-df32-11ef-8aab-58cdc9ee9bc0
2025-01-30 19:49:03 INFO watcher.py:39: Created file watcher for path C:\Users\bilay\.config\yasb
2025-01-30 19:49:03 DEBUG _windows.py:213: Starting (proactor: <_IocpProactor overlapped#=0 result#=0>)...
2025-01-30 19:49:03 DEBUG _windows.py:192: Thread started
2025-01-30 19:49:03 INFO event_listener.py:118: Komorebi connected to named pipe: yasb-7ea9b912-df32-11ef-8aab-58cdc9ee9bc0
2025-01-30 19:59:03 INFO weather.py:359: Fetched new weather data at 2025-01-30 19:59:03.327812
2025-01-30 20:09:03 INFO weather.py:359: Fetched new weather data at 2025-01-30 20:09:03.325864
2025-01-30 20:19:03 INFO weather.py:359: Fetched new weather data at 2025-01-30 20:19:03.320743
2025-01-30 20:29:03 INFO weather.py:359: Fetched new weather data at 2025-01-30 20:29:03.447020
2025-01-30 20:39:03 INFO weather.py:359: Fetched new weather data at 2025-01-30 20:39:03.444181
2025-01-30 20:49:03 INFO weather.py:359: Fetched new weather data at 2025-01-30 20:49:03.448195
2025-01-30 20:59:03 INFO weather.py:359: Fetched new weather data at 2025-01-30 20:59:03.453306
2025-01-30 21:09:03 INFO weather.py:359: Fetched new weather data at 2025-01-30 21:09:03.443615
2025-01-30 21:19:03 INFO weather.py:359: Fetched new weather data at 2025-01-30 21:19:03.450240
2025-01-30 21:29:03 INFO weather.py:359: Fetched new weather data at 2025-01-30 21:29:03.446186
2025-01-30 21:39:03 INFO weather.py:359: Fetched new weather data at 2025-01-30 21:39:03.456193
2025-01-30 21:49:03 INFO weather.py:359: Fetched new weather data at 2025-01-30 21:49:03.448503
2025-01-30 21:59:03 INFO weather.py:359: Fetched new weather data at 2025-01-30 21:59:03.455049
2025-01-30 22:02:57 WARNING event_listener.py:83: Pipe has been ended: (109, 'PeekNamedPipe', 'The pipe has been ended.')
2025-01-30 22:02:57 INFO event_listener.py:93: Attempting to reconnect...
2025-01-31 19:38:59 INFO log.py:21: Yasb v1.5.7
2025-01-31 19:38:59 DEBUG win32.py:58: Looking up time zone info from registry
2025-01-31 19:39:00 INFO weather.py:359: Fetched new weather data at 2025-01-31 19:39:00.986214
2025-01-31 19:39:01 DEBUG __init__.py:140: CoInitializeEx(None, 2)
2025-01-31 19:39:01 INFO app_bar.py:103: Bar Created on Screen: EA232WMi [Bar Height: 48px, DPI Scale: 1.0, Scale Screen: True, Screen Geometry: X: 0, Y: 0, Screen Width: 1920, Screen Height: 1080]
2025-01-31 19:39:01 INFO event_listener.py:52: Created named pipe yasb-421b2297-dffa-11ef-8eb4-58cdc9ee9bc0
2025-01-31 19:39:01 INFO event_listener.py:106: Waiting for Komorebi to subscribe to named pipe yasb-421b2297-dffa-11ef-8eb4-58cdc9ee9bc0
2025-01-31 19:39:01 INFO watcher.py:39: Created file watcher for path C:\Users\bilay\.config\yasb
2025-01-31 19:39:01 DEBUG _windows.py:213: Starting (proactor: <_IocpProactor overlapped#=0 result#=0>)...
2025-01-31 19:39:01 DEBUG _windows.py:192: Thread started
2025-01-31 19:39:01 INFO event_listener.py:118: Komorebi connected to named pipe: yasb-421b2297-dffa-11ef-8eb4-58cdc9ee9bc0
2025-01-31 19:49:00 INFO weather.py:359: Fetched new weather data at 2025-01-31 19:49:00.979398
2025-01-31 19:59:00 INFO weather.py:359: Fetched new weather data at 2025-01-31 19:59:00.989619
2025-01-31 20:09:00 INFO weather.py:359: Fetched new weather data at 2025-01-31 20:09:00.997411
2025-01-31 20:19:01 INFO weather.py:359: Fetched new weather data at 2025-01-31 20:19:01.003173
2025-01-31 20:29:01 INFO weather.py:359: Fetched new weather data at 2025-01-31 20:29:01.014508
2025-01-31 20:39:01 INFO weather.py:359: Fetched new weather data at 2025-01-31 20:39:01.029980
2025-01-31 20:49:01 INFO weather.py:359: Fetched new weather data at 2025-01-31 20:49:01.039077
2025-01-31 20:59:01 INFO weather.py:359: Fetched new weather data at 2025-01-31 20:59:01.048836
2025-01-31 21:09:01 INFO weather.py:359: Fetched new weather data at 2025-01-31 21:09:01.046641
2025-01-31 21:12:17 INFO bar.py:99: Screen geometry changed. Updating position for bar (status-bar_EA232WMi_3714d956)
2025-01-31 21:12:17 INFO app_bar.py:103: Bar Created on Screen: EA232WMi [Bar Height: 48px, DPI Scale: 1.0, Scale Screen: True, Screen Geometry: X: 0, Y: 0, Screen Width: 800, Screen Height: 600]
2025-01-31 21:12:17 INFO bar.py:99: Screen geometry changed. Updating position for bar (status-bar_EA232WMi_3714d956)
2025-01-31 21:12:17 INFO app_bar.py:103: Bar Created on Screen: EA232WMi [Bar Height: 48px, DPI Scale: 1.0, Scale Screen: True, Screen Geometry: X: 0, Y: 0, Screen Width: 1920, Screen Height: 1080]
2025-01-31 21:19:01 INFO weather.py:359: Fetched new weather data at 2025-01-31 21:19:01.045014
2025-01-31 21:29:01 INFO weather.py:359: Fetched new weather data at 2025-01-31 21:29:01.046573
2025-01-31 21:39:01 INFO weather.py:359: Fetched new weather data at 2025-01-31 21:39:01.045808
2025-01-31 21:49:01 INFO weather.py:359: Fetched new weather data at 2025-01-31 21:49:01.044491
2025-01-31 21:58:14 WARNING event_listener.py:83: Pipe has been ended: (109, 'PeekNamedPipe', 'The pipe has been ended.')
2025-01-31 21:58:14 INFO event_listener.py:93: Attempting to reconnect...
2025-02-01 11:17:46 INFO log.py:21: Yasb v1.5.7
2025-02-01 11:17:46 DEBUG win32.py:58: Looking up time zone info from registry
2025-02-01 11:17:47 INFO weather.py:359: Fetched new weather data at 2025-02-01 11:17:47.827199
2025-02-01 11:17:47 DEBUG __init__.py:140: CoInitializeEx(None, 2)
2025-02-01 11:17:48 INFO app_bar.py:103: Bar Created on Screen: EA232WMi [Bar Height: 48px, DPI Scale: 1.0, Scale Screen: True, Screen Geometry: X: 0, Y: 0, Screen Width: 1920, Screen Height: 1080]
2025-02-01 11:17:48 INFO event_listener.py:52: Created named pipe yasb-6779325a-e07d-11ef-b391-58cdc9ee9bc0
2025-02-01 11:17:48 INFO event_listener.py:106: Waiting for Komorebi to subscribe to named pipe yasb-6779325a-e07d-11ef-b391-58cdc9ee9bc0
2025-02-01 11:17:48 INFO watcher.py:39: Created file watcher for path C:\Users\bilay\.config\yasb
2025-02-01 11:17:48 DEBUG _windows.py:213: Starting (proactor: <_IocpProactor overlapped#=0 result#=0>)...
2025-02-01 11:17:48 DEBUG _windows.py:192: Thread started
2025-02-01 11:17:48 INFO event_listener.py:118: Komorebi connected to named pipe: yasb-6779325a-e07d-11ef-b391-58cdc9ee9bc0
2025-02-01 11:20:10 INFO log.py:21: Yasb v1.5.7
2025-02-01 11:20:10 DEBUG win32.py:58: Looking up time zone info from registry
2025-02-01 11:20:10 INFO weather.py:359: Fetched new weather data at 2025-02-01 11:20:10.299764
2025-02-01 11:20:10 DEBUG __init__.py:140: CoInitializeEx(None, 2)
2025-02-01 11:20:10 INFO app_bar.py:103: Bar Created on Screen: EA232WMi [Bar Height: 42px, DPI Scale: 1.0, Scale Screen: True, Screen Geometry: X: 0, Y: 0, Screen Width: 1920, Screen Height: 1080]
2025-02-01 11:20:10 INFO event_listener.py:52: Created named pipe yasb-bc3fc391-e07d-11ef-9dc4-58cdc9ee9bc0
2025-02-01 11:20:10 INFO event_listener.py:106: Waiting for Komorebi to subscribe to named pipe yasb-bc3fc391-e07d-11ef-9dc4-58cdc9ee9bc0
2025-02-01 11:20:10 INFO watcher.py:39: Created file watcher for path C:\Users\bilay\.config\yasb
2025-02-01 11:20:10 DEBUG _windows.py:213: Starting (proactor: <_IocpProactor overlapped#=0 result#=0>)...
2025-02-01 11:20:10 DEBUG _windows.py:192: Thread started
2025-02-01 11:20:10 INFO event_listener.py:118: Komorebi connected to named pipe: yasb-bc3fc391-e07d-11ef-9dc4-58cdc9ee9bc0
2025-02-01 11:30:10 INFO weather.py:359: Fetched new weather data at 2025-02-01 11:30:10.291130
2025-02-01 11:40:10 INFO weather.py:359: Fetched new weather data at 2025-02-01 11:40:10.287593
2025-02-01 11:50:10 INFO weather.py:359: Fetched new weather data at 2025-02-01 11:50:10.288245
2025-02-01 12:00:10 INFO weather.py:359: Fetched new weather data at 2025-02-01 12:00:10.295123
2025-02-01 12:10:10 INFO weather.py:359: Fetched new weather data at 2025-02-01 12:10:10.300161
2025-02-01 12:20:10 INFO weather.py:359: Fetched new weather data at 2025-02-01 12:20:10.311145
2025-02-01 12:30:10 INFO weather.py:359: Fetched new weather data at 2025-02-01 12:30:10.305171
2025-02-01 12:40:10 INFO weather.py:359: Fetched new weather data at 2025-02-01 12:40:10.313918
2025-02-01 12:50:10 INFO weather.py:359: Fetched new weather data at 2025-02-01 12:50:10.303915
2025-02-01 13:00:10 INFO weather.py:359: Fetched new weather data at 2025-02-01 13:00:10.303199
2025-02-01 13:10:10 INFO weather.py:359: Fetched new weather data at 2025-02-01 13:10:10.306148
2025-02-01 13:20:10 INFO weather.py:359: Fetched new weather data at 2025-02-01 13:20:10.306708
2025-02-01 13:30:10 INFO weather.py:359: Fetched new weather data at 2025-02-01 13:30:10.310332
2025-02-01 13:40:10 INFO weather.py:359: Fetched new weather data at 2025-02-01 13:40:10.316629
2025-02-01 13:50:10 INFO weather.py:359: Fetched new weather data at 2025-02-01 13:50:10.319862
2025-02-01 14:00:10 INFO weather.py:359: Fetched new weather data at 2025-02-01 14:00:10.344354
2025-02-01 14:10:10 INFO weather.py:359: Fetched new weather data at 2025-02-01 14:10:10.353931
2025-02-01 14:20:10 INFO weather.py:359: Fetched new weather data at 2025-02-01 14:20:10.375068
2025-02-01 14:30:10 INFO weather.py:359: Fetched new weather data at 2025-02-01 14:30:10.388825
2025-02-01 14:40:10 INFO weather.py:359: Fetched new weather data at 2025-02-01 14:40:10.389155
2025-02-01 14:50:10 INFO weather.py:359: Fetched new weather data at 2025-02-01 14:50:10.401901
2025-02-01 15:00:10 INFO weather.py:359: Fetched new weather data at 2025-02-01 15:00:10.404842
2025-02-01 15:10:10 INFO weather.py:359: Fetched new weather data at 2025-02-01 15:10:10.413077
2025-02-01 15:20:10 INFO weather.py:359: Fetched new weather data at 2025-02-01 15:20:10.414905
2025-02-01 15:30:10 INFO weather.py:359: Fetched new weather data at 2025-02-01 15:30:10.420266
2025-02-01 15:40:10 INFO weather.py:359: Fetched new weather data at 2025-02-01 15:40:10.424270
2025-02-01 15:50:10 INFO weather.py:359: Fetched new weather data at 2025-02-01 15:50:10.426792
2025-02-01 15:59:21 WARNING event_listener.py:83: Pipe has been ended: (109, 'PeekNamedPipe', 'The pipe has been ended.')
2025-02-01 15:59:21 INFO event_listener.py:93: Attempting to reconnect...
2025-02-01 15:59:26 INFO event_listener.py:52: Created named pipe yasb-bc3fc391-e07d-11ef-9dc4-58cdc9ee9bc0
2025-02-01 15:59:26 INFO event_listener.py:106: Waiting for Komorebi to subscribe to named pipe yasb-bc3fc391-e07d-11ef-9dc4-58cdc9ee9bc0
2025-02-01 15:59:26 WARNING event_listener.py:111: Komorebi failed to subscribe named pipe. Waiting for subscription...
2025-02-01 16:00:10 INFO weather.py:359: Fetched new weather data at 2025-02-01 16:00:10.412204
2025-02-01 16:10:10 INFO weather.py:359: Fetched new weather data at 2025-02-01 16:10:10.415028
2025-02-01 16:20:10 INFO weather.py:359: Fetched new weather data at 2025-02-01 16:20:10.428400
2025-02-01 16:30:10 INFO weather.py:359: Fetched new weather data at 2025-02-01 16:30:10.442613
2025-02-01 16:40:10 INFO weather.py:359: Fetched new weather data at 2025-02-01 16:40:10.457950
2025-02-01 16:50:10 INFO weather.py:359: Fetched new weather data at 2025-02-01 16:50:10.446824
2025-02-01 17:00:10 INFO weather.py:359: Fetched new weather data at 2025-02-01 17:00:10.445607
2025-02-01 17:10:10 INFO weather.py:359: Fetched new weather data at 2025-02-01 17:10:10.445693
2025-02-01 17:20:10 INFO weather.py:359: Fetched new weather data at 2025-02-01 17:20:10.460468
2025-02-01 17:22:54 INFO log.py:21: Yasb v1.5.7
2025-02-01 17:22:54 ERROR main.py:82: Another instance of the YASB is already running.
2025-02-01 17:22:57 INFO event_listener.py:118: Komorebi connected to named pipe: yasb-bc3fc391-e07d-11ef-9dc4-58cdc9ee9bc0
2025-02-01 17:30:10 INFO weather.py:359: Fetched new weather data at 2025-02-01 17:30:10.458734
2025-02-01 17:40:10 INFO weather.py:359: Fetched new weather data at 2025-02-01 17:40:10.474994
2025-02-01 17:50:10 INFO weather.py:359: Fetched new weather data at 2025-02-01 17:50:10.461572
2025-02-01 18:00:10 INFO weather.py:359: Fetched new weather data at 2025-02-01 18:00:10.460592
2025-02-01 18:05:31 WARNING event_listener.py:83: Pipe has been ended: (109, 'PeekNamedPipe', 'The pipe has been ended.')
2025-02-01 18:05:31 INFO event_listener.py:93: Attempting to reconnect...
2025-02-01 18:05:36 INFO event_listener.py:52: Created named pipe yasb-bc3fc391-e07d-11ef-9dc4-58cdc9ee9bc0
2025-02-01 18:05:36 INFO event_listener.py:106: Waiting for Komorebi to subscribe to named pipe yasb-bc3fc391-e07d-11ef-9dc4-58cdc9ee9bc0
2025-02-01 18:05:36 WARNING event_listener.py:111: Komorebi failed to subscribe named pipe. Waiting for subscription...
2025-02-01 18:10:10 INFO weather.py:359: Fetched new weather data at 2025-02-01 18:10:10.465232
2025-02-01 18:20:10 INFO weather.py:359: Fetched new weather data at 2025-02-01 18:20:10.471233
2025-02-01 18:30:10 INFO weather.py:359: Fetched new weather data at 2025-02-01 18:30:10.476426
2025-02-01 18:40:10 INFO weather.py:359: Fetched new weather data at 2025-02-01 18:40:10.487392
2025-02-01 18:50:10 INFO weather.py:359: Fetched new weather data at 2025-02-01 18:50:10.477684
2025-02-01 19:00:10 INFO weather.py:359: Fetched new weather data at 2025-02-01 19:00:10.484827
2025-02-01 19:10:10 INFO weather.py:359: Fetched new weather data at 2025-02-01 19:10:10.475086
2025-02-01 19:20:10 INFO weather.py:359: Fetched new weather data at 2025-02-01 19:20:10.475629
2025-02-01 19:30:10 INFO weather.py:359: Fetched new weather data at 2025-02-01 19:30:10.474122
2025-02-01 19:40:10 INFO weather.py:359: Fetched new weather data at 2025-02-01 19:40:10.484710
2025-02-01 19:50:10 INFO weather.py:359: Fetched new weather data at 2025-02-01 19:50:10.474404
2025-02-01 20:00:10 INFO weather.py:359: Fetched new weather data at 2025-02-01 20:00:10.482439
2025-02-01 20:10:10 INFO weather.py:359: Fetched new weather data at 2025-02-01 20:10:10.476383
2025-02-01 20:20:10 INFO weather.py:359: Fetched new weather data at 2025-02-01 20:20:10.480008
2025-02-01 20:30:10 INFO weather.py:359: Fetched new weather data at 2025-02-01 20:30:10.482217
2025-02-01 20:40:10 INFO weather.py:359: Fetched new weather data at 2025-02-01 20:40:10.478138
2025-02-01 20:50:10 INFO weather.py:359: Fetched new weather data at 2025-02-01 20:50:10.478104
2025-02-01 21:00:10 INFO weather.py:359: Fetched new weather data at 2025-02-01 21:00:10.476405
2025-02-01 21:10:10 INFO weather.py:359: Fetched new weather data at 2025-02-01 21:10:10.475135
2025-02-01 21:20:10 INFO weather.py:359: Fetched new weather data at 2025-02-01 21:20:10.475263
2025-02-01 21:30:10 INFO weather.py:359: Fetched new weather data at 2025-02-01 21:30:10.482278
2025-02-01 21:40:10 INFO weather.py:359: Fetched new weather data at 2025-02-01 21:40:10.481376
2025-02-01 21:50:10 INFO weather.py:359: Fetched new weather data at 2025-02-01 21:50:10.480600
2025-02-01 22:00:10 INFO weather.py:359: Fetched new weather data at 2025-02-01 22:00:10.475016
2025-02-02 10:22:24 INFO log.py:21: Yasb v1.5.7
2025-02-02 10:22:25 DEBUG win32.py:58: Looking up time zone info from registry
2025-02-02 10:22:27 INFO weather.py:359: Fetched new weather data at 2025-02-02 10:22:27.411091
2025-02-02 10:22:27 DEBUG __init__.py:140: CoInitializeEx(None, 2)
2025-02-02 10:22:27 INFO app_bar.py:103: Bar Created on Screen: EA232WMi [Bar Height: 42px, DPI Scale: 1.0, Scale Screen: True, Screen Geometry: X: 0, Y: 0, Screen Width: 1920, Screen Height: 1080]
2025-02-02 10:22:27 INFO event_listener.py:52: Created named pipe yasb-d6c22d1a-e13e-11ef-9c90-58cdc9ee9bc0
2025-02-02 10:22:27 INFO event_listener.py:106: Waiting for Komorebi to subscribe to named pipe yasb-d6c22d1a-e13e-11ef-9c90-58cdc9ee9bc0
2025-02-02 10:22:27 INFO watcher.py:39: Created file watcher for path C:\Users\bilay\.config\yasb
2025-02-02 10:22:27 DEBUG _windows.py:213: Starting (proactor: <_IocpProactor overlapped#=0 result#=0>)...
2025-02-02 10:22:27 DEBUG _windows.py:192: Thread started
2025-02-02 10:22:27 INFO event_listener.py:118: Komorebi connected to named pipe: yasb-d6c22d1a-e13e-11ef-9c90-58cdc9ee9bc0
2025-02-02 10:32:27 INFO weather.py:359: Fetched new weather data at 2025-02-02 10:32:27.397426
2025-02-02 10:42:27 INFO weather.py:359: Fetched new weather data at 2025-02-02 10:42:27.400716
2025-02-02 10:44:53 ERROR config.py:99: The file 'C:\Users\bilay\.config\yasb\config.yaml' contains Parser Error(s). Please fix:
while parsing a block mapping
  in "C:\Users\bilay\.config\yasb\config.yaml", line 157, column 11
expected <block end>, but found '<block mapping start>'
  in "C:\Users\bilay\.config\yasb\config.yaml", line 158, column 14
2025-02-02 10:44:53 ERROR config.py:99: The file 'C:\Users\bilay\.config\yasb\config.yaml' contains Parser Error(s). Please fix:
while parsing a block mapping
  in "C:\Users\bilay\.config\yasb\config.yaml", line 157, column 11
expected <block end>, but found '<block mapping start>'
  in "C:\Users\bilay\.config\yasb\config.yaml", line 158, column 14
2025-02-02 10:45:08 ERROR config.py:99: The file 'C:\Users\bilay\.config\yasb\config.yaml' contains Parser Error(s). Please fix:
while parsing a block mapping
  in "C:\Users\bilay\.config\yasb\config.yaml", line 157, column 11
expected <block end>, but found '<block mapping start>'
  in "C:\Users\bilay\.config\yasb\config.yaml", line 158, column 14
2025-02-02 10:45:08 ERROR config.py:99: The file 'C:\Users\bilay\.config\yasb\config.yaml' contains Parser Error(s). Please fix:
while parsing a block mapping
  in "C:\Users\bilay\.config\yasb\config.yaml", line 157, column 11
expected <block end>, but found '<block mapping start>'
  in "C:\Users\bilay\.config\yasb\config.yaml", line 158, column 14
2025-02-02 10:45:45 INFO log.py:21: Yasb v1.5.7
2025-02-02 10:45:45 DEBUG win32.py:58: Looking up time zone info from registry
2025-02-02 10:45:47 INFO weather.py:359: Fetched new weather data at 2025-02-02 10:45:47.712365
2025-02-02 10:45:47 DEBUG __init__.py:140: CoInitializeEx(None, 2)
2025-02-02 10:45:47 INFO app_bar.py:103: Bar Created on Screen: EA232WMi [Bar Height: 42px, DPI Scale: 1.0, Scale Screen: True, Screen Geometry: X: 0, Y: 0, Screen Width: 1920, Screen Height: 1080]
2025-02-02 10:45:48 INFO event_listener.py:52: Created named pipe yasb-1953f278-e142-11ef-a5cd-58cdc9ee9bc0
2025-02-02 10:45:48 INFO event_listener.py:106: Waiting for Komorebi to subscribe to named pipe yasb-1953f278-e142-11ef-a5cd-58cdc9ee9bc0
2025-02-02 10:45:48 INFO watcher.py:39: Created file watcher for path C:\Users\bilay\.config\yasb
2025-02-02 10:45:48 DEBUG _windows.py:213: Starting (proactor: <_IocpProactor overlapped#=0 result#=0>)...
2025-02-02 10:45:48 DEBUG _windows.py:192: Thread started
2025-02-02 10:45:48 INFO event_listener.py:118: Komorebi connected to named pipe: yasb-1953f278-e142-11ef-a5cd-58cdc9ee9bc0
2025-02-02 10:46:42 INFO bar_manager.py:47: Successfully loaded updated stylesheet and applied to all bars.
2025-02-02 10:47:19 INFO bar_manager.py:47: Successfully loaded updated stylesheet and applied to all bars.
2025-02-02 10:48:20 INFO bar_manager.py:47: Successfully loaded updated stylesheet and applied to all bars.
2025-02-02 10:49:04 INFO bar_manager.py:47: Successfully loaded updated stylesheet and applied to all bars.
2025-02-02 10:49:34 INFO bar_manager.py:47: Successfully loaded updated stylesheet and applied to all bars.
2025-02-02 10:49:49 INFO bar_manager.py:47: Successfully loaded updated stylesheet and applied to all bars.
2025-02-02 10:55:47 INFO weather.py:359: Fetched new weather data at 2025-02-02 10:55:47.718184
2025-02-02 11:05:47 INFO weather.py:359: Fetched new weather data at 2025-02-02 11:05:47.739257
2025-02-02 11:15:47 INFO weather.py:359: Fetched new weather data at 2025-02-02 11:15:47.727727
2025-02-02 11:25:47 INFO weather.py:359: Fetched new weather data at 2025-02-02 11:25:47.751962
2025-02-02 11:35:47 INFO weather.py:359: Fetched new weather data at 2025-02-02 11:35:47.761897
2025-02-02 11:45:21 WARNING event_listener.py:83: Pipe has been ended: (109, 'PeekNamedPipe', 'The pipe has been ended.')
2025-02-02 11:45:21 INFO event_listener.py:93: Attempting to reconnect...
2025-02-02 11:45:26 INFO event_listener.py:52: Created named pipe yasb-1953f278-e142-11ef-a5cd-58cdc9ee9bc0
2025-02-02 11:45:26 INFO event_listener.py:106: Waiting for Komorebi to subscribe to named pipe yasb-1953f278-e142-11ef-a5cd-58cdc9ee9bc0
2025-02-02 11:45:26 WARNING event_listener.py:111: Komorebi failed to subscribe named pipe. Waiting for subscription...
2025-02-02 11:45:47 INFO weather.py:359: Fetched new weather data at 2025-02-02 11:45:47.771056
2025-02-02 11:55:47 INFO weather.py:359: Fetched new weather data at 2025-02-02 11:55:47.769174
2025-02-02 12:05:47 INFO weather.py:359: Fetched new weather data at 2025-02-02 12:05:47.757968
2025-02-02 12:15:47 INFO weather.py:359: Fetched new weather data at 2025-02-02 12:15:47.783339
2025-02-02 12:25:47 INFO weather.py:359: Fetched new weather data at 2025-02-02 12:25:47.781356
2025-02-02 12:35:47 INFO weather.py:359: Fetched new weather data at 2025-02-02 12:35:47.781526
2025-02-02 12:45:47 INFO weather.py:359: Fetched new weather data at 2025-02-02 12:45:47.787643
2025-02-02 12:55:47 INFO weather.py:359: Fetched new weather data at 2025-02-02 12:55:47.788252
2025-02-05 11:21:14 INFO log.py:21: Yasb v1.5.7
2025-02-05 11:21:14 DEBUG win32.py:58: Looking up time zone info from registry
2025-02-05 11:21:16 INFO weather.py:359: Fetched new weather data at 2025-02-05 11:21:16.674349
2025-02-05 11:21:16 DEBUG __init__.py:140: CoInitializeEx(None, 2)
2025-02-05 11:21:16 INFO app_bar.py:103: Bar Created on Screen: EA232WMi [Bar Height: 42px, DPI Scale: 1.0, Scale Screen: True, Screen Geometry: X: 0, Y: 0, Screen Width: 1920, Screen Height: 1080]
2025-02-05 11:21:17 INFO event_listener.py:52: Created named pipe yasb-8d9a2d7b-e3a2-11ef-a505-58cdc9ee9bc0
2025-02-05 11:21:17 INFO event_listener.py:106: Waiting for Komorebi to subscribe to named pipe yasb-8d9a2d7b-e3a2-11ef-a505-58cdc9ee9bc0
2025-02-05 11:21:17 INFO watcher.py:39: Created file watcher for path C:\Users\bilay\.config\yasb
2025-02-05 11:21:17 DEBUG _windows.py:213: Starting (proactor: <_IocpProactor overlapped#=0 result#=0>)...
2025-02-05 11:21:17 DEBUG _windows.py:192: Thread started
2025-02-05 11:21:17 INFO event_listener.py:118: Komorebi connected to named pipe: yasb-8d9a2d7b-e3a2-11ef-a505-58cdc9ee9bc0
2025-02-05 11:31:16 INFO weather.py:359: Fetched new weather data at 2025-02-05 11:31:16.667597
2025-02-05 11:41:16 INFO weather.py:359: Fetched new weather data at 2025-02-05 11:41:16.666946
2025-02-05 11:51:16 INFO weather.py:359: Fetched new weather data at 2025-02-05 11:51:16.684732
2025-02-05 12:01:16 INFO weather.py:359: Fetched new weather data at 2025-02-05 12:01:16.684319
2025-02-05 12:11:16 INFO weather.py:359: Fetched new weather data at 2025-02-05 12:11:16.708410
2025-02-05 12:21:16 INFO weather.py:359: Fetched new weather data at 2025-02-05 12:21:16.698448
2025-02-05 12:31:16 INFO weather.py:359: Fetched new weather data at 2025-02-05 12:31:16.701233
2025-02-05 12:36:50 INFO bar_manager.py:47: Successfully loaded updated stylesheet and applied to all bars.
2025-02-05 12:41:16 INFO weather.py:359: Fetched new weather data at 2025-02-05 12:41:16.709309
2025-02-05 12:51:16 INFO weather.py:359: Fetched new weather data at 2025-02-05 12:51:16.721046
2025-02-05 13:01:16 INFO weather.py:359: Fetched new weather data at 2025-02-05 13:01:16.713516
2025-02-05 13:11:16 INFO weather.py:359: Fetched new weather data at 2025-02-05 13:11:16.710079
2025-02-05 13:21:16 INFO weather.py:359: Fetched new weather data at 2025-02-05 13:21:16.729080
2025-02-05 13:31:16 INFO weather.py:359: Fetched new weather data at 2025-02-05 13:31:16.749009
2025-02-05 13:41:16 INFO weather.py:359: Fetched new weather data at 2025-02-05 13:41:16.748750
2025-02-05 13:51:16 INFO weather.py:359: Fetched new weather data at 2025-02-05 13:51:16.753629
2025-02-05 14:01:16 INFO weather.py:359: Fetched new weather data at 2025-02-05 14:01:16.750246
2025-02-05 14:11:16 INFO weather.py:359: Fetched new weather data at 2025-02-05 14:11:16.749488
2025-02-05 14:21:16 INFO weather.py:359: Fetched new weather data at 2025-02-05 14:21:16.746587
2025-02-05 14:31:16 INFO weather.py:359: Fetched new weather data at 2025-02-05 14:31:16.749489
2025-02-05 14:41:16 INFO weather.py:359: Fetched new weather data at 2025-02-05 14:41:16.744174
2025-02-05 14:51:16 INFO weather.py:359: Fetched new weather data at 2025-02-05 14:51:16.750892
2025-02-05 15:01:16 INFO weather.py:359: Fetched new weather data at 2025-02-05 15:01:16.748102
2025-02-05 15:11:16 INFO weather.py:359: Fetched new weather data at 2025-02-05 15:11:16.745804
2025-02-05 15:21:16 INFO weather.py:359: Fetched new weather data at 2025-02-05 15:21:16.739932
2025-02-05 15:31:16 INFO weather.py:359: Fetched new weather data at 2025-02-05 15:31:16.746622
2025-02-05 15:41:16 INFO weather.py:359: Fetched new weather data at 2025-02-05 15:41:16.756777
2025-02-05 15:51:16 INFO weather.py:359: Fetched new weather data at 2025-02-05 15:51:16.756422
2025-02-05 16:01:16 INFO weather.py:359: Fetched new weather data at 2025-02-05 16:01:16.784263
2025-02-05 16:11:16 INFO weather.py:359: Fetched new weather data at 2025-02-05 16:11:16.788977
2025-02-05 16:21:16 INFO weather.py:359: Fetched new weather data at 2025-02-05 16:21:16.795648
2025-02-05 16:31:16 INFO weather.py:359: Fetched new weather data at 2025-02-05 16:31:16.791570
2025-02-05 16:38:34 WARNING event_listener.py:83: Pipe has been ended: (109, 'PeekNamedPipe', 'The pipe has been ended.')
2025-02-05 16:38:34 INFO event_listener.py:93: Attempting to reconnect...
2025-02-08 11:45:49 INFO log.py:21: Yasb v1.5.7
2025-02-08 11:45:49 DEBUG win32.py:58: Looking up time zone info from registry
2025-02-08 11:45:51 INFO weather.py:359: Fetched new weather data at 2025-02-08 11:45:51.669504
2025-02-08 11:45:51 DEBUG __init__.py:140: CoInitializeEx(None, 2)
2025-02-08 11:45:51 INFO app_bar.py:103: Bar Created on Screen: EA232WMi [Bar Height: 42px, DPI Scale: 1.0, Scale Screen: True, Screen Geometry: X: 0, Y: 0, Screen Width: 1920, Screen Height: 1080]
2025-02-08 11:45:52 INFO event_listener.py:52: Created named pipe yasb-7bf6f678-e601-11ef-8a06-58cdc9ee9bc0
2025-02-08 11:45:52 INFO event_listener.py:106: Waiting for Komorebi to subscribe to named pipe yasb-7bf6f678-e601-11ef-8a06-58cdc9ee9bc0
2025-02-08 11:45:52 INFO watcher.py:39: Created file watcher for path C:\Users\bilay\.config\yasb
2025-02-08 11:45:52 DEBUG _windows.py:213: Starting (proactor: <_IocpProactor overlapped#=0 result#=0>)...
2025-02-08 11:45:52 DEBUG _windows.py:192: Thread started
2025-02-08 11:45:52 WARNING event_listener.py:111: Komorebi failed to subscribe named pipe. Waiting for subscription...
2025-02-08 11:48:59 INFO log.py:21: Yasb v1.5.7
2025-02-08 11:48:59 ERROR main.py:82: Another instance of the YASB is already running.
2025-02-08 11:49:02 INFO event_listener.py:118: Komorebi connected to named pipe: yasb-7bf6f678-e601-11ef-8a06-58cdc9ee9bc0
2025-02-08 11:55:51 INFO weather.py:359: Fetched new weather data at 2025-02-08 11:55:51.685115
2025-02-08 12:05:51 INFO weather.py:359: Fetched new weather data at 2025-02-08 12:05:51.699038
2025-02-08 12:15:51 INFO weather.py:359: Fetched new weather data at 2025-02-08 12:15:51.704791
2025-02-08 12:25:51 INFO weather.py:359: Fetched new weather data at 2025-02-08 12:25:51.695925
2025-02-08 12:35:51 INFO weather.py:359: Fetched new weather data at 2025-02-08 12:35:51.695396
2025-02-08 12:45:51 INFO weather.py:359: Fetched new weather data at 2025-02-08 12:45:51.701908
2025-02-08 12:55:51 INFO weather.py:359: Fetched new weather data at 2025-02-08 12:55:51.708967
2025-02-08 13:05:51 INFO weather.py:359: Fetched new weather data at 2025-02-08 13:05:51.702823
2025-02-08 13:08:30 WARNING event_listener.py:83: Pipe has been ended: (109, 'PeekNamedPipe', 'The pipe has been ended.')
2025-02-08 13:08:30 INFO event_listener.py:93: Attempting to reconnect...
2025-02-08 15:33:24 INFO log.py:21: Yasb v1.5.7
2025-02-08 15:33:25 DEBUG win32.py:58: Looking up time zone info from registry
2025-02-08 15:33:27 INFO weather.py:359: Fetched new weather data at 2025-02-08 15:33:27.257850
2025-02-08 15:33:27 DEBUG __init__.py:140: CoInitializeEx(None, 2)
2025-02-08 15:33:27 INFO app_bar.py:103: Bar Created on Screen: EA232WMi [Bar Height: 42px, DPI Scale: 1.0, Scale Screen: True, Screen Geometry: X: 0, Y: 0, Screen Width: 1920, Screen Height: 1080]
2025-02-08 15:33:27 INFO event_listener.py:52: Created named pipe yasb-475ee41d-e621-11ef-a8f3-58cdc9ee9bc0
2025-02-08 15:33:27 INFO event_listener.py:106: Waiting for Komorebi to subscribe to named pipe yasb-475ee41d-e621-11ef-a8f3-58cdc9ee9bc0
2025-02-08 15:33:27 INFO watcher.py:39: Created file watcher for path C:\Users\bilay\.config\yasb
2025-02-08 15:33:27 DEBUG _windows.py:213: Starting (proactor: <_IocpProactor overlapped#=0 result#=0>)...
2025-02-08 15:33:27 DEBUG _windows.py:192: Thread started
2025-02-08 15:33:27 INFO event_listener.py:118: Komorebi connected to named pipe: yasb-475ee41d-e621-11ef-a8f3-58cdc9ee9bc0
2025-02-08 15:43:27 INFO weather.py:359: Fetched new weather data at 2025-02-08 15:43:27.263070
2025-02-08 15:53:27 INFO weather.py:359: Fetched new weather data at 2025-02-08 15:53:27.272204
2025-02-08 16:03:27 INFO weather.py:359: Fetched new weather data at 2025-02-08 16:03:27.263252
2025-02-08 16:13:27 INFO weather.py:359: Fetched new weather data at 2025-02-08 16:13:27.277262
2025-02-08 16:23:27 INFO weather.py:359: Fetched new weather data at 2025-02-08 16:23:27.291323
2025-02-08 16:33:27 INFO weather.py:359: Fetched new weather data at 2025-02-08 16:33:27.303121
2025-02-08 16:43:27 INFO weather.py:359: Fetched new weather data at 2025-02-08 16:43:27.294836
2025-02-08 16:53:27 INFO weather.py:359: Fetched new weather data at 2025-02-08 16:53:27.292673
2025-02-08 17:03:27 INFO weather.py:359: Fetched new weather data at 2025-02-08 17:03:27.297168
2025-02-08 17:13:27 INFO weather.py:359: Fetched new weather data at 2025-02-08 17:13:27.298572
2025-02-08 17:23:27 INFO weather.py:359: Fetched new weather data at 2025-02-08 17:23:27.303707
2025-02-08 17:33:27 INFO weather.py:359: Fetched new weather data at 2025-02-08 17:33:27.301989
2025-02-08 17:43:27 INFO weather.py:359: Fetched new weather data at 2025-02-08 17:43:27.294286
2025-02-08 17:53:27 INFO weather.py:359: Fetched new weather data at 2025-02-08 17:53:27.297071
2025-02-08 18:03:27 INFO weather.py:359: Fetched new weather data at 2025-02-08 18:03:27.290545
2025-02-08 18:13:27 INFO weather.py:359: Fetched new weather data at 2025-02-08 18:13:27.300545
2025-02-08 18:23:27 INFO weather.py:359: Fetched new weather data at 2025-02-08 18:23:27.302854
2025-02-08 18:33:27 INFO weather.py:359: Fetched new weather data at 2025-02-08 18:33:27.307827
2025-02-08 18:43:27 INFO weather.py:359: Fetched new weather data at 2025-02-08 18:43:27.315904
2025-02-08 18:53:27 INFO weather.py:359: Fetched new weather data at 2025-02-08 18:53:27.320799
2025-02-08 19:03:27 INFO weather.py:359: Fetched new weather data at 2025-02-08 19:03:27.331833
2025-02-08 19:13:27 INFO weather.py:359: Fetched new weather data at 2025-02-08 19:13:27.335537
2025-02-08 19:23:27 INFO weather.py:359: Fetched new weather data at 2025-02-08 19:23:27.357444
2025-02-08 19:33:27 INFO weather.py:359: Fetched new weather data at 2025-02-08 19:33:27.367143
2025-02-08 19:43:27 INFO weather.py:359: Fetched new weather data at 2025-02-08 19:43:27.373052
2025-02-08 19:53:27 INFO weather.py:359: Fetched new weather data at 2025-02-08 19:53:27.379030
2025-02-08 20:03:27 INFO weather.py:359: Fetched new weather data at 2025-02-08 20:03:27.370588
2025-02-08 20:13:27 INFO weather.py:359: Fetched new weather data at 2025-02-08 20:13:27.390919
2025-02-08 20:23:27 INFO weather.py:359: Fetched new weather data at 2025-02-08 20:23:27.382201
2025-02-08 20:33:27 INFO weather.py:359: Fetched new weather data at 2025-02-08 20:33:27.381974
2025-02-08 20:43:27 INFO weather.py:359: Fetched new weather data at 2025-02-08 20:43:27.403830
2025-02-08 20:53:27 INFO weather.py:359: Fetched new weather data at 2025-02-08 20:53:27.399398
2025-02-08 21:03:27 INFO weather.py:359: Fetched new weather data at 2025-02-08 21:03:27.425448
2025-02-08 21:08:30 WARNING event_listener.py:83: Pipe has been ended: (109, 'PeekNamedPipe', 'The pipe has been ended.')
2025-02-08 21:08:30 INFO event_listener.py:93: Attempting to reconnect...
2025-02-11 18:44:08 INFO log.py:21: Yasb v1.5.7
2025-02-11 18:44:08 DEBUG win32.py:58: Looking up time zone info from registry
2025-02-11 18:44:10 INFO weather.py:359: Fetched new weather data at 2025-02-11 18:44:10.885257
2025-02-11 18:44:10 DEBUG __init__.py:140: CoInitializeEx(None, 2)
2025-02-11 18:44:11 INFO app_bar.py:103: Bar Created on Screen: EA232WMi [Bar Height: 42px, DPI Scale: 1.0, Scale Screen: True, Screen Geometry: X: 0, Y: 0, Screen Width: 1920, Screen Height: 1080]
2025-02-11 18:44:11 INFO event_listener.py:52: Created named pipe yasb-6b8d589c-e897-11ef-b424-58cdc9ee9bc0
2025-02-11 18:44:11 INFO event_listener.py:106: Waiting for Komorebi to subscribe to named pipe yasb-6b8d589c-e897-11ef-b424-58cdc9ee9bc0
2025-02-11 18:44:11 INFO watcher.py:39: Created file watcher for path C:\Users\bilay\.config\yasb
2025-02-11 18:44:11 DEBUG _windows.py:213: Starting (proactor: <_IocpProactor overlapped#=0 result#=0>)...
2025-02-11 18:44:11 DEBUG _windows.py:192: Thread started
2025-02-11 18:44:11 INFO event_listener.py:118: Komorebi connected to named pipe: yasb-6b8d589c-e897-11ef-b424-58cdc9ee9bc0
2025-02-11 18:54:10 INFO weather.py:359: Fetched new weather data at 2025-02-11 18:54:10.880325
2025-02-11 19:02:22 DEBUG _windows.py:218: Stopping worker thread...
2025-02-11 19:02:22 DEBUG _windows.py:201: Exiting thread
2025-02-11 19:02:22 DEBUG _windows.py:75: Closing
2025-02-11 19:02:50 INFO log.py:21: Yasb v1.5.91
2025-02-11 19:02:51 DEBUG win32.py:58: Looking up time zone info from registry
2025-02-11 19:02:53 INFO weather.py:366: Fetched new weather data at 2025-02-11 19:02:53.166007
2025-02-11 19:02:53 DEBUG __init__.py:149: CoInitializeEx(None, 2)
2025-02-11 19:02:53 INFO app_bar.py:103: Bar Created on Screen: EA232WMi [Bar Height: 42px, DPI Scale: 1.0, Scale Screen: True, Screen Geometry: X: 0, Y: 0, Screen Width: 1920, Screen Height: 1080]
2025-02-11 19:02:53 INFO event_listener.py:52: Created named pipe yasb-086b44fe-e89a-11ef-b747-58cdc9ee9bc0
2025-02-11 19:02:53 INFO event_listener.py:106: Waiting for Komorebi to subscribe to named pipe yasb-086b44fe-e89a-11ef-b747-58cdc9ee9bc0
2025-02-11 19:02:53 INFO watcher.py:39: Created file watcher for path C:\Users\bilay\.config\yasb
2025-02-11 19:02:53 DEBUG _windows.py:213: Starting (proactor: <_IocpProactor overlapped#=0 result#=0>)...
2025-02-11 19:02:53 DEBUG _windows.py:192: Thread started
2025-02-11 19:02:53 INFO event_listener.py:118: Komorebi connected to named pipe: yasb-086b44fe-e89a-11ef-b747-58cdc9ee9bc0
2025-02-11 19:02:56 WARNING weather.py:404: Could not load icon http://cdn.weatherapi.com/weather/64x64/day/113.png: <urlopen error timed out>
2025-02-11 19:12:53 INFO weather.py:366: Fetched new weather data at 2025-02-11 19:12:53.168824
2025-02-11 19:14:30 INFO log.py:21: Yasb v1.5.91
2025-02-11 19:14:30 ERROR main.py:82: Another instance of the YASB is already running.
2025-02-11 19:22:53 INFO weather.py:366: Fetched new weather data at 2025-02-11 19:22:53.170918
2025-02-11 19:32:53 INFO weather.py:366: Fetched new weather data at 2025-02-11 19:32:53.176930
2025-02-11 19:42:53 INFO weather.py:366: Fetched new weather data at 2025-02-11 19:42:53.197870
2025-02-11 19:52:53 INFO weather.py:366: Fetched new weather data at 2025-02-11 19:52:53.195588
2025-02-11 20:02:53 INFO weather.py:366: Fetched new weather data at 2025-02-11 20:02:53.200631
2025-02-11 20:12:53 INFO weather.py:366: Fetched new weather data at 2025-02-11 20:12:53.192558
2025-02-11 20:21:32 WARNING event_listener.py:83: Pipe has been ended: (109, 'PeekNamedPipe', 'The pipe has been ended.')
2025-02-11 20:21:32 INFO event_listener.py:93: Attempting to reconnect...
2025-02-11 20:21:37 INFO event_listener.py:52: Created named pipe yasb-086b44fe-e89a-11ef-b747-58cdc9ee9bc0
2025-02-11 20:21:37 INFO event_listener.py:106: Waiting for Komorebi to subscribe to named pipe yasb-086b44fe-e89a-11ef-b747-58cdc9ee9bc0
2025-02-11 20:21:37 WARNING event_listener.py:111: Komorebi failed to subscribe named pipe. Waiting for subscription...
2025-02-11 20:22:53 INFO weather.py:366: Fetched new weather data at 2025-02-11 20:22:53.203093
2025-02-11 20:32:53 INFO weather.py:366: Fetched new weather data at 2025-02-11 20:32:53.196221
2025-02-11 20:42:53 INFO weather.py:366: Fetched new weather data at 2025-02-11 20:42:53.215366
2025-02-11 20:52:53 INFO weather.py:366: Fetched new weather data at 2025-02-11 20:52:53.211187
2025-02-14 17:58:15 INFO log.py:21: Yasb v1.5.91
2025-02-14 17:58:15 DEBUG win32.py:58: Looking up time zone info from registry
2025-02-14 17:58:18 INFO weather.py:366: Fetched new weather data at 2025-02-14 17:58:18.502879
2025-02-14 17:58:18 DEBUG __init__.py:149: CoInitializeEx(None, 2)
2025-02-14 17:58:18 INFO app_bar.py:103: Bar Created on Screen: EA232WMi [Bar Height: 42px, DPI Scale: 1.0, Scale Screen: True, Screen Geometry: X: 0, Y: 0, Screen Width: 1920, Screen Height: 1080]
2025-02-14 17:58:19 INFO event_listener.py:52: Created named pipe yasb-824aaf71-eaec-11ef-b122-58cdc9ee9bc0
2025-02-14 17:58:19 INFO event_listener.py:106: Waiting for Komorebi to subscribe to named pipe yasb-824aaf71-eaec-11ef-b122-58cdc9ee9bc0
2025-02-14 17:58:19 INFO watcher.py:39: Created file watcher for path C:\Users\bilay\.config\yasb
2025-02-14 17:58:19 DEBUG _windows.py:213: Starting (proactor: <_IocpProactor overlapped#=0 result#=0>)...
2025-02-14 17:58:19 DEBUG _windows.py:192: Thread started
2025-02-14 17:58:19 INFO event_listener.py:118: Komorebi connected to named pipe: yasb-824aaf71-eaec-11ef-b122-58cdc9ee9bc0
2025-02-14 18:00:40 WARNING event_listener.py:83: Pipe has been ended: (109, 'PeekNamedPipe', 'The pipe has been ended.')
2025-02-14 18:00:40 INFO event_listener.py:93: Attempting to reconnect...
2025-02-15 11:57:05 INFO log.py:21: Yasb v1.5.91
2025-02-15 11:57:05 DEBUG win32.py:58: Looking up time zone info from registry
2025-02-15 11:57:07 INFO weather.py:366: Fetched new weather data at 2025-02-15 11:57:07.629126
2025-02-15 11:57:07 DEBUG __init__.py:149: CoInitializeEx(None, 2)
2025-02-15 11:57:07 INFO app_bar.py:103: Bar Created on Screen: EA232WMi [Bar Height: 42px, DPI Scale: 1.0, Scale Screen: True, Screen Geometry: X: 0, Y: 0, Screen Width: 1920, Screen Height: 1080]
2025-02-15 11:57:08 INFO event_listener.py:52: Created named pipe yasb-37cb6261-eb83-11ef-96a7-58cdc9ee9bc0
2025-02-15 11:57:08 INFO event_listener.py:106: Waiting for Komorebi to subscribe to named pipe yasb-37cb6261-eb83-11ef-96a7-58cdc9ee9bc0
2025-02-15 11:57:08 INFO watcher.py:39: Created file watcher for path C:\Users\bilay\.config\yasb
2025-02-15 11:57:08 DEBUG _windows.py:213: Starting (proactor: <_IocpProactor overlapped#=0 result#=0>)...
2025-02-15 11:57:08 DEBUG _windows.py:192: Thread started
2025-02-15 11:57:08 INFO event_listener.py:118: Komorebi connected to named pipe: yasb-37cb6261-eb83-11ef-96a7-58cdc9ee9bc0
2025-02-15 12:07:07 INFO weather.py:366: Fetched new weather data at 2025-02-15 12:07:07.631377
2025-02-15 12:17:07 INFO weather.py:366: Fetched new weather data at 2025-02-15 12:17:07.636744
2025-02-15 12:27:07 INFO weather.py:366: Fetched new weather data at 2025-02-15 12:27:07.635550
2025-02-15 12:37:07 INFO weather.py:366: Fetched new weather data at 2025-02-15 12:37:07.643218
2025-02-15 12:47:07 INFO weather.py:366: Fetched new weather data at 2025-02-15 12:47:07.637360
2025-02-15 12:57:07 INFO weather.py:366: Fetched new weather data at 2025-02-15 12:57:07.649165
2025-02-15 13:07:07 INFO weather.py:366: Fetched new weather data at 2025-02-15 13:07:07.664172
2025-02-15 13:17:07 INFO weather.py:366: Fetched new weather data at 2025-02-15 13:17:07.678037
2025-02-15 13:27:07 INFO weather.py:366: Fetched new weather data at 2025-02-15 13:27:07.687069
2025-02-15 13:37:07 INFO weather.py:366: Fetched new weather data at 2025-02-15 13:37:07.691955
2025-02-15 13:39:31 WARNING event_listener.py:83: Pipe has been ended: (109, 'PeekNamedPipe', 'The pipe has been ended.')
2025-02-15 13:39:31 INFO event_listener.py:93: Attempting to reconnect...
2025-02-15 13:39:36 INFO event_listener.py:52: Created named pipe yasb-37cb6261-eb83-11ef-96a7-58cdc9ee9bc0
2025-02-15 13:39:36 INFO event_listener.py:106: Waiting for Komorebi to subscribe to named pipe yasb-37cb6261-eb83-11ef-96a7-58cdc9ee9bc0
2025-02-15 13:39:36 WARNING event_listener.py:111: Komorebi failed to subscribe named pipe. Waiting for subscription...
2025-02-16 08:59:35 INFO log.py:21: Yasb v1.5.91
2025-02-16 08:59:35 DEBUG win32.py:58: Looking up time zone info from registry
2025-02-16 08:59:38 INFO weather.py:366: Fetched new weather data at 2025-02-16 08:59:38.276433
2025-02-16 08:59:38 DEBUG __init__.py:149: CoInitializeEx(None, 2)
2025-02-16 08:59:38 INFO app_bar.py:103: Bar Created on Screen: EA232WMi [Bar Height: 42px, DPI Scale: 1.0, Scale Screen: True, Screen Geometry: X: 0, Y: 0, Screen Width: 1920, Screen Height: 1080]
2025-02-16 08:59:38 INFO event_listener.py:52: Created named pipe yasb-96b543bb-ec33-11ef-a82c-58cdc9ee9bc0
2025-02-16 08:59:38 INFO event_listener.py:106: Waiting for Komorebi to subscribe to named pipe yasb-96b543bb-ec33-11ef-a82c-58cdc9ee9bc0
2025-02-16 08:59:38 INFO watcher.py:39: Created file watcher for path C:\Users\bilay\.config\yasb
2025-02-16 08:59:38 DEBUG _windows.py:213: Starting (proactor: <_IocpProactor overlapped#=0 result#=0>)...
2025-02-16 08:59:38 DEBUG _windows.py:192: Thread started
2025-02-16 08:59:38 INFO event_listener.py:118: Komorebi connected to named pipe: yasb-96b543bb-ec33-11ef-a82c-58cdc9ee9bc0
2025-02-16 09:09:38 INFO weather.py:366: Fetched new weather data at 2025-02-16 09:09:38.276457
2025-02-16 09:19:38 INFO weather.py:366: Fetched new weather data at 2025-02-16 09:19:38.277877
2025-02-16 09:29:38 INFO weather.py:366: Fetched new weather data at 2025-02-16 09:29:38.285393
2025-02-16 09:39:38 INFO weather.py:366: Fetched new weather data at 2025-02-16 09:39:38.275150
2025-02-16 09:49:38 INFO weather.py:366: Fetched new weather data at 2025-02-16 09:49:38.270941
2025-02-16 09:59:38 INFO weather.py:366: Fetched new weather data at 2025-02-16 09:59:38.273191
2025-02-16 10:09:38 INFO weather.py:366: Fetched new weather data at 2025-02-16 10:09:38.271155
2025-02-16 12:19:38 INFO weather.py:366: Fetched new weather data at 2025-02-16 12:19:38.406672
2025-02-16 12:29:38 INFO weather.py:366: Fetched new weather data at 2025-02-16 12:29:38.409640
2025-02-16 12:39:38 INFO weather.py:366: Fetched new weather data at 2025-02-16 12:39:38.407589
2025-02-16 12:49:38 INFO weather.py:366: Fetched new weather data at 2025-02-16 12:49:38.407814
2025-02-16 12:59:38 INFO weather.py:366: Fetched new weather data at 2025-02-16 12:59:38.407330
2025-02-16 13:09:38 INFO weather.py:366: Fetched new weather data at 2025-02-16 13:09:38.411330
2025-02-16 13:19:38 INFO weather.py:366: Fetched new weather data at 2025-02-16 13:19:38.415831
2025-02-16 13:29:38 INFO weather.py:366: Fetched new weather data at 2025-02-16 13:29:38.404830
2025-02-17 10:13:22 INFO log.py:21: Yasb v1.5.91
2025-02-17 10:13:22 DEBUG win32.py:58: Looking up time zone info from registry
2025-02-17 10:13:24 INFO weather.py:366: Fetched new weather data at 2025-02-17 10:13:24.870253
2025-02-17 10:13:24 DEBUG __init__.py:149: CoInitializeEx(None, 2)
2025-02-17 10:13:25 INFO app_bar.py:103: Bar Created on Screen: EA232WMi [Bar Height: 42px, DPI Scale: 1.0, Scale Screen: True, Screen Geometry: X: 0, Y: 0, Screen Width: 1920, Screen Height: 1080]
2025-02-17 10:13:25 INFO event_listener.py:52: Created named pipe yasb-0fa90025-ed07-11ef-9175-58cdc9ee9bc0
2025-02-17 10:13:25 INFO event_listener.py:106: Waiting for Komorebi to subscribe to named pipe yasb-0fa90025-ed07-11ef-9175-58cdc9ee9bc0
2025-02-17 10:13:25 INFO watcher.py:39: Created file watcher for path C:\Users\bilay\.config\yasb
2025-02-17 10:13:25 DEBUG _windows.py:213: Starting (proactor: <_IocpProactor overlapped#=0 result#=0>)...
2025-02-17 10:13:25 DEBUG _windows.py:192: Thread started
2025-02-17 10:13:25 INFO event_listener.py:118: Komorebi connected to named pipe: yasb-0fa90025-ed07-11ef-9175-58cdc9ee9bc0
2025-02-17 10:23:24 INFO weather.py:366: Fetched new weather data at 2025-02-17 10:23:24.867485
2025-02-17 10:33:24 INFO weather.py:366: Fetched new weather data at 2025-02-17 10:33:24.867642
2025-02-17 10:43:24 INFO weather.py:366: Fetched new weather data at 2025-02-17 10:43:24.867025
2025-02-17 10:53:24 INFO weather.py:366: Fetched new weather data at 2025-02-17 10:53:24.866575
2025-02-17 11:03:24 INFO weather.py:366: Fetched new weather data at 2025-02-17 11:03:24.866665
2025-02-17 11:13:24 INFO weather.py:366: Fetched new weather data at 2025-02-17 11:13:24.867477
2025-02-17 11:23:24 INFO weather.py:366: Fetched new weather data at 2025-02-17 11:23:24.866952
2025-02-17 11:33:24 INFO weather.py:366: Fetched new weather data at 2025-02-17 11:33:24.867486
2025-02-17 11:43:24 INFO weather.py:366: Fetched new weather data at 2025-02-17 11:43:24.866530
2025-02-17 11:53:24 INFO weather.py:366: Fetched new weather data at 2025-02-17 11:53:24.866729
2025-02-17 12:03:24 INFO weather.py:366: Fetched new weather data at 2025-02-17 12:03:24.866702
2025-02-17 12:13:24 INFO weather.py:366: Fetched new weather data at 2025-02-17 12:13:24.867349
2025-02-17 12:23:24 INFO weather.py:366: Fetched new weather data at 2025-02-17 12:23:24.866689
2025-02-17 12:33:24 INFO weather.py:366: Fetched new weather data at 2025-02-17 12:33:24.867232
2025-02-17 12:43:24 INFO weather.py:366: Fetched new weather data at 2025-02-17 12:43:24.867094
2025-02-17 12:53:24 INFO weather.py:366: Fetched new weather data at 2025-02-17 12:53:24.866902
2025-02-17 13:03:24 INFO weather.py:366: Fetched new weather data at 2025-02-17 13:03:24.867104
2025-02-17 13:13:24 INFO weather.py:366: Fetched new weather data at 2025-02-17 13:13:24.866655
2025-02-17 13:23:24 INFO weather.py:366: Fetched new weather data at 2025-02-17 13:23:24.866819
2025-02-17 13:33:24 INFO weather.py:366: Fetched new weather data at 2025-02-17 13:33:24.867225
2025-02-17 13:43:24 INFO weather.py:366: Fetched new weather data at 2025-02-17 13:43:24.867046
2025-02-17 13:53:24 INFO weather.py:366: Fetched new weather data at 2025-02-17 13:53:24.870631
2025-02-17 14:03:24 INFO weather.py:366: Fetched new weather data at 2025-02-17 14:03:24.868682
2025-02-17 14:13:24 INFO weather.py:366: Fetched new weather data at 2025-02-17 14:13:24.878588
2025-02-17 14:23:24 INFO weather.py:366: Fetched new weather data at 2025-02-17 14:23:24.866178
2025-02-17 14:33:24 INFO weather.py:366: Fetched new weather data at 2025-02-17 14:33:24.893294
2025-02-17 14:43:24 INFO weather.py:366: Fetched new weather data at 2025-02-17 14:43:24.900841
2025-02-17 14:53:24 INFO weather.py:366: Fetched new weather data at 2025-02-17 14:53:24.913001
2025-02-17 15:03:24 INFO weather.py:366: Fetched new weather data at 2025-02-17 15:03:24.930367
2025-02-17 15:13:24 INFO weather.py:366: Fetched new weather data at 2025-02-17 15:13:24.928584
2025-02-17 15:23:24 INFO weather.py:366: Fetched new weather data at 2025-02-17 15:23:24.942508
2025-02-17 15:33:24 INFO weather.py:366: Fetched new weather data at 2025-02-17 15:33:24.956048
2025-02-17 15:43:24 INFO weather.py:366: Fetched new weather data at 2025-02-17 15:43:24.970709
2025-02-17 15:53:24 INFO weather.py:366: Fetched new weather data at 2025-02-17 15:53:24.979703
2025-02-17 16:03:25 INFO weather.py:366: Fetched new weather data at 2025-02-17 16:03:25.000896
2025-02-17 16:13:24 INFO weather.py:366: Fetched new weather data at 2025-02-17 16:13:24.995941
2025-02-17 16:23:24 INFO weather.py:366: Fetched new weather data at 2025-02-17 16:23:24.998449
2025-02-17 16:32:42 INFO bar.py:99: Screen geometry changed. Updating position for bar (status-bar_EA232WMi_4bb9c048)
2025-02-17 16:32:42 INFO app_bar.py:103: Bar Created on Screen: EA232WMi [Bar Height: 42px, DPI Scale: 1.0, Scale Screen: True, Screen Geometry: X: 0, Y: 0, Screen Width: 800, Screen Height: 600]
2025-02-17 16:32:43 INFO bar.py:99: Screen geometry changed. Updating position for bar (status-bar_EA232WMi_4bb9c048)
2025-02-17 16:32:43 INFO app_bar.py:103: Bar Created on Screen: EA232WMi [Bar Height: 42px, DPI Scale: 1.0, Scale Screen: True, Screen Geometry: X: 0, Y: 0, Screen Width: 1920, Screen Height: 1080]
2025-02-17 16:33:25 INFO weather.py:366: Fetched new weather data at 2025-02-17 16:33:25.005605
2025-02-17 16:43:24 INFO weather.py:366: Fetched new weather data at 2025-02-17 16:43:24.993742
2025-02-17 16:53:25 INFO weather.py:366: Fetched new weather data at 2025-02-17 16:53:25.000269
2025-02-17 17:03:24 INFO weather.py:366: Fetched new weather data at 2025-02-17 17:03:24.995151
2025-02-17 17:13:25 INFO weather.py:366: Fetched new weather data at 2025-02-17 17:13:25.000964
2025-02-17 17:23:25 INFO weather.py:366: Fetched new weather data at 2025-02-17 17:23:25.001835
2025-02-17 17:33:24 INFO weather.py:366: Fetched new weather data at 2025-02-17 17:33:24.999163
2025-02-17 17:43:24 INFO weather.py:366: Fetched new weather data at 2025-02-17 17:43:24.995024
2025-02-17 17:53:24 INFO weather.py:366: Fetched new weather data at 2025-02-17 17:53:24.993198
2025-02-17 18:03:24 INFO weather.py:366: Fetched new weather data at 2025-02-17 18:03:24.997041
2025-02-17 18:13:24 INFO weather.py:366: Fetched new weather data at 2025-02-17 18:13:24.998068
2025-02-17 18:23:25 INFO weather.py:366: Fetched new weather data at 2025-02-17 18:23:25.004675
2025-02-17 18:33:24 INFO weather.py:366: Fetched new weather data at 2025-02-17 18:33:24.997310
2025-02-17 18:43:24 INFO weather.py:366: Fetched new weather data at 2025-02-17 18:43:24.996393
2025-02-17 18:53:24 INFO weather.py:366: Fetched new weather data at 2025-02-17 18:53:24.990691
2025-02-17 19:03:24 INFO weather.py:366: Fetched new weather data at 2025-02-17 19:03:24.991808
2025-02-17 19:13:24 INFO weather.py:366: Fetched new weather data at 2025-02-17 19:13:24.991217
2025-02-17 19:23:24 INFO weather.py:366: Fetched new weather data at 2025-02-17 19:23:24.991576
2025-02-17 19:33:24 INFO weather.py:366: Fetched new weather data at 2025-02-17 19:33:24.991119
2025-02-17 19:43:24 INFO weather.py:366: Fetched new weather data at 2025-02-17 19:43:24.991081
2025-02-17 19:53:24 INFO weather.py:366: Fetched new weather data at 2025-02-17 19:53:24.991229
2025-02-17 20:03:24 INFO weather.py:366: Fetched new weather data at 2025-02-17 20:03:24.993874
2025-02-17 20:13:24 INFO weather.py:366: Fetched new weather data at 2025-02-17 20:13:24.990938
2025-02-17 20:23:24 INFO weather.py:366: Fetched new weather data at 2025-02-17 20:23:24.991154
2025-02-17 20:33:24 INFO weather.py:366: Fetched new weather data at 2025-02-17 20:33:24.996399
2025-02-17 20:37:33 WARNING event_listener.py:83: Pipe has been ended: (109, 'PeekNamedPipe', 'The pipe has been ended.')
2025-02-17 20:37:33 INFO event_listener.py:93: Attempting to reconnect...
2025-02-17 20:37:33 DEBUG _windows.py:218: Stopping worker thread...
2025-02-18 11:44:21 INFO log.py:21: Yasb v1.5.91
2025-02-18 11:44:21 DEBUG win32.py:58: Looking up time zone info from registry
2025-02-18 11:44:23 INFO weather.py:366: Fetched new weather data at 2025-02-18 11:44:23.573431
2025-02-18 11:44:23 DEBUG __init__.py:149: CoInitializeEx(None, 2)
2025-02-18 11:44:23 INFO app_bar.py:103: Bar Created on Screen: EA232WMi [Bar Height: 42px, DPI Scale: 1.0, Scale Screen: True, Screen Geometry: X: 0, Y: 0, Screen Width: 1920, Screen Height: 1080]
2025-02-18 11:44:24 INFO event_listener.py:52: Created named pipe yasb-ef9959bd-eddc-11ef-83e3-58cdc9ee9bc0
2025-02-18 11:44:24 INFO event_listener.py:106: Waiting for Komorebi to subscribe to named pipe yasb-ef9959bd-eddc-11ef-83e3-58cdc9ee9bc0
2025-02-18 11:44:24 INFO watcher.py:39: Created file watcher for path C:\Users\bilay\.config\yasb
2025-02-18 11:44:24 DEBUG _windows.py:213: Starting (proactor: <_IocpProactor overlapped#=0 result#=0>)...
2025-02-18 11:44:24 DEBUG _windows.py:192: Thread started
2025-02-18 11:44:24 INFO event_listener.py:118: Komorebi connected to named pipe: yasb-ef9959bd-eddc-11ef-83e3-58cdc9ee9bc0
2025-02-18 11:54:23 INFO weather.py:366: Fetched new weather data at 2025-02-18 11:54:23.588271
2025-02-18 12:04:23 INFO weather.py:366: Fetched new weather data at 2025-02-18 12:04:23.587653
2025-02-18 12:14:23 INFO weather.py:366: Fetched new weather data at 2025-02-18 12:14:23.602664
2025-02-18 12:24:23 INFO weather.py:366: Fetched new weather data at 2025-02-18 12:24:23.615558
2025-02-18 12:34:23 INFO weather.py:366: Fetched new weather data at 2025-02-18 12:34:23.621038
2025-02-18 12:44:23 INFO weather.py:366: Fetched new weather data at 2025-02-18 12:44:23.632173
2025-02-18 12:54:23 INFO weather.py:366: Fetched new weather data at 2025-02-18 12:54:23.649296
2025-02-18 13:04:23 INFO weather.py:366: Fetched new weather data at 2025-02-18 13:04:23.676312
2025-02-18 13:14:23 INFO weather.py:366: Fetched new weather data at 2025-02-18 13:14:23.675075
2025-02-18 13:24:23 INFO weather.py:366: Fetched new weather data at 2025-02-18 13:24:23.666973
2025-02-18 13:34:23 INFO weather.py:366: Fetched new weather data at 2025-02-18 13:34:23.664979
2025-02-18 13:44:23 INFO weather.py:366: Fetched new weather data at 2025-02-18 13:44:23.676394
2025-02-18 13:54:23 INFO weather.py:366: Fetched new weather data at 2025-02-18 13:54:23.670264
2025-02-18 14:04:23 INFO weather.py:366: Fetched new weather data at 2025-02-18 14:04:23.677841
2025-02-18 14:14:23 INFO weather.py:366: Fetched new weather data at 2025-02-18 14:14:23.701775
2025-02-18 14:24:23 INFO weather.py:366: Fetched new weather data at 2025-02-18 14:24:23.708312
2025-02-18 14:34:23 INFO weather.py:366: Fetched new weather data at 2025-02-18 14:34:23.696593
2025-02-18 14:44:23 INFO weather.py:366: Fetched new weather data at 2025-02-18 14:44:23.693672
2025-02-18 14:54:23 INFO weather.py:366: Fetched new weather data at 2025-02-18 14:54:23.694193
2025-02-18 15:04:23 INFO weather.py:366: Fetched new weather data at 2025-02-18 15:04:23.704231
2025-02-18 15:14:23 INFO weather.py:366: Fetched new weather data at 2025-02-18 15:14:23.704118
2025-02-18 15:24:23 INFO weather.py:366: Fetched new weather data at 2025-02-18 15:24:23.697122
2025-02-18 15:34:23 INFO weather.py:366: Fetched new weather data at 2025-02-18 15:34:23.699359
2025-02-18 15:44:23 INFO weather.py:366: Fetched new weather data at 2025-02-18 15:44:23.697905
2025-02-18 15:54:23 INFO weather.py:366: Fetched new weather data at 2025-02-18 15:54:23.708840
2025-02-18 16:04:23 INFO weather.py:366: Fetched new weather data at 2025-02-18 16:04:23.714282
2025-02-18 16:14:23 INFO weather.py:366: Fetched new weather data at 2025-02-18 16:14:23.718895
2025-02-18 16:24:23 INFO weather.py:366: Fetched new weather data at 2025-02-18 16:24:23.709549
2025-02-18 16:34:23 INFO weather.py:366: Fetched new weather data at 2025-02-18 16:34:23.712099
2025-02-18 16:44:23 INFO weather.py:366: Fetched new weather data at 2025-02-18 16:44:23.710026
2025-02-18 16:54:23 INFO weather.py:366: Fetched new weather data at 2025-02-18 16:54:23.714510
2025-02-18 17:04:23 INFO weather.py:366: Fetched new weather data at 2025-02-18 17:04:23.713245
2025-02-18 17:14:23 INFO weather.py:366: Fetched new weather data at 2025-02-18 17:14:23.715998
2025-02-18 17:24:23 INFO weather.py:366: Fetched new weather data at 2025-02-18 17:24:23.714938
2025-02-18 17:34:23 INFO weather.py:366: Fetched new weather data at 2025-02-18 17:34:23.712276
2025-02-18 17:44:23 INFO weather.py:366: Fetched new weather data at 2025-02-18 17:44:23.711412
2025-02-18 17:54:23 INFO weather.py:366: Fetched new weather data at 2025-02-18 17:54:23.723387
2025-02-18 18:04:23 INFO weather.py:366: Fetched new weather data at 2025-02-18 18:04:23.709795
2025-02-18 18:14:23 INFO weather.py:366: Fetched new weather data at 2025-02-18 18:14:23.717363
2025-02-18 18:24:23 INFO weather.py:366: Fetched new weather data at 2025-02-18 18:24:23.723401
2025-02-18 18:34:23 INFO weather.py:366: Fetched new weather data at 2025-02-18 18:34:23.722908
2025-02-18 18:44:23 INFO weather.py:366: Fetched new weather data at 2025-02-18 18:44:23.708863
2025-02-18 18:54:23 INFO weather.py:366: Fetched new weather data at 2025-02-18 18:54:23.722807
2025-02-18 19:04:23 INFO weather.py:366: Fetched new weather data at 2025-02-18 19:04:23.717022
2025-02-18 19:14:23 INFO weather.py:366: Fetched new weather data at 2025-02-18 19:14:23.722205
2025-02-18 19:24:23 INFO weather.py:366: Fetched new weather data at 2025-02-18 19:24:23.710125
2025-02-18 19:34:23 INFO weather.py:366: Fetched new weather data at 2025-02-18 19:34:23.716420
2025-02-18 19:44:23 INFO weather.py:366: Fetched new weather data at 2025-02-18 19:44:23.716441
2025-02-18 19:54:23 INFO weather.py:366: Fetched new weather data at 2025-02-18 19:54:23.718446
2025-02-18 20:04:23 INFO weather.py:366: Fetched new weather data at 2025-02-18 20:04:23.717101
2025-02-18 20:14:23 INFO weather.py:366: Fetched new weather data at 2025-02-18 20:14:23.717358
2025-02-18 20:24:23 INFO weather.py:366: Fetched new weather data at 2025-02-18 20:24:23.709138
2025-02-18 20:34:23 INFO weather.py:366: Fetched new weather data at 2025-02-18 20:34:23.722476
2025-02-18 20:44:23 INFO weather.py:366: Fetched new weather data at 2025-02-18 20:44:23.715228
2025-02-18 20:54:23 INFO weather.py:366: Fetched new weather data at 2025-02-18 20:54:23.713380
2025-02-18 21:04:23 INFO weather.py:366: Fetched new weather data at 2025-02-18 21:04:23.720500
2025-02-18 21:14:23 INFO weather.py:366: Fetched new weather data at 2025-02-18 21:14:23.721926
2025-02-18 21:24:23 INFO weather.py:366: Fetched new weather data at 2025-02-18 21:24:23.721014
2025-02-18 21:32:02 WARNING event_listener.py:83: Pipe has been ended: (109, 'PeekNamedPipe', 'The pipe has been ended.')
2025-02-18 21:32:02 INFO event_listener.py:93: Attempting to reconnect...
2025-02-19 19:16:57 INFO log.py:21: Yasb v1.5.91
2025-02-19 19:16:57 DEBUG win32.py:58: Looking up time zone info from registry
2025-02-19 19:17:00 INFO weather.py:366: Fetched new weather data at 2025-02-19 19:17:00.069428
2025-02-19 19:17:00 DEBUG __init__.py:149: CoInitializeEx(None, 2)
2025-02-19 19:17:00 INFO app_bar.py:103: Bar Created on Screen: EA232WMi [Bar Height: 42px, DPI Scale: 1.0, Scale Screen: True, Screen Geometry: X: 0, Y: 0, Screen Width: 1920, Screen Height: 1080]
2025-02-19 19:17:00 INFO event_listener.py:52: Created named pipe yasb-54a96dfb-eee5-11ef-a48d-58cdc9ee9bc0
2025-02-19 19:17:00 INFO event_listener.py:106: Waiting for Komorebi to subscribe to named pipe yasb-54a96dfb-eee5-11ef-a48d-58cdc9ee9bc0
2025-02-19 19:17:00 INFO watcher.py:39: Created file watcher for path C:\Users\bilay\.config\yasb
2025-02-19 19:17:00 DEBUG _windows.py:213: Starting (proactor: <_IocpProactor overlapped#=0 result#=0>)...
2025-02-19 19:17:00 DEBUG _windows.py:192: Thread started
2025-02-19 19:17:00 INFO event_listener.py:118: Komorebi connected to named pipe: yasb-54a96dfb-eee5-11ef-a48d-58cdc9ee9bc0
2025-02-19 19:27:00 INFO weather.py:366: Fetched new weather data at 2025-02-19 19:27:00.085599
2025-02-19 19:37:00 INFO weather.py:366: Fetched new weather data at 2025-02-19 19:37:00.084865
2025-02-19 19:47:00 INFO weather.py:366: Fetched new weather data at 2025-02-19 19:47:00.085972
2025-02-19 19:57:00 INFO weather.py:366: Fetched new weather data at 2025-02-19 19:57:00.086850
2025-02-19 20:07:00 INFO weather.py:366: Fetched new weather data at 2025-02-19 20:07:00.094902
2025-02-19 20:17:00 INFO weather.py:366: Fetched new weather data at 2025-02-19 20:17:00.099802
2025-02-19 20:27:00 INFO weather.py:366: Fetched new weather data at 2025-02-19 20:27:00.094326
2025-02-19 20:37:00 INFO weather.py:366: Fetched new weather data at 2025-02-19 20:37:00.085621
2025-02-19 20:47:00 INFO weather.py:366: Fetched new weather data at 2025-02-19 20:47:00.097767
2025-02-19 20:57:00 INFO weather.py:366: Fetched new weather data at 2025-02-19 20:57:00.099629
2025-02-19 21:07:00 INFO weather.py:366: Fetched new weather data at 2025-02-19 21:07:00.085370
2025-02-19 21:17:00 INFO weather.py:366: Fetched new weather data at 2025-02-19 21:17:00.089859
2025-02-19 21:27:00 INFO weather.py:366: Fetched new weather data at 2025-02-19 21:27:00.086894
2025-02-19 21:31:21 WARNING event_listener.py:83: Pipe has been ended: (109, 'PeekNamedPipe', 'The pipe has been ended.')
2025-02-19 21:31:21 INFO event_listener.py:93: Attempting to reconnect...
2025-02-20 19:19:29 INFO log.py:21: Yasb v1.5.91
2025-02-20 19:19:29 DEBUG win32.py:58: Looking up time zone info from registry
2025-02-20 19:19:31 INFO weather.py:366: Fetched new weather data at 2025-02-20 19:19:31.992981
2025-02-20 19:19:32 DEBUG __init__.py:149: CoInitializeEx(None, 2)
2025-02-20 19:19:32 INFO app_bar.py:103: Bar Created on Screen: EA232WMi [Bar Height: 42px, DPI Scale: 1.0, Scale Screen: True, Screen Geometry: X: 0, Y: 0, Screen Width: 1920, Screen Height: 1080]
2025-02-20 19:19:32 INFO event_listener.py:52: Created named pipe yasb-d984703e-efae-11ef-aa20-58cdc9ee9bc0
2025-02-20 19:19:32 INFO event_listener.py:106: Waiting for Komorebi to subscribe to named pipe yasb-d984703e-efae-11ef-aa20-58cdc9ee9bc0
2025-02-20 19:19:32 INFO watcher.py:39: Created file watcher for path C:\Users\bilay\.config\yasb
2025-02-20 19:19:32 DEBUG _windows.py:213: Starting (proactor: <_IocpProactor overlapped#=0 result#=0>)...
2025-02-20 19:19:32 DEBUG _windows.py:192: Thread started
2025-02-20 19:19:32 INFO event_listener.py:118: Komorebi connected to named pipe: yasb-d984703e-efae-11ef-aa20-58cdc9ee9bc0
2025-02-20 19:29:31 INFO weather.py:366: Fetched new weather data at 2025-02-20 19:29:31.992473
2025-02-20 19:39:31 INFO weather.py:366: Fetched new weather data at 2025-02-20 19:39:31.989477
2025-02-20 19:49:31 INFO weather.py:366: Fetched new weather data at 2025-02-20 19:49:31.992795
2025-02-20 19:59:31 INFO weather.py:366: Fetched new weather data at 2025-02-20 19:59:31.991491
2025-02-20 20:09:31 INFO weather.py:366: Fetched new weather data at 2025-02-20 20:09:31.994512
2025-02-20 20:19:32 INFO weather.py:366: Fetched new weather data at 2025-02-20 20:19:32.002573
2025-02-20 20:29:31 INFO weather.py:366: Fetched new weather data at 2025-02-20 20:29:31.990468
2025-02-20 20:39:32 INFO weather.py:366: Fetched new weather data at 2025-02-20 20:39:32.000289
2025-02-20 20:49:31 INFO weather.py:366: Fetched new weather data at 2025-02-20 20:49:31.999828
2025-02-20 20:59:31 INFO weather.py:366: Fetched new weather data at 2025-02-20 20:59:31.991296
2025-02-20 21:09:31 INFO weather.py:366: Fetched new weather data at 2025-02-20 21:09:31.995893
2025-02-20 21:19:31 INFO weather.py:366: Fetched new weather data at 2025-02-20 21:19:31.992893
2025-02-20 21:29:28 WARNING event_listener.py:83: Pipe has been ended: (109, 'PeekNamedPipe', 'The pipe has been ended.')
2025-02-20 21:29:28 INFO event_listener.py:93: Attempting to reconnect...
2025-02-21 18:33:38 INFO log.py:21: Yasb v1.5.91
2025-02-21 18:33:38 DEBUG win32.py:58: Looking up time zone info from registry
2025-02-21 18:33:41 INFO weather.py:366: Fetched new weather data at 2025-02-21 18:33:41.696721
2025-02-21 18:33:41 DEBUG __init__.py:149: CoInitializeEx(None, 2)
2025-02-21 18:33:41 INFO app_bar.py:103: Bar Created on Screen: EA232WMi [Bar Height: 42px, DPI Scale: 1.0, Scale Screen: True, Screen Geometry: X: 0, Y: 0, Screen Width: 1920, Screen Height: 1080]
2025-02-21 18:33:42 INFO event_listener.py:52: Created named pipe yasb-9cad20bd-f071-11ef-8925-58cdc9ee9bc0
2025-02-21 18:33:42 INFO event_listener.py:106: Waiting for Komorebi to subscribe to named pipe yasb-9cad20bd-f071-11ef-8925-58cdc9ee9bc0
2025-02-21 18:33:42 INFO watcher.py:39: Created file watcher for path C:\Users\bilay\.config\yasb
2025-02-21 18:33:42 DEBUG _windows.py:213: Starting (proactor: <_IocpProactor overlapped#=0 result#=0>)...
2025-02-21 18:33:42 DEBUG _windows.py:192: Thread started
2025-02-21 18:33:42 INFO event_listener.py:118: Komorebi connected to named pipe: yasb-9cad20bd-f071-11ef-8925-58cdc9ee9bc0
2025-02-21 18:43:41 INFO weather.py:366: Fetched new weather data at 2025-02-21 18:43:41.697745
2025-02-21 18:53:41 INFO weather.py:366: Fetched new weather data at 2025-02-21 18:53:41.693333
2025-02-21 19:03:41 INFO weather.py:366: Fetched new weather data at 2025-02-21 19:03:41.701312
2025-02-21 19:13:41 INFO weather.py:366: Fetched new weather data at 2025-02-21 19:13:41.696836
2025-02-21 19:23:41 INFO weather.py:366: Fetched new weather data at 2025-02-21 19:23:41.704367
2025-02-21 19:33:41 INFO weather.py:366: Fetched new weather data at 2025-02-21 19:33:41.703582
2025-02-21 19:43:41 INFO weather.py:366: Fetched new weather data at 2025-02-21 19:43:41.693868
2025-02-21 19:53:41 INFO weather.py:366: Fetched new weather data at 2025-02-21 19:53:41.699326
2025-02-21 20:03:41 INFO weather.py:366: Fetched new weather data at 2025-02-21 20:03:41.697241
2025-02-21 20:13:41 INFO weather.py:366: Fetched new weather data at 2025-02-21 20:13:41.694565
2025-02-21 20:23:41 INFO weather.py:366: Fetched new weather data at 2025-02-21 20:23:41.702820
2025-02-21 20:33:41 INFO weather.py:366: Fetched new weather data at 2025-02-21 20:33:41.702319
2025-02-21 20:43:36 INFO log.py:21: Yasb v1.5.91
2025-02-21 20:43:36 ERROR main.py:82: Another instance of the YASB is already running.
2025-02-21 20:43:41 INFO weather.py:366: Fetched new weather data at 2025-02-21 20:43:41.717779
2025-02-21 20:43:42 WARNING event_listener.py:83: Pipe has been ended: (109, 'PeekNamedPipe', 'The pipe has been ended.')
2025-02-21 20:43:42 INFO event_listener.py:93: Attempting to reconnect...
2025-02-21 20:43:47 INFO event_listener.py:52: Created named pipe yasb-9cad20bd-f071-11ef-8925-58cdc9ee9bc0
2025-02-21 20:43:47 INFO event_listener.py:106: Waiting for Komorebi to subscribe to named pipe yasb-9cad20bd-f071-11ef-8925-58cdc9ee9bc0
2025-02-21 20:43:47 INFO event_listener.py:118: Komorebi connected to named pipe: yasb-9cad20bd-f071-11ef-8925-58cdc9ee9bc0
2025-02-21 20:43:50 INFO log.py:21: Yasb v1.5.91
2025-02-21 20:43:50 ERROR main.py:82: Another instance of the YASB is already running.
2025-02-21 20:43:55 INFO tray.py:240: Reloading Application...
2025-02-21 20:43:56 INFO log.py:21: Yasb v1.5.91
2025-02-21 20:43:56 DEBUG win32.py:58: Looking up time zone info from registry
2025-02-21 20:43:56 INFO weather.py:366: Fetched new weather data at 2025-02-21 20:43:56.234770
2025-02-21 20:43:56 DEBUG __init__.py:149: CoInitializeEx(None, 2)
2025-02-21 20:43:56 INFO app_bar.py:103: Bar Created on Screen: EA232WMi [Bar Height: 42px, DPI Scale: 1.0, Scale Screen: True, Screen Geometry: X: 0, Y: 0, Screen Width: 1920, Screen Height: 1080]
2025-02-21 20:43:56 INFO event_listener.py:52: Created named pipe yasb-ce5e5e15-f083-11ef-835a-58cdc9ee9bc0
2025-02-21 20:43:56 INFO event_listener.py:106: Waiting for Komorebi to subscribe to named pipe yasb-ce5e5e15-f083-11ef-835a-58cdc9ee9bc0
2025-02-21 20:43:56 INFO watcher.py:39: Created file watcher for path C:\Users\bilay\.config\yasb
2025-02-21 20:43:56 DEBUG _windows.py:213: Starting (proactor: <_IocpProactor overlapped#=0 result#=0>)...
2025-02-21 20:43:56 DEBUG _windows.py:192: Thread started
2025-02-21 20:43:56 INFO event_listener.py:118: Komorebi connected to named pipe: yasb-ce5e5e15-f083-11ef-835a-58cdc9ee9bc0
2025-02-21 20:53:56 INFO weather.py:366: Fetched new weather data at 2025-02-21 20:53:56.242239
2025-02-21 21:03:56 INFO weather.py:366: Fetched new weather data at 2025-02-21 21:03:56.267934
2025-02-21 21:13:56 INFO weather.py:366: Fetched new weather data at 2025-02-21 21:13:56.258893
2025-02-21 21:23:56 INFO weather.py:366: Fetched new weather data at 2025-02-21 21:23:56.267647
2025-02-21 21:33:56 INFO weather.py:366: Fetched new weather data at 2025-02-21 21:33:56.257467
2025-02-21 21:43:56 INFO weather.py:366: Fetched new weather data at 2025-02-21 21:43:56.261309
2025-02-21 21:53:56 INFO weather.py:366: Fetched new weather data at 2025-02-21 21:53:56.256785
2025-02-22 11:22:03 INFO log.py:21: Yasb v1.5.91
2025-02-22 11:22:03 DEBUG win32.py:58: Looking up time zone info from registry
2025-02-22 11:22:06 INFO weather.py:366: Fetched new weather data at 2025-02-22 11:22:06.393579
2025-02-22 11:22:06 DEBUG __init__.py:149: CoInitializeEx(None, 2)
2025-02-22 11:22:06 INFO app_bar.py:103: Bar Created on Screen: EA232WMi [Bar Height: 42px, DPI Scale: 1.0, Scale Screen: True, Screen Geometry: X: 0, Y: 0, Screen Width: 1920, Screen Height: 1080]
2025-02-22 11:22:06 INFO event_listener.py:52: Created named pipe yasb-7c4d297a-f0fe-11ef-b1c0-58cdc9ee9bc0
2025-02-22 11:22:06 INFO event_listener.py:106: Waiting for Komorebi to subscribe to named pipe yasb-7c4d297a-f0fe-11ef-b1c0-58cdc9ee9bc0
2025-02-22 11:22:07 INFO watcher.py:39: Created file watcher for path C:\Users\bilay\.config\yasb
2025-02-22 11:22:07 DEBUG _windows.py:213: Starting (proactor: <_IocpProactor overlapped#=0 result#=0>)...
2025-02-22 11:22:07 DEBUG _windows.py:192: Thread started
2025-02-22 11:22:07 INFO event_listener.py:118: Komorebi connected to named pipe: yasb-7c4d297a-f0fe-11ef-b1c0-58cdc9ee9bc0
2025-02-22 11:32:06 INFO weather.py:366: Fetched new weather data at 2025-02-22 11:32:06.384933
2025-02-22 11:34:51 INFO log.py:21: Yasb v1.5.91
2025-02-22 11:34:51 ERROR main.py:82: Another instance of the YASB is already running.
2025-02-22 11:42:06 INFO weather.py:366: Fetched new weather data at 2025-02-22 11:42:06.397671
2025-02-22 11:52:06 INFO weather.py:366: Fetched new weather data at 2025-02-22 11:52:06.385970
2025-02-22 12:02:06 INFO weather.py:366: Fetched new weather data at 2025-02-22 12:02:06.384985
2025-02-22 12:12:06 INFO weather.py:366: Fetched new weather data at 2025-02-22 12:12:06.383898
2025-02-22 12:22:06 INFO weather.py:366: Fetched new weather data at 2025-02-22 12:22:06.383605
2025-02-22 12:32:06 INFO weather.py:366: Fetched new weather data at 2025-02-22 12:32:06.396042
2025-02-22 12:42:06 INFO weather.py:366: Fetched new weather data at 2025-02-22 12:42:06.392871
2025-02-22 12:52:06 INFO weather.py:366: Fetched new weather data at 2025-02-22 12:52:06.383852
2025-02-22 13:02:06 INFO weather.py:366: Fetched new weather data at 2025-02-22 13:02:06.388804
2025-02-22 13:12:06 INFO weather.py:366: Fetched new weather data at 2025-02-22 13:12:06.396830
2025-02-22 13:22:06 INFO weather.py:366: Fetched new weather data at 2025-02-22 13:22:06.395894
2025-02-22 13:32:06 INFO weather.py:366: Fetched new weather data at 2025-02-22 13:32:06.383044
2025-02-22 13:42:06 INFO weather.py:366: Fetched new weather data at 2025-02-22 13:42:06.391046
2025-02-22 13:52:06 INFO weather.py:366: Fetched new weather data at 2025-02-22 13:52:06.383368
2025-02-22 14:02:06 INFO weather.py:366: Fetched new weather data at 2025-02-22 14:02:06.391331
2025-02-22 14:12:06 INFO weather.py:366: Fetched new weather data at 2025-02-22 14:12:06.383498
2025-02-22 14:22:06 INFO weather.py:366: Fetched new weather data at 2025-02-22 14:22:06.383400
2025-02-22 14:32:06 INFO weather.py:366: Fetched new weather data at 2025-02-22 14:32:06.390015
2025-02-22 14:42:06 INFO weather.py:366: Fetched new weather data at 2025-02-22 14:42:06.395748
2025-02-22 14:52:06 INFO weather.py:366: Fetched new weather data at 2025-02-22 14:52:06.396728
2025-02-22 15:02:06 INFO weather.py:366: Fetched new weather data at 2025-02-22 15:02:06.393467
2025-02-22 15:12:06 INFO weather.py:366: Fetched new weather data at 2025-02-22 15:12:06.397980
2025-02-22 15:22:06 INFO weather.py:366: Fetched new weather data at 2025-02-22 15:22:06.383355
2025-02-22 15:32:06 INFO weather.py:366: Fetched new weather data at 2025-02-22 15:32:06.395637
2025-02-22 15:42:06 INFO weather.py:366: Fetched new weather data at 2025-02-22 15:42:06.384730
2025-02-22 15:52:06 INFO weather.py:366: Fetched new weather data at 2025-02-22 15:52:06.397664
2025-02-22 16:02:06 INFO weather.py:366: Fetched new weather data at 2025-02-22 16:02:06.392718
2025-02-22 16:12:06 INFO weather.py:366: Fetched new weather data at 2025-02-22 16:12:06.386841
2025-02-22 16:22:06 INFO weather.py:366: Fetched new weather data at 2025-02-22 16:22:06.396003
2025-02-22 16:32:06 INFO weather.py:366: Fetched new weather data at 2025-02-22 16:32:06.396652
2025-02-22 16:42:06 INFO weather.py:366: Fetched new weather data at 2025-02-22 16:42:06.388644
2025-02-22 16:52:06 INFO weather.py:366: Fetched new weather data at 2025-02-22 16:52:06.395998
2025-02-22 17:02:06 INFO weather.py:366: Fetched new weather data at 2025-02-22 17:02:06.390512
2025-02-22 17:12:06 INFO weather.py:366: Fetched new weather data at 2025-02-22 17:12:06.390513
2025-02-22 17:22:06 INFO weather.py:366: Fetched new weather data at 2025-02-22 17:22:06.397204
2025-02-22 17:32:06 INFO weather.py:366: Fetched new weather data at 2025-02-22 17:32:06.403695
2025-02-22 17:42:06 INFO weather.py:366: Fetched new weather data at 2025-02-22 17:42:06.401794
2025-02-22 17:52:06 INFO weather.py:366: Fetched new weather data at 2025-02-22 17:52:06.407397
2025-02-22 18:02:06 INFO weather.py:366: Fetched new weather data at 2025-02-22 18:02:06.427702
2025-02-22 18:12:06 INFO weather.py:366: Fetched new weather data at 2025-02-22 18:12:06.415912
2025-02-22 18:22:06 INFO weather.py:366: Fetched new weather data at 2025-02-22 18:22:06.415873
2025-02-22 18:32:06 INFO weather.py:366: Fetched new weather data at 2025-02-22 18:32:06.416752
2025-02-22 18:42:06 INFO weather.py:366: Fetched new weather data at 2025-02-22 18:42:06.422922
2025-02-22 18:52:06 INFO weather.py:366: Fetched new weather data at 2025-02-22 18:52:06.416082
2025-02-22 19:02:06 INFO weather.py:366: Fetched new weather data at 2025-02-22 19:02:06.420287
2025-02-22 19:12:06 INFO weather.py:366: Fetched new weather data at 2025-02-22 19:12:06.424630
2025-02-22 19:19:17 WARNING event_listener.py:83: Pipe has been ended: (109, 'PeekNamedPipe', 'The pipe has been ended.')
2025-02-22 19:19:17 INFO event_listener.py:93: Attempting to reconnect...
2025-02-22 19:19:22 INFO event_listener.py:52: Created named pipe yasb-7c4d297a-f0fe-11ef-b1c0-58cdc9ee9bc0
2025-02-22 19:19:22 INFO event_listener.py:106: Waiting for Komorebi to subscribe to named pipe yasb-7c4d297a-f0fe-11ef-b1c0-58cdc9ee9bc0
2025-02-22 19:19:22 WARNING event_listener.py:111: Komorebi failed to subscribe named pipe. Waiting for subscription...
2025-02-22 19:22:06 INFO weather.py:366: Fetched new weather data at 2025-02-22 19:22:06.418938
2025-02-22 19:22:33 INFO event_listener.py:118: Komorebi connected to named pipe: yasb-7c4d297a-f0fe-11ef-b1c0-58cdc9ee9bc0
2025-02-22 19:23:15 INFO tray.py:240: Reloading Application...
2025-02-22 19:23:15 INFO log.py:21: Yasb v1.5.91
2025-02-22 19:23:16 DEBUG win32.py:58: Looking up time zone info from registry
2025-02-22 19:23:18 INFO weather.py:366: Fetched new weather data at 2025-02-22 19:23:18.767997
2025-02-22 19:23:18 DEBUG __init__.py:149: CoInitializeEx(None, 2)
2025-02-22 19:23:18 INFO app_bar.py:103: Bar Created on Screen: EA232WMi [Bar Height: 42px, DPI Scale: 1.0, Scale Screen: True, Screen Geometry: X: 0, Y: 0, Screen Width: 1920, Screen Height: 1080]
2025-02-22 19:23:19 INFO event_listener.py:52: Created named pipe yasb-b583f6cd-f141-11ef-b630-58cdc9ee9bc0
2025-02-22 19:23:19 INFO event_listener.py:106: Waiting for Komorebi to subscribe to named pipe yasb-b583f6cd-f141-11ef-b630-58cdc9ee9bc0
2025-02-22 19:23:19 INFO watcher.py:39: Created file watcher for path C:\Users\bilay\.config\yasb
2025-02-22 19:23:19 DEBUG _windows.py:213: Starting (proactor: <_IocpProactor overlapped#=0 result#=0>)...
2025-02-22 19:23:19 DEBUG _windows.py:192: Thread started
2025-02-22 19:23:19 INFO event_listener.py:118: Komorebi connected to named pipe: yasb-b583f6cd-f141-11ef-b630-58cdc9ee9bc0
2025-02-22 19:33:13 INFO bar_manager.py:47: Successfully loaded updated stylesheet and applied to all bars.
2025-02-22 19:33:18 INFO weather.py:366: Fetched new weather data at 2025-02-22 19:33:18.767385
2025-02-22 19:33:39 INFO log.py:21: Yasb v1.5.91
2025-02-22 19:33:39 DEBUG win32.py:58: Looking up time zone info from registry
2025-02-22 19:33:39 INFO weather.py:366: Fetched new weather data at 2025-02-22 19:33:39.747042
2025-02-22 19:33:39 DEBUG __init__.py:149: CoInitializeEx(None, 2)
2025-02-22 19:33:39 INFO app_bar.py:103: Bar Created on Screen: EA232WMi [Bar Height: 42px, DPI Scale: 1.0, Scale Screen: True, Screen Geometry: X: 0, Y: 0, Screen Width: 1920, Screen Height: 1080]
2025-02-22 19:33:39 INFO event_listener.py:52: Created named pipe yasb-278221e5-f143-11ef-8587-58cdc9ee9bc0
2025-02-22 19:33:39 INFO event_listener.py:106: Waiting for Komorebi to subscribe to named pipe yasb-278221e5-f143-11ef-8587-58cdc9ee9bc0
2025-02-22 19:33:40 INFO watcher.py:39: Created file watcher for path C:\Users\bilay\.config\yasb
2025-02-22 19:33:40 DEBUG _windows.py:213: Starting (proactor: <_IocpProactor overlapped#=0 result#=0>)...
2025-02-22 19:33:40 DEBUG _windows.py:192: Thread started
2025-02-22 19:33:40 INFO event_listener.py:118: Komorebi connected to named pipe: yasb-278221e5-f143-11ef-8587-58cdc9ee9bc0
2025-02-22 19:33:47 INFO log.py:21: Yasb v1.5.91
2025-02-22 19:33:47 DEBUG win32.py:58: Looking up time zone info from registry
2025-02-22 19:33:47 INFO weather.py:366: Fetched new weather data at 2025-02-22 19:33:47.566693
2025-02-22 19:33:47 DEBUG __init__.py:149: CoInitializeEx(None, 2)
2025-02-22 19:33:47 INFO app_bar.py:103: Bar Created on Screen: EA232WMi [Bar Height: 42px, DPI Scale: 1.0, Scale Screen: True, Screen Geometry: X: 0, Y: 0, Screen Width: 1920, Screen Height: 1080]
2025-02-22 19:33:47 INFO event_listener.py:52: Created named pipe yasb-2c2a4be0-f143-11ef-815c-58cdc9ee9bc0
2025-02-22 19:33:47 INFO event_listener.py:106: Waiting for Komorebi to subscribe to named pipe yasb-2c2a4be0-f143-11ef-815c-58cdc9ee9bc0
2025-02-22 19:33:47 INFO watcher.py:39: Created file watcher for path C:\Users\bilay\.config\yasb
2025-02-22 19:33:47 DEBUG _windows.py:213: Starting (proactor: <_IocpProactor overlapped#=0 result#=0>)...
2025-02-22 19:33:47 DEBUG _windows.py:192: Thread started
2025-02-22 19:33:47 INFO event_listener.py:118: Komorebi connected to named pipe: yasb-2c2a4be0-f143-11ef-815c-58cdc9ee9bc0
2025-02-22 19:33:57 INFO log.py:21: Yasb v1.5.91
2025-02-22 19:33:57 DEBUG win32.py:58: Looking up time zone info from registry
2025-02-22 19:33:57 INFO weather.py:366: Fetched new weather data at 2025-02-22 19:33:57.888990
2025-02-22 19:33:57 DEBUG __init__.py:149: CoInitializeEx(None, 2)
2025-02-22 19:33:57 INFO app_bar.py:103: Bar Created on Screen: EA232WMi [Bar Height: 48px, DPI Scale: 1.0, Scale Screen: True, Screen Geometry: X: 0, Y: 0, Screen Width: 1920, Screen Height: 1080]
2025-02-22 19:33:58 INFO event_listener.py:52: Created named pipe yasb-325f0206-f143-11ef-ab46-58cdc9ee9bc0
2025-02-22 19:33:58 INFO event_listener.py:106: Waiting for Komorebi to subscribe to named pipe yasb-325f0206-f143-11ef-ab46-58cdc9ee9bc0
2025-02-22 19:33:58 INFO watcher.py:39: Created file watcher for path C:\Users\bilay\.config\yasb
2025-02-22 19:33:58 DEBUG _windows.py:213: Starting (proactor: <_IocpProactor overlapped#=0 result#=0>)...
2025-02-22 19:33:58 DEBUG _windows.py:192: Thread started
2025-02-22 19:33:58 INFO event_listener.py:118: Komorebi connected to named pipe: yasb-325f0206-f143-11ef-ab46-58cdc9ee9bc0
2025-02-22 19:43:57 INFO weather.py:366: Fetched new weather data at 2025-02-22 19:43:57.888242
2025-02-22 19:53:57 INFO weather.py:366: Fetched new weather data at 2025-02-22 19:53:57.889313
2025-02-22 20:03:57 INFO weather.py:366: Fetched new weather data at 2025-02-22 20:03:57.892821
2025-02-22 20:13:57 INFO weather.py:366: Fetched new weather data at 2025-02-22 20:13:57.908751
2025-02-22 20:23:57 INFO weather.py:366: Fetched new weather data at 2025-02-22 20:23:57.904578
2025-02-22 20:26:14 WARNING event_listener.py:83: Pipe has been ended: (109, 'PeekNamedPipe', 'The pipe has been ended.')
2025-02-22 20:26:14 INFO event_listener.py:93: Attempting to reconnect...
2025-02-23 12:45:06 INFO log.py:21: Yasb v1.5.91
2025-02-23 12:45:06 DEBUG win32.py:58: Looking up time zone info from registry
2025-02-23 12:45:09 INFO weather.py:366: Fetched new weather data at 2025-02-23 12:45:09.085809
2025-02-23 12:45:09 DEBUG __init__.py:149: CoInitializeEx(None, 2)
2025-02-23 12:45:09 INFO app_bar.py:103: Bar Created on Screen: EA232WMi [Bar Height: 48px, DPI Scale: 1.0, Scale Screen: True, Screen Geometry: X: 0, Y: 0, Screen Width: 1920, Screen Height: 1080]
2025-02-23 12:45:09 INFO event_listener.py:52: Created named pipe yasb-4099be2c-f1d3-11ef-9f2a-58cdc9ee9bc0
2025-02-23 12:45:09 INFO event_listener.py:106: Waiting for Komorebi to subscribe to named pipe yasb-4099be2c-f1d3-11ef-9f2a-58cdc9ee9bc0
2025-02-23 12:45:09 INFO watcher.py:39: Created file watcher for path C:\Users\bilay\.config\yasb
2025-02-23 12:45:09 DEBUG _windows.py:213: Starting (proactor: <_IocpProactor overlapped#=0 result#=0>)...
2025-02-23 12:45:09 DEBUG _windows.py:192: Thread started
2025-02-23 12:45:09 INFO event_listener.py:118: Komorebi connected to named pipe: yasb-4099be2c-f1d3-11ef-9f2a-58cdc9ee9bc0
2025-02-23 12:55:09 INFO weather.py:366: Fetched new weather data at 2025-02-23 12:55:09.105742
2025-02-23 13:05:09 INFO weather.py:366: Fetched new weather data at 2025-02-23 13:05:09.103693
2025-02-23 13:15:09 INFO weather.py:366: Fetched new weather data at 2025-02-23 13:15:09.127345
2025-02-23 13:25:09 INFO weather.py:366: Fetched new weather data at 2025-02-23 13:25:09.122952
2025-02-23 13:35:09 INFO weather.py:366: Fetched new weather data at 2025-02-23 13:35:09.124376
2025-02-23 13:45:09 INFO weather.py:366: Fetched new weather data at 2025-02-23 13:45:09.121895
2025-02-23 13:55:09 INFO weather.py:366: Fetched new weather data at 2025-02-23 13:55:09.118807
2025-02-23 14:00:46 INFO log.py:21: Yasb v1.5.91
2025-02-23 14:00:46 DEBUG win32.py:58: Looking up time zone info from registry
2025-02-23 14:00:48 INFO weather.py:366: Fetched new weather data at 2025-02-23 14:00:48.924892
2025-02-23 14:00:48 DEBUG __init__.py:149: CoInitializeEx(None, 2)
2025-02-23 14:00:49 INFO app_bar.py:103: Bar Created on Screen: EA232WMi [Bar Height: 47px, DPI Scale: 1.0, Scale Screen: True, Screen Geometry: X: 0, Y: 0, Screen Width: 1920, Screen Height: 1080]
2025-02-23 14:00:49 INFO event_listener.py:52: Created named pipe yasb-d27c1736-f1dd-11ef-ac82-58cdc9ee9bc0
2025-02-23 14:00:49 INFO event_listener.py:106: Waiting for Komorebi to subscribe to named pipe yasb-d27c1736-f1dd-11ef-ac82-58cdc9ee9bc0
2025-02-23 14:00:49 INFO watcher.py:39: Created file watcher for path C:\Users\bilay\.config\yasb
2025-02-23 14:00:49 DEBUG _windows.py:213: Starting (proactor: <_IocpProactor overlapped#=0 result#=0>)...
2025-02-23 14:00:49 DEBUG _windows.py:192: Thread started
2025-02-23 14:00:49 INFO event_listener.py:118: Komorebi connected to named pipe: yasb-d27c1736-f1dd-11ef-ac82-58cdc9ee9bc0
2025-02-23 14:00:58 INFO log.py:21: Yasb v1.5.91
2025-02-23 14:00:59 DEBUG win32.py:58: Looking up time zone info from registry
2025-02-23 14:00:59 INFO weather.py:366: Fetched new weather data at 2025-02-23 14:00:59.178590
2025-02-23 14:00:59 DEBUG __init__.py:149: CoInitializeEx(None, 2)
2025-02-23 14:00:59 INFO app_bar.py:103: Bar Created on Screen: EA232WMi [Bar Height: 46px, DPI Scale: 1.0, Scale Screen: True, Screen Geometry: X: 0, Y: 0, Screen Width: 1920, Screen Height: 1080]
2025-02-23 14:00:59 INFO event_listener.py:52: Created named pipe yasb-d87d2630-f1dd-11ef-8d30-58cdc9ee9bc0
2025-02-23 14:00:59 INFO event_listener.py:106: Waiting for Komorebi to subscribe to named pipe yasb-d87d2630-f1dd-11ef-8d30-58cdc9ee9bc0
2025-02-23 14:00:59 INFO watcher.py:39: Created file watcher for path C:\Users\bilay\.config\yasb
2025-02-23 14:00:59 DEBUG _windows.py:213: Starting (proactor: <_IocpProactor overlapped#=0 result#=0>)...
2025-02-23 14:00:59 DEBUG _windows.py:192: Thread started
2025-02-23 14:00:59 INFO event_listener.py:118: Komorebi connected to named pipe: yasb-d87d2630-f1dd-11ef-8d30-58cdc9ee9bc0
2025-02-23 14:10:59 INFO weather.py:366: Fetched new weather data at 2025-02-23 14:10:59.200980
2025-02-23 14:20:59 INFO weather.py:366: Fetched new weather data at 2025-02-23 14:20:59.202244
2025-02-23 14:30:59 INFO weather.py:366: Fetched new weather data at 2025-02-23 14:30:59.197268
2025-02-23 14:40:59 INFO weather.py:366: Fetched new weather data at 2025-02-23 14:40:59.197180
2025-02-23 14:50:59 INFO weather.py:366: Fetched new weather data at 2025-02-23 14:50:59.194438
2025-02-23 15:00:59 INFO weather.py:366: Fetched new weather data at 2025-02-23 15:00:59.194837
2025-02-23 15:04:42 WARNING event_listener.py:83: Pipe has been ended: (109, 'PeekNamedPipe', 'The pipe has been ended.')
2025-02-23 15:04:42 INFO event_listener.py:93: Attempting to reconnect...
2025-02-23 18:33:52 INFO log.py:21: Yasb v1.5.91
2025-02-23 18:33:52 DEBUG win32.py:58: Looking up time zone info from registry
2025-02-23 18:33:55 INFO weather.py:366: Fetched new weather data at 2025-02-23 18:33:55.042880
2025-02-23 18:33:55 DEBUG __init__.py:149: CoInitializeEx(None, 2)
2025-02-23 18:33:55 INFO app_bar.py:103: Bar Created on Screen: EA232WMi [Bar Height: 46px, DPI Scale: 1.0, Scale Screen: True, Screen Geometry: X: 0, Y: 0, Screen Width: 1920, Screen Height: 1080]
2025-02-23 18:33:55 INFO event_listener.py:52: Created named pipe yasb-f961956f-f203-11ef-b336-58cdc9ee9bc0
2025-02-23 18:33:55 INFO event_listener.py:106: Waiting for Komorebi to subscribe to named pipe yasb-f961956f-f203-11ef-b336-58cdc9ee9bc0
2025-02-23 18:33:55 INFO watcher.py:39: Created file watcher for path C:\Users\bilay\.config\yasb
2025-02-23 18:33:55 DEBUG _windows.py:213: Starting (proactor: <_IocpProactor overlapped#=0 result#=0>)...
2025-02-23 18:33:55 DEBUG _windows.py:192: Thread started
2025-02-23 18:33:55 INFO event_listener.py:118: Komorebi connected to named pipe: yasb-f961956f-f203-11ef-b336-58cdc9ee9bc0
2025-02-23 18:43:55 INFO weather.py:366: Fetched new weather data at 2025-02-23 18:43:55.037270
2025-02-23 18:53:55 INFO weather.py:366: Fetched new weather data at 2025-02-23 18:53:55.044900
2025-02-23 19:01:14 DEBUG volume.py:321: Attempting PolicyConfig interface with device: {0.0.0.00000000}.{ad16a32d-439f-49be-a1aa-c8ffd7ef2223}
2025-02-23 19:01:14 DEBUG volume.py:321: Attempting PolicyConfig interface with device: {0.0.0.00000000}.{ad16a32d-439f-49be-a1aa-c8ffd7ef2223}
2025-02-23 19:01:14 DEBUG volume.py:321: Attempting PolicyConfig interface with device: {0.0.0.00000000}.{ad16a32d-439f-49be-a1aa-c8ffd7ef2223}
2025-02-23 19:01:14 DEBUG volume.py:321: Attempting PolicyConfig interface with device: {0.0.0.00000000}.{ad16a32d-439f-49be-a1aa-c8ffd7ef2223}
2025-02-23 19:01:15 DEBUG volume.py:321: Attempting PolicyConfig interface with device: {0.0.0.00000000}.{ad16a32d-439f-49be-a1aa-c8ffd7ef2223}
2025-02-23 19:01:15 DEBUG volume.py:321: Attempting PolicyConfig interface with device: {0.0.0.00000000}.{ad16a32d-439f-49be-a1aa-c8ffd7ef2223}
2025-02-23 19:01:15 DEBUG volume.py:321: Attempting PolicyConfig interface with device: {0.0.0.00000000}.{ad16a32d-439f-49be-a1aa-c8ffd7ef2223}
2025-02-23 19:01:15 DEBUG volume.py:321: Attempting PolicyConfig interface with device: {0.0.0.00000000}.{ad16a32d-439f-49be-a1aa-c8ffd7ef2223}
2025-02-23 19:01:15 DEBUG volume.py:321: Attempting PolicyConfig interface with device: {0.0.0.00000000}.{ad16a32d-439f-49be-a1aa-c8ffd7ef2223}
2025-02-23 19:01:16 DEBUG volume.py:321: Attempting PolicyConfig interface with device: {0.0.0.00000000}.{ad16a32d-439f-49be-a1aa-c8ffd7ef2223}
2025-02-23 19:01:16 DEBUG volume.py:321: Attempting PolicyConfig interface with device: {0.0.0.00000000}.{ad16a32d-439f-49be-a1aa-c8ffd7ef2223}
2025-02-23 19:01:16 DEBUG volume.py:321: Attempting PolicyConfig interface with device: {0.0.0.00000000}.{ad16a32d-439f-49be-a1aa-c8ffd7ef2223}
2025-02-23 19:01:16 DEBUG volume.py:321: Attempting PolicyConfig interface with device: {0.0.0.00000000}.{ad16a32d-439f-49be-a1aa-c8ffd7ef2223}
2025-02-23 19:01:16 DEBUG volume.py:321: Attempting PolicyConfig interface with device: {0.0.0.00000000}.{ad16a32d-439f-49be-a1aa-c8ffd7ef2223}
2025-02-23 19:03:55 INFO weather.py:366: Fetched new weather data at 2025-02-23 19:03:55.042210
2025-02-23 19:13:55 INFO weather.py:366: Fetched new weather data at 2025-02-23 19:13:55.049531
2025-02-23 19:23:55 INFO weather.py:366: Fetched new weather data at 2025-02-23 19:23:55.051364
2025-02-23 19:33:55 INFO weather.py:366: Fetched new weather data at 2025-02-23 19:33:55.044406
2025-02-23 19:43:55 INFO weather.py:366: Fetched new weather data at 2025-02-23 19:43:55.045385
2025-02-23 19:53:55 INFO weather.py:366: Fetched new weather data at 2025-02-23 19:53:55.039148
2025-02-23 20:03:55 INFO weather.py:366: Fetched new weather data at 2025-02-23 20:03:55.038148
2025-02-23 20:13:55 INFO weather.py:366: Fetched new weather data at 2025-02-23 20:13:55.043469
2025-02-23 20:23:55 INFO weather.py:366: Fetched new weather data at 2025-02-23 20:23:55.046205
2025-02-23 20:33:55 INFO weather.py:366: Fetched new weather data at 2025-02-23 20:33:55.040769
2025-02-23 20:43:55 INFO weather.py:366: Fetched new weather data at 2025-02-23 20:43:55.044588
2025-02-23 20:53:55 INFO weather.py:366: Fetched new weather data at 2025-02-23 20:53:55.047141
2025-02-23 20:56:19 WARNING event_listener.py:83: Pipe has been ended: (109, 'PeekNamedPipe', 'The pipe has been ended.')
2025-02-23 20:56:19 INFO event_listener.py:93: Attempting to reconnect...
2025-02-24 16:31:02 INFO log.py:21: Yasb v1.5.91
2025-02-24 16:31:03 DEBUG win32.py:58: Looking up time zone info from registry
2025-02-24 16:31:05 INFO weather.py:366: Fetched new weather data at 2025-02-24 16:31:05.801101
2025-02-24 16:31:05 DEBUG __init__.py:149: CoInitializeEx(None, 2)
2025-02-24 16:31:05 INFO app_bar.py:103: Bar Created on Screen: EA232WMi [Bar Height: 46px, DPI Scale: 1.0, Scale Screen: True, Screen Geometry: X: 0, Y: 0, Screen Width: 1920, Screen Height: 1080]
2025-02-24 16:31:06 INFO event_listener.py:52: Created named pipe yasb-fb734afa-f2bb-11ef-9c47-58cdc9ee9bc0
2025-02-24 16:31:06 INFO event_listener.py:106: Waiting for Komorebi to subscribe to named pipe yasb-fb734afa-f2bb-11ef-9c47-58cdc9ee9bc0
2025-02-24 16:31:06 INFO watcher.py:39: Created file watcher for path C:\Users\bilay\.config\yasb
2025-02-24 16:31:06 DEBUG _windows.py:213: Starting (proactor: <_IocpProactor overlapped#=0 result#=0>)...
2025-02-24 16:31:06 DEBUG _windows.py:192: Thread started
2025-02-24 16:31:06 INFO event_listener.py:118: Komorebi connected to named pipe: yasb-fb734afa-f2bb-11ef-9c47-58cdc9ee9bc0
2025-02-24 16:41:05 INFO weather.py:366: Fetched new weather data at 2025-02-24 16:41:05.796378
2025-02-24 16:51:05 INFO weather.py:366: Fetched new weather data at 2025-02-24 16:51:05.803602
2025-02-24 17:01:05 INFO weather.py:366: Fetched new weather data at 2025-02-24 17:01:05.820227
2025-02-24 17:11:05 INFO weather.py:366: Fetched new weather data at 2025-02-24 17:11:05.823114
2025-02-24 17:21:05 INFO weather.py:366: Fetched new weather data at 2025-02-24 17:21:05.824850
2025-02-24 17:31:05 INFO weather.py:366: Fetched new weather data at 2025-02-24 17:31:05.821013
2025-02-24 17:41:05 INFO weather.py:366: Fetched new weather data at 2025-02-24 17:41:05.833019
2025-02-24 17:51:06 INFO weather.py:366: Fetched new weather data at 2025-02-24 17:51:06.932408
2025-02-24 18:01:06 INFO weather.py:366: Fetched new weather data at 2025-02-24 18:01:06.943700
2025-02-24 18:11:06 INFO weather.py:366: Fetched new weather data at 2025-02-24 18:11:06.939152
2025-02-24 18:21:06 INFO weather.py:366: Fetched new weather data at 2025-02-24 18:21:06.939683
2025-02-24 18:31:06 INFO weather.py:366: Fetched new weather data at 2025-02-24 18:31:06.938390
2025-02-24 18:41:06 INFO weather.py:366: Fetched new weather data at 2025-02-24 18:41:06.940531
2025-02-24 18:51:06 INFO weather.py:366: Fetched new weather data at 2025-02-24 18:51:06.934857
2025-02-24 19:01:06 INFO weather.py:366: Fetched new weather data at 2025-02-24 19:01:06.941158
2025-02-24 19:11:06 INFO weather.py:366: Fetched new weather data at 2025-02-24 19:11:06.933050
2025-02-24 19:21:06 INFO weather.py:366: Fetched new weather data at 2025-02-24 19:21:06.936101
2025-02-24 19:31:06 INFO weather.py:366: Fetched new weather data at 2025-02-24 19:31:06.938105
2025-02-24 19:41:06 INFO weather.py:366: Fetched new weather data at 2025-02-24 19:41:06.956949
2025-02-24 19:51:06 INFO weather.py:366: Fetched new weather data at 2025-02-24 19:51:06.945613
2025-02-24 20:01:06 INFO weather.py:366: Fetched new weather data at 2025-02-24 20:01:06.968445
2025-02-24 20:11:06 INFO weather.py:366: Fetched new weather data at 2025-02-24 20:11:06.965784
2025-02-24 20:21:06 INFO weather.py:366: Fetched new weather data at 2025-02-24 20:21:06.964364
2025-02-24 20:31:06 INFO weather.py:366: Fetched new weather data at 2025-02-24 20:31:06.982577
2025-02-24 20:41:06 INFO weather.py:366: Fetched new weather data at 2025-02-24 20:41:06.989608
2025-02-24 20:51:06 INFO weather.py:366: Fetched new weather data at 2025-02-24 20:51:06.988790
2025-02-24 21:01:06 INFO weather.py:366: Fetched new weather data at 2025-02-24 21:01:06.984007
2025-02-24 21:11:06 INFO weather.py:366: Fetched new weather data at 2025-02-24 21:11:06.984728
2025-02-24 21:21:06 INFO weather.py:366: Fetched new weather data at 2025-02-24 21:21:06.980737
2025-02-24 21:30:42 WARNING event_listener.py:83: Pipe has been ended: (109, 'PeekNamedPipe', 'The pipe has been ended.')
2025-02-24 21:30:42 INFO event_listener.py:93: Attempting to reconnect...
2025-02-25 17:54:37 INFO log.py:21: Yasb v1.5.91
2025-02-25 17:54:37 DEBUG win32.py:58: Looking up time zone info from registry
2025-02-25 17:54:40 INFO weather.py:366: Fetched new weather data at 2025-02-25 17:54:40.350259
2025-02-25 17:54:40 DEBUG __init__.py:149: CoInitializeEx(None, 2)
2025-02-25 17:54:40 INFO app_bar.py:103: Bar Created on Screen: EA232WMi [Bar Height: 46px, DPI Scale: 1.0, Scale Screen: True, Screen Geometry: X: 0, Y: 0, Screen Width: 1920, Screen Height: 1080]
2025-02-25 17:54:40 INFO event_listener.py:52: Created named pipe yasb-d2c3803d-f390-11ef-9f5a-58cdc9ee9bc0
2025-02-25 17:54:40 INFO event_listener.py:106: Waiting for Komorebi to subscribe to named pipe yasb-d2c3803d-f390-11ef-9f5a-58cdc9ee9bc0
2025-02-25 17:54:40 INFO watcher.py:39: Created file watcher for path C:\Users\bilay\.config\yasb
2025-02-25 17:54:40 DEBUG _windows.py:213: Starting (proactor: <_IocpProactor overlapped#=0 result#=0>)...
2025-02-25 17:54:40 DEBUG _windows.py:192: Thread started
2025-02-25 17:54:40 INFO event_listener.py:118: Komorebi connected to named pipe: yasb-d2c3803d-f390-11ef-9f5a-58cdc9ee9bc0
2025-02-25 18:03:49 DEBUG _windows.py:218: Stopping worker thread...
2025-02-25 18:03:49 DEBUG _windows.py:201: Exiting thread
2025-02-25 18:03:49 DEBUG _windows.py:75: Closing
2025-02-25 18:04:25 INFO log.py:21: Yasb v1.6.4
2025-02-25 18:04:25 DEBUG win32.py:55: Looking up time zone info from registry
2025-02-25 18:04:28 INFO weather.py:367: Fetched new weather data at 2025-02-25 18:04:28.431468
2025-02-25 18:04:28 DEBUG __init__.py:149: CoInitializeEx(None, 2)
2025-02-25 18:04:28 INFO app_bar.py:103: Bar Created on Screen: EA232WMi [Bar Height: 46px, DPI Scale: 1.0, Scale Screen: True, Screen Geometry: X: 0, Y: 0, Screen Width: 1920, Screen Height: 1080]
2025-02-25 18:04:28 INFO event_listener.py:52: Created named pipe yasb-314077da-f392-11ef-b1ca-58cdc9ee9bc0
2025-02-25 18:04:28 INFO event_listener.py:106: Waiting for Komorebi to subscribe to named pipe yasb-314077da-f392-11ef-b1ca-58cdc9ee9bc0
2025-02-25 18:04:28 INFO watcher.py:39: Created file watcher for path C:\Users\bilay\.config\yasb
2025-02-25 18:04:28 DEBUG _windows.py:213: Starting (proactor: <_IocpProactor overlapped#=0 result#=0>)...
2025-02-25 18:04:28 DEBUG _windows.py:192: Thread started
2025-02-25 18:04:29 WARNING event_listener.py:111: Komorebi failed to subscribe named pipe. Waiting for subscription...
2025-02-25 18:04:49 INFO event_listener.py:118: Komorebi connected to named pipe: yasb-314077da-f392-11ef-b1ca-58cdc9ee9bc0
2025-02-25 18:04:51 INFO log.py:21: Yasb v1.6.4
2025-02-25 18:04:51 ERROR main.py:82: Another instance of the YASB is already running.
2025-02-25 18:14:28 INFO weather.py:367: Fetched new weather data at 2025-02-25 18:14:28.433269
2025-02-25 18:24:28 INFO weather.py:367: Fetched new weather data at 2025-02-25 18:24:28.430923
2025-02-25 18:34:28 INFO weather.py:367: Fetched new weather data at 2025-02-25 18:34:28.446550
2025-02-25 18:44:28 INFO weather.py:367: Fetched new weather data at 2025-02-25 18:44:28.444725
2025-02-25 18:54:28 INFO weather.py:367: Fetched new weather data at 2025-02-25 18:54:28.458106
2025-02-25 19:04:28 INFO weather.py:367: Fetched new weather data at 2025-02-25 19:04:28.447576
2025-02-25 19:14:28 INFO weather.py:367: Fetched new weather data at 2025-02-25 19:14:28.450049
2025-02-25 19:24:28 INFO weather.py:367: Fetched new weather data at 2025-02-25 19:24:28.453106
2025-02-25 19:34:28 INFO weather.py:367: Fetched new weather data at 2025-02-25 19:34:28.447342
2025-02-25 19:44:28 INFO weather.py:367: Fetched new weather data at 2025-02-25 19:44:28.449730
2025-02-25 19:54:28 INFO weather.py:367: Fetched new weather data at 2025-02-25 19:54:28.454658
2025-02-25 20:04:28 INFO weather.py:367: Fetched new weather data at 2025-02-25 20:04:28.451492
2025-02-25 20:14:28 INFO weather.py:367: Fetched new weather data at 2025-02-25 20:14:28.453529
2025-02-25 20:24:28 INFO weather.py:367: Fetched new weather data at 2025-02-25 20:24:28.452652
2025-02-25 20:34:28 INFO weather.py:367: Fetched new weather data at 2025-02-25 20:34:28.463079
2025-02-25 20:44:28 INFO weather.py:367: Fetched new weather data at 2025-02-25 20:44:28.469114
2025-02-25 20:54:28 INFO weather.py:367: Fetched new weather data at 2025-02-25 20:54:28.470130
2025-02-25 21:04:28 INFO weather.py:367: Fetched new weather data at 2025-02-25 21:04:28.473924
2025-02-25 21:14:28 INFO weather.py:367: Fetched new weather data at 2025-02-25 21:14:28.461910
2025-02-25 21:21:20 WARNING event_listener.py:83: Pipe has been ended: (109, 'PeekNamedPipe', 'The pipe has been ended.')
2025-02-25 21:21:20 INFO event_listener.py:93: Attempting to reconnect...
2025-02-26 19:05:55 INFO log.py:21: Yasb v1.6.4
2025-02-26 19:05:56 DEBUG win32.py:55: Looking up time zone info from registry
2025-02-26 19:05:58 INFO weather.py:367: Fetched new weather data at 2025-02-26 19:05:58.910039
2025-02-26 19:05:58 DEBUG __init__.py:149: CoInitializeEx(None, 2)
2025-02-26 19:05:59 INFO app_bar.py:103: Bar Created on Screen: EA232WMi [Bar Height: 46px, DPI Scale: 1.0, Scale Screen: True, Screen Geometry: X: 0, Y: 0, Screen Width: 1920, Screen Height: 1080]
2025-02-26 19:05:59 INFO event_listener.py:52: Created named pipe yasb-f364bd40-f463-11ef-a945-58cdc9ee9bc0
2025-02-26 19:05:59 INFO event_listener.py:106: Waiting for Komorebi to subscribe to named pipe yasb-f364bd40-f463-11ef-a945-58cdc9ee9bc0
2025-02-26 19:05:59 INFO watcher.py:39: Created file watcher for path C:\Users\bilay\.config\yasb
2025-02-26 19:05:59 DEBUG _windows.py:213: Starting (proactor: <_IocpProactor overlapped#=0 result#=0>)...
2025-02-26 19:05:59 DEBUG _windows.py:192: Thread started
2025-02-26 19:05:59 INFO event_listener.py:118: Komorebi connected to named pipe: yasb-f364bd40-f463-11ef-a945-58cdc9ee9bc0
2025-02-26 19:15:58 INFO weather.py:367: Fetched new weather data at 2025-02-26 19:15:58.900534
2025-02-26 19:25:58 INFO weather.py:367: Fetched new weather data at 2025-02-26 19:25:58.907805
2025-02-26 19:35:58 INFO weather.py:367: Fetched new weather data at 2025-02-26 19:35:58.897723
2025-02-26 19:45:58 INFO weather.py:367: Fetched new weather data at 2025-02-26 19:45:58.908133
2025-02-26 19:55:58 INFO weather.py:367: Fetched new weather data at 2025-02-26 19:55:58.904931
2025-02-26 20:05:58 INFO weather.py:367: Fetched new weather data at 2025-02-26 20:05:58.899307
2025-02-26 20:15:58 INFO weather.py:367: Fetched new weather data at 2025-02-26 20:15:58.898673
2025-02-26 20:25:58 INFO weather.py:367: Fetched new weather data at 2025-02-26 20:25:58.908907
2025-02-26 20:35:58 INFO weather.py:367: Fetched new weather data at 2025-02-26 20:35:58.899901
2025-02-26 20:45:58 INFO weather.py:367: Fetched new weather data at 2025-02-26 20:45:58.902303
2025-02-26 20:55:58 INFO weather.py:367: Fetched new weather data at 2025-02-26 20:55:58.897084
2025-02-26 21:05:58 INFO weather.py:367: Fetched new weather data at 2025-02-26 21:05:58.902994
2025-02-26 21:15:58 INFO weather.py:367: Fetched new weather data at 2025-02-26 21:15:58.900786
2025-02-26 21:25:58 INFO weather.py:367: Fetched new weather data at 2025-02-26 21:25:58.909936
2025-02-26 21:28:17 WARNING event_listener.py:83: Pipe has been ended: (109, 'PeekNamedPipe', 'The pipe has been ended.')
2025-02-26 21:28:17 INFO event_listener.py:93: Attempting to reconnect...
2025-02-27 18:52:14 INFO log.py:21: Yasb v1.6.4
2025-02-27 18:52:14 DEBUG win32.py:55: Looking up time zone info from registry
2025-02-27 18:52:17 INFO weather.py:367: Fetched new weather data at 2025-02-27 18:52:17.341380
2025-02-27 18:52:17 DEBUG __init__.py:149: CoInitializeEx(None, 2)
2025-02-27 18:52:17 INFO app_bar.py:103: Bar Created on Screen: EA232WMi [Bar Height: 46px, DPI Scale: 1.0, Scale Screen: True, Screen Geometry: X: 0, Y: 0, Screen Width: 1920, Screen Height: 1080]
2025-02-27 18:52:17 INFO event_listener.py:52: Created named pipe yasb-341593c7-f52b-11ef-b4be-58cdc9ee9bc0
2025-02-27 18:52:17 INFO event_listener.py:106: Waiting for Komorebi to subscribe to named pipe yasb-341593c7-f52b-11ef-b4be-58cdc9ee9bc0
2025-02-27 18:52:17 INFO watcher.py:39: Created file watcher for path C:\Users\bilay\.config\yasb
2025-02-27 18:52:17 DEBUG _windows.py:213: Starting (proactor: <_IocpProactor overlapped#=0 result#=0>)...
2025-02-27 18:52:17 DEBUG _windows.py:192: Thread started
2025-02-27 18:52:17 INFO event_listener.py:118: Komorebi connected to named pipe: yasb-341593c7-f52b-11ef-b4be-58cdc9ee9bc0
2025-02-27 18:55:14 INFO log.py:21: Yasb v1.6.4
2025-02-27 18:55:14 ERROR main.py:82: Another instance of the YASB is already running.
2025-02-27 19:02:17 INFO weather.py:367: Fetched new weather data at 2025-02-27 19:02:17.346214
2025-02-27 19:12:17 INFO weather.py:367: Fetched new weather data at 2025-02-27 19:12:17.335161
2025-02-27 19:22:17 INFO weather.py:367: Fetched new weather data at 2025-02-27 19:22:17.348127
2025-02-27 19:32:17 INFO weather.py:367: Fetched new weather data at 2025-02-27 19:32:17.355276
2025-02-27 19:42:17 INFO weather.py:367: Fetched new weather data at 2025-02-27 19:42:17.377267
2025-02-27 19:52:16 INFO weather.py:367: Fetched new weather data at 2025-02-27 19:52:16.327702
2025-02-27 20:02:16 INFO weather.py:367: Fetched new weather data at 2025-02-27 20:02:16.341839
2025-02-27 20:12:16 INFO weather.py:367: Fetched new weather data at 2025-02-27 20:12:16.337918
2025-02-27 20:22:16 INFO weather.py:367: Fetched new weather data at 2025-02-27 20:22:16.335125
2025-02-27 20:32:16 INFO weather.py:367: Fetched new weather data at 2025-02-27 20:32:16.339053
2025-02-27 20:42:16 INFO weather.py:367: Fetched new weather data at 2025-02-27 20:42:16.329487
2025-02-27 20:52:16 INFO weather.py:367: Fetched new weather data at 2025-02-27 20:52:16.331783
2025-02-27 21:02:16 INFO weather.py:367: Fetched new weather data at 2025-02-27 21:02:16.334378
2025-02-27 21:12:16 INFO weather.py:367: Fetched new weather data at 2025-02-27 21:12:16.328886
2025-02-27 21:22:16 INFO weather.py:367: Fetched new weather data at 2025-02-27 21:22:16.336515
2025-02-27 21:32:16 INFO weather.py:367: Fetched new weather data at 2025-02-27 21:32:16.343394
2025-02-27 21:42:16 INFO weather.py:367: Fetched new weather data at 2025-02-27 21:42:16.366917
2025-02-27 21:46:14 WARNING event_listener.py:83: Pipe has been ended: (109, 'PeekNamedPipe', 'The pipe has been ended.')
2025-02-27 21:46:14 INFO event_listener.py:93: Attempting to reconnect...
2025-02-28 18:43:14 INFO log.py:21: Yasb v1.6.4
2025-02-28 18:43:15 DEBUG win32.py:55: Looking up time zone info from registry
2025-02-28 18:43:17 INFO weather.py:367: Fetched new weather data at 2025-02-28 18:43:17.563596
2025-02-28 18:43:17 DEBUG __init__.py:149: CoInitializeEx(None, 2)
2025-02-28 18:43:17 INFO app_bar.py:103: Bar Created on Screen: EA232WMi [Bar Height: 46px, DPI Scale: 1.0, Scale Screen: True, Screen Geometry: X: 0, Y: 0, Screen Width: 1920, Screen Height: 1080]
2025-02-28 18:43:18 INFO event_listener.py:52: Created named pipe yasb-1cd39d19-f5f3-11ef-8d5a-58cdc9ee9bc0
2025-02-28 18:43:18 INFO event_listener.py:106: Waiting for Komorebi to subscribe to named pipe yasb-1cd39d19-f5f3-11ef-8d5a-58cdc9ee9bc0
2025-02-28 18:43:18 INFO watcher.py:39: Created file watcher for path C:\Users\bilay\.config\yasb
2025-02-28 18:43:18 DEBUG _windows.py:213: Starting (proactor: <_IocpProactor overlapped#=0 result#=0>)...
2025-02-28 18:43:18 DEBUG _windows.py:192: Thread started
2025-02-28 18:43:18 INFO event_listener.py:118: Komorebi connected to named pipe: yasb-1cd39d19-f5f3-11ef-8d5a-58cdc9ee9bc0
2025-02-28 18:53:17 INFO weather.py:367: Fetched new weather data at 2025-02-28 18:53:17.566434
2025-02-28 19:03:17 INFO weather.py:367: Fetched new weather data at 2025-02-28 19:03:17.553147
2025-02-28 19:13:17 INFO weather.py:367: Fetched new weather data at 2025-02-28 19:13:17.552502
2025-02-28 19:23:17 INFO weather.py:367: Fetched new weather data at 2025-02-28 19:23:17.557759
2025-02-28 19:33:17 INFO weather.py:367: Fetched new weather data at 2025-02-28 19:33:17.558847
2025-02-28 19:43:17 INFO weather.py:367: Fetched new weather data at 2025-02-28 19:43:17.555351
2025-02-28 19:53:17 INFO weather.py:367: Fetched new weather data at 2025-02-28 19:53:17.562205
2025-02-28 20:03:17 INFO weather.py:367: Fetched new weather data at 2025-02-28 20:03:17.559847
2025-02-28 20:13:17 INFO weather.py:367: Fetched new weather data at 2025-02-28 20:13:17.555214
2025-02-28 20:23:17 INFO weather.py:367: Fetched new weather data at 2025-02-28 20:23:17.552775
2025-02-28 20:33:17 INFO weather.py:367: Fetched new weather data at 2025-02-28 20:33:17.555289
2025-02-28 20:40:42 INFO bar.py:98: Screen geometry changed. Updating position for bar (status-bar_EA232WMi_82f35135)
2025-02-28 20:40:42 INFO app_bar.py:103: Bar Created on Screen: EA232WMi [Bar Height: 46px, DPI Scale: 1.0, Scale Screen: True, Screen Geometry: X: 0, Y: 0, Screen Width: 720, Screen Height: 480]
2025-02-28 20:40:42 INFO bar.py:98: Screen geometry changed. Updating position for bar (status-bar_EA232WMi_82f35135)
2025-02-28 20:40:43 INFO app_bar.py:103: Bar Created on Screen: EA232WMi [Bar Height: 46px, DPI Scale: 1.0, Scale Screen: True, Screen Geometry: X: 0, Y: 0, Screen Width: 1920, Screen Height: 1080]
2025-02-28 20:43:17 INFO weather.py:367: Fetched new weather data at 2025-02-28 20:43:17.559214
2025-02-28 20:53:17 INFO weather.py:367: Fetched new weather data at 2025-02-28 20:53:17.566595
2025-02-28 21:03:17 INFO weather.py:367: Fetched new weather data at 2025-02-28 21:03:17.565503
2025-02-28 21:13:17 INFO weather.py:367: Fetched new weather data at 2025-02-28 21:13:17.582878
2025-02-28 21:14:15 WARNING event_listener.py:83: Pipe has been ended: (109, 'PeekNamedPipe', 'The pipe has been ended.')
2025-02-28 21:14:15 INFO event_listener.py:93: Attempting to reconnect...
2025-03-01 14:40:07 INFO log.py:21: Yasb v1.6.4
2025-03-01 14:40:08 DEBUG win32.py:55: Looking up time zone info from registry
2025-03-01 14:40:10 INFO weather.py:367: Fetched new weather data at 2025-03-01 14:40:10.698299
2025-03-01 14:40:10 DEBUG __init__.py:149: CoInitializeEx(None, 2)
2025-03-01 14:40:10 INFO app_bar.py:103: Bar Created on Screen: EA232WMi [Bar Height: 46px, DPI Scale: 1.0, Scale Screen: True, Screen Geometry: X: 0, Y: 0, Screen Width: 1920, Screen Height: 1080]
2025-03-01 14:40:11 INFO event_listener.py:52: Created named pipe yasb-50c2e522-f69a-11ef-9eb4-58cdc9ee9bc0
2025-03-01 14:40:11 INFO event_listener.py:106: Waiting for Komorebi to subscribe to named pipe yasb-50c2e522-f69a-11ef-9eb4-58cdc9ee9bc0
2025-03-01 14:40:11 INFO watcher.py:39: Created file watcher for path C:\Users\bilay\.config\yasb
2025-03-01 14:40:11 DEBUG _windows.py:213: Starting (proactor: <_IocpProactor overlapped#=0 result#=0>)...
2025-03-01 14:40:11 DEBUG _windows.py:192: Thread started
2025-03-01 14:40:11 INFO event_listener.py:118: Komorebi connected to named pipe: yasb-50c2e522-f69a-11ef-9eb4-58cdc9ee9bc0
2025-03-01 14:50:10 INFO weather.py:367: Fetched new weather data at 2025-03-01 14:50:10.705930
2025-03-01 15:00:10 INFO weather.py:367: Fetched new weather data at 2025-03-01 15:00:10.697850
2025-03-01 15:10:10 INFO weather.py:367: Fetched new weather data at 2025-03-01 15:10:10.708580
2025-03-01 15:14:14 INFO bar_manager.py:46: Successfully loaded updated stylesheet and applied to all bars.
2025-03-01 15:14:28 INFO bar_manager.py:46: Successfully loaded updated stylesheet and applied to all bars.
2025-03-01 15:14:41 INFO bar_manager.py:46: Successfully loaded updated stylesheet and applied to all bars.
2025-03-01 15:14:45 INFO bar_manager.py:46: Successfully loaded updated stylesheet and applied to all bars.
2025-03-01 15:15:07 INFO bar_manager.py:46: Successfully loaded updated stylesheet and applied to all bars.
2025-03-01 15:15:18 INFO bar_manager.py:46: Successfully loaded updated stylesheet and applied to all bars.
2025-03-01 15:15:33 INFO bar_manager.py:46: Successfully loaded updated stylesheet and applied to all bars.
2025-03-01 15:16:03 INFO bar_manager.py:46: Successfully loaded updated stylesheet and applied to all bars.
2025-03-01 15:16:12 INFO bar_manager.py:46: Successfully loaded updated stylesheet and applied to all bars.
2025-03-01 15:16:24 INFO bar_manager.py:46: Successfully loaded updated stylesheet and applied to all bars.
2025-03-01 15:16:45 INFO bar_manager.py:46: Successfully loaded updated stylesheet and applied to all bars.
2025-03-01 15:17:31 INFO bar_manager.py:46: Successfully loaded updated stylesheet and applied to all bars.
2025-03-01 15:18:24 INFO bar_manager.py:46: Successfully loaded updated stylesheet and applied to all bars.
2025-03-01 15:19:03 INFO bar_manager.py:46: Successfully loaded updated stylesheet and applied to all bars.
2025-03-01 15:19:25 INFO bar_manager.py:46: Successfully loaded updated stylesheet and applied to all bars.
2025-03-01 15:19:37 INFO bar_manager.py:46: Successfully loaded updated stylesheet and applied to all bars.
2025-03-01 15:20:09 INFO bar_manager.py:46: Successfully loaded updated stylesheet and applied to all bars.
2025-03-01 15:20:10 INFO weather.py:367: Fetched new weather data at 2025-03-01 15:20:10.699462
2025-03-01 15:20:40 INFO bar_manager.py:46: Successfully loaded updated stylesheet and applied to all bars.
2025-03-01 15:20:53 INFO bar_manager.py:46: Successfully loaded updated stylesheet and applied to all bars.
2025-03-01 15:20:57 INFO bar_manager.py:46: Successfully loaded updated stylesheet and applied to all bars.
2025-03-01 15:21:03 INFO bar_manager.py:46: Successfully loaded updated stylesheet and applied to all bars.
2025-03-01 15:21:06 INFO bar_manager.py:46: Successfully loaded updated stylesheet and applied to all bars.
2025-03-01 15:21:27 INFO bar_manager.py:46: Successfully loaded updated stylesheet and applied to all bars.
2025-03-01 15:21:49 INFO bar_manager.py:46: Successfully loaded updated stylesheet and applied to all bars.
2025-03-01 15:21:58 INFO bar_manager.py:46: Successfully loaded updated stylesheet and applied to all bars.
2025-03-01 15:22:10 INFO bar_manager.py:46: Successfully loaded updated stylesheet and applied to all bars.
2025-03-01 15:22:42 INFO bar_manager.py:46: Successfully loaded updated stylesheet and applied to all bars.
2025-03-01 15:23:06 INFO bar_manager.py:46: Successfully loaded updated stylesheet and applied to all bars.
2025-03-01 15:23:12 INFO bar_manager.py:46: Successfully loaded updated stylesheet and applied to all bars.
2025-03-01 15:23:13 INFO bar_manager.py:46: Successfully loaded updated stylesheet and applied to all bars.
2025-03-01 15:23:40 INFO bar_manager.py:46: Successfully loaded updated stylesheet and applied to all bars.
2025-03-01 15:23:48 INFO bar_manager.py:46: Successfully loaded updated stylesheet and applied to all bars.
2025-03-01 15:24:42 INFO bar_manager.py:46: Successfully loaded updated stylesheet and applied to all bars.
2025-03-01 15:24:55 INFO bar_manager.py:46: Successfully loaded updated stylesheet and applied to all bars.
2025-03-01 15:25:02 INFO bar_manager.py:46: Successfully loaded updated stylesheet and applied to all bars.
2025-03-01 15:25:39 INFO bar_manager.py:46: Successfully loaded updated stylesheet and applied to all bars.
2025-03-01 15:25:54 INFO bar_manager.py:46: Successfully loaded updated stylesheet and applied to all bars.
2025-03-01 15:26:37 INFO bar_manager.py:46: Successfully loaded updated stylesheet and applied to all bars.
2025-03-01 15:26:53 INFO bar_manager.py:46: Successfully loaded updated stylesheet and applied to all bars.
2025-03-01 15:27:08 INFO bar_manager.py:46: Successfully loaded updated stylesheet and applied to all bars.
2025-03-01 15:27:25 INFO bar_manager.py:46: Successfully loaded updated stylesheet and applied to all bars.
2025-03-01 15:27:38 INFO bar_manager.py:46: Successfully loaded updated stylesheet and applied to all bars.
2025-03-01 15:27:44 INFO bar_manager.py:46: Successfully loaded updated stylesheet and applied to all bars.
2025-03-01 15:27:56 INFO bar_manager.py:46: Successfully loaded updated stylesheet and applied to all bars.
2025-03-01 15:28:15 INFO bar_manager.py:46: Successfully loaded updated stylesheet and applied to all bars.
2025-03-01 15:28:35 INFO bar_manager.py:46: Successfully loaded updated stylesheet and applied to all bars.
2025-03-01 15:28:50 INFO bar_manager.py:46: Successfully loaded updated stylesheet and applied to all bars.
2025-03-01 15:28:54 INFO bar_manager.py:46: Successfully loaded updated stylesheet and applied to all bars.
2025-03-01 15:30:10 INFO weather.py:367: Fetched new weather data at 2025-03-01 15:30:10.721431
2025-03-01 15:30:15 INFO bar_manager.py:46: Successfully loaded updated stylesheet and applied to all bars.
2025-03-01 15:30:33 INFO log.py:21: Yasb v1.6.4
2025-03-01 15:30:33 ERROR main.py:82: Another instance of the YASB is already running.
2025-03-01 15:30:45 INFO tray.py:241: Reloading Application...
2025-03-01 15:30:45 INFO log.py:21: Yasb v1.6.4
2025-03-01 15:30:45 DEBUG win32.py:55: Looking up time zone info from registry
2025-03-01 15:30:47 INFO weather.py:367: Fetched new weather data at 2025-03-01 15:30:47.907793
2025-03-01 15:30:47 DEBUG __init__.py:149: CoInitializeEx(None, 2)
2025-03-01 15:30:48 INFO app_bar.py:103: Bar Created on Screen: EA232WMi [Bar Height: 46px, DPI Scale: 1.0, Scale Screen: True, Screen Geometry: X: 0, Y: 0, Screen Width: 1920, Screen Height: 1080]
2025-03-01 15:30:48 INFO event_listener.py:52: Created named pipe yasb-62f6ef85-f6a1-11ef-92a9-58cdc9ee9bc0
2025-03-01 15:30:48 INFO event_listener.py:106: Waiting for Komorebi to subscribe to named pipe yasb-62f6ef85-f6a1-11ef-92a9-58cdc9ee9bc0
2025-03-01 15:30:48 INFO watcher.py:39: Created file watcher for path C:\Users\bilay\.config\yasb
2025-03-01 15:30:48 DEBUG _windows.py:213: Starting (proactor: <_IocpProactor overlapped#=0 result#=0>)...
2025-03-01 15:30:48 DEBUG _windows.py:192: Thread started
2025-03-01 15:30:48 INFO event_listener.py:118: Komorebi connected to named pipe: yasb-62f6ef85-f6a1-11ef-92a9-58cdc9ee9bc0
2025-03-01 15:31:47 INFO bar_manager.py:46: Successfully loaded updated stylesheet and applied to all bars.
2025-03-01 15:32:16 INFO bar_manager.py:46: Successfully loaded updated stylesheet and applied to all bars.
2025-03-01 15:32:54 INFO bar_manager.py:46: Successfully loaded updated stylesheet and applied to all bars.
2025-03-01 15:33:20 INFO bar_manager.py:46: Successfully loaded updated stylesheet and applied to all bars.
2025-03-01 15:33:33 INFO bar_manager.py:46: Successfully loaded updated stylesheet and applied to all bars.
2025-03-01 15:33:43 INFO bar_manager.py:46: Successfully loaded updated stylesheet and applied to all bars.
2025-03-01 15:34:40 INFO bar_manager.py:46: Successfully loaded updated stylesheet and applied to all bars.
2025-03-01 15:34:44 INFO bar_manager.py:46: Successfully loaded updated stylesheet and applied to all bars.
2025-03-01 15:34:46 INFO bar_manager.py:46: Successfully loaded updated stylesheet and applied to all bars.
2025-03-01 15:34:48 INFO bar_manager.py:46: Successfully loaded updated stylesheet and applied to all bars.
2025-03-01 15:35:06 INFO bar_manager.py:46: Successfully loaded updated stylesheet and applied to all bars.
2025-03-01 15:35:12 INFO bar_manager.py:46: Successfully loaded updated stylesheet and applied to all bars.
2025-03-01 15:36:35 INFO bar_manager.py:46: Successfully loaded updated stylesheet and applied to all bars.
2025-03-01 15:37:01 INFO bar_manager.py:46: Successfully loaded updated stylesheet and applied to all bars.
2025-03-01 15:37:07 INFO bar_manager.py:46: Successfully loaded updated stylesheet and applied to all bars.
2025-03-01 15:37:34 INFO bar_manager.py:46: Successfully loaded updated stylesheet and applied to all bars.
2025-03-01 15:38:30 INFO bar_manager.py:46: Successfully loaded updated stylesheet and applied to all bars.
2025-03-01 15:38:34 INFO bar_manager.py:46: Successfully loaded updated stylesheet and applied to all bars.
2025-03-01 15:39:51 INFO bar_manager.py:46: Successfully loaded updated stylesheet and applied to all bars.
2025-03-01 15:39:59 INFO bar_manager.py:46: Successfully loaded updated stylesheet and applied to all bars.
2025-03-01 15:40:10 INFO bar_manager.py:46: Successfully loaded updated stylesheet and applied to all bars.
2025-03-01 15:40:18 INFO bar_manager.py:46: Successfully loaded updated stylesheet and applied to all bars.
2025-03-01 15:40:26 INFO bar_manager.py:46: Successfully loaded updated stylesheet and applied to all bars.
2025-03-01 15:40:36 INFO bar_manager.py:46: Successfully loaded updated stylesheet and applied to all bars.
2025-03-01 15:40:47 INFO bar_manager.py:46: Successfully loaded updated stylesheet and applied to all bars.
2025-03-01 15:40:47 INFO weather.py:367: Fetched new weather data at 2025-03-01 15:40:47.926714
2025-03-01 15:41:22 INFO bar_manager.py:46: Successfully loaded updated stylesheet and applied to all bars.
2025-03-01 15:41:39 INFO bar_manager.py:46: Successfully loaded updated stylesheet and applied to all bars.
2025-03-01 15:41:45 INFO bar_manager.py:46: Successfully loaded updated stylesheet and applied to all bars.
2025-03-01 15:42:52 INFO bar_manager.py:46: Successfully loaded updated stylesheet and applied to all bars.
2025-03-01 15:42:57 INFO bar_manager.py:46: Successfully loaded updated stylesheet and applied to all bars.
2025-03-01 15:43:43 INFO bar_manager.py:46: Successfully loaded updated stylesheet and applied to all bars.
2025-03-01 15:43:54 INFO bar_manager.py:46: Successfully loaded updated stylesheet and applied to all bars.
2025-03-01 15:43:55 INFO bar_manager.py:46: Successfully loaded updated stylesheet and applied to all bars.
2025-03-01 15:44:04 INFO bar_manager.py:46: Successfully loaded updated stylesheet and applied to all bars.
2025-03-01 15:44:34 INFO bar_manager.py:46: Successfully loaded updated stylesheet and applied to all bars.
2025-03-01 15:44:36 INFO bar_manager.py:46: Successfully loaded updated stylesheet and applied to all bars.
2025-03-01 15:44:41 INFO bar_manager.py:46: Successfully loaded updated stylesheet and applied to all bars.
2025-03-01 15:44:43 INFO bar_manager.py:46: Successfully loaded updated stylesheet and applied to all bars.
2025-03-01 15:44:52 INFO bar_manager.py:46: Successfully loaded updated stylesheet and applied to all bars.
2025-03-01 15:44:54 INFO bar_manager.py:46: Successfully loaded updated stylesheet and applied to all bars.
2025-03-01 15:44:58 INFO bar_manager.py:46: Successfully loaded updated stylesheet and applied to all bars.
2025-03-01 15:45:18 INFO bar_manager.py:46: Successfully loaded updated stylesheet and applied to all bars.
2025-03-01 15:45:29 INFO bar_manager.py:46: Successfully loaded updated stylesheet and applied to all bars.
2025-03-01 15:45:33 INFO bar_manager.py:46: Successfully loaded updated stylesheet and applied to all bars.
2025-03-01 15:46:19 INFO bar_manager.py:46: Successfully loaded updated stylesheet and applied to all bars.
2025-03-01 15:46:22 INFO bar_manager.py:46: Successfully loaded updated stylesheet and applied to all bars.
2025-03-01 15:46:25 INFO bar_manager.py:46: Successfully loaded updated stylesheet and applied to all bars.
2025-03-01 15:46:34 INFO bar_manager.py:46: Successfully loaded updated stylesheet and applied to all bars.
2025-03-01 15:46:44 INFO bar_manager.py:46: Successfully loaded updated stylesheet and applied to all bars.
2025-03-01 15:46:55 INFO bar_manager.py:46: Successfully loaded updated stylesheet and applied to all bars.
2025-03-01 15:47:02 INFO bar_manager.py:46: Successfully loaded updated stylesheet and applied to all bars.
2025-03-01 15:47:08 INFO bar_manager.py:46: Successfully loaded updated stylesheet and applied to all bars.
2025-03-01 15:47:36 INFO bar_manager.py:46: Successfully loaded updated stylesheet and applied to all bars.
2025-03-01 15:47:42 INFO bar_manager.py:46: Successfully loaded updated stylesheet and applied to all bars.
2025-03-01 15:50:47 INFO weather.py:367: Fetched new weather data at 2025-03-01 15:50:47.927010
2025-03-01 16:00:47 INFO weather.py:367: Fetched new weather data at 2025-03-01 16:00:47.915261
2025-03-01 16:10:47 INFO weather.py:367: Fetched new weather data at 2025-03-01 16:10:47.940582
2025-03-01 16:17:00 INFO log.py:21: Yasb v1.6.4
2025-03-01 16:17:00 DEBUG win32.py:55: Looking up time zone info from registry
2025-03-01 16:17:00 INFO weather.py:367: Fetched new weather data at 2025-03-01 16:17:00.242620
2025-03-01 16:17:00 DEBUG __init__.py:149: CoInitializeEx(None, 2)
2025-03-01 16:17:00 INFO app_bar.py:103: Bar Created on Screen: EA232WMi [Bar Height: 50px, DPI Scale: 1.0, Scale Screen: True, Screen Geometry: X: 0, Y: 0, Screen Width: 1920, Screen Height: 1080]
2025-03-01 16:17:00 INFO event_listener.py:52: Created named pipe yasb-d760743f-f6a7-11ef-b2dc-58cdc9ee9bc0
2025-03-01 16:17:00 INFO event_listener.py:106: Waiting for Komorebi to subscribe to named pipe yasb-d760743f-f6a7-11ef-b2dc-58cdc9ee9bc0
2025-03-01 16:17:00 INFO watcher.py:39: Created file watcher for path C:\Users\bilay\.config\yasb
2025-03-01 16:17:00 DEBUG _windows.py:213: Starting (proactor: <_IocpProactor overlapped#=0 result#=0>)...
2025-03-01 16:17:00 DEBUG _windows.py:192: Thread started
2025-03-01 16:17:00 INFO event_listener.py:118: Komorebi connected to named pipe: yasb-d760743f-f6a7-11ef-b2dc-58cdc9ee9bc0
2025-03-01 16:17:32 INFO bar_manager.py:46: Successfully loaded updated stylesheet and applied to all bars.
2025-03-01 16:17:37 INFO bar_manager.py:46: Successfully loaded updated stylesheet and applied to all bars.
2025-03-01 16:17:44 INFO bar_manager.py:46: Successfully loaded updated stylesheet and applied to all bars.
2025-03-01 16:17:55 INFO bar_manager.py:46: Successfully loaded updated stylesheet and applied to all bars.
2025-03-01 16:18:09 INFO bar_manager.py:46: Successfully loaded updated stylesheet and applied to all bars.
2025-03-01 16:18:24 INFO bar_manager.py:46: Successfully loaded updated stylesheet and applied to all bars.
2025-03-01 16:18:30 INFO bar_manager.py:46: Successfully loaded updated stylesheet and applied to all bars.
2025-03-01 16:18:34 INFO bar_manager.py:46: Successfully loaded updated stylesheet and applied to all bars.
2025-03-01 16:18:40 INFO bar_manager.py:46: Successfully loaded updated stylesheet and applied to all bars.
2025-03-01 16:18:46 INFO bar_manager.py:46: Successfully loaded updated stylesheet and applied to all bars.
2025-03-01 16:18:51 INFO bar_manager.py:46: Successfully loaded updated stylesheet and applied to all bars.
2025-03-01 16:20:06 INFO log.py:21: Yasb v1.6.4
2025-03-01 16:20:06 DEBUG win32.py:55: Looking up time zone info from registry
2025-03-01 16:20:06 DEBUG __init__.py:149: CoInitializeEx(None, 2)
2025-03-01 16:20:06 INFO app_bar.py:103: Bar Created on Screen: EA232WMi [Bar Height: 50px, DPI Scale: 1.0, Scale Screen: True, Screen Geometry: X: 0, Y: 0, Screen Width: 1920, Screen Height: 1080]
2025-03-01 16:20:06 INFO event_listener.py:52: Created named pipe yasb-463c4688-f6a8-11ef-bd24-58cdc9ee9bc0
2025-03-01 16:20:06 INFO event_listener.py:106: Waiting for Komorebi to subscribe to named pipe yasb-463c4688-f6a8-11ef-bd24-58cdc9ee9bc0
2025-03-01 16:20:06 INFO watcher.py:39: Created file watcher for path C:\Users\bilay\.config\yasb
2025-03-01 16:20:06 DEBUG _windows.py:213: Starting (proactor: <_IocpProactor overlapped#=0 result#=0>)...
2025-03-01 16:20:06 DEBUG _windows.py:192: Thread started
2025-03-01 16:20:06 INFO event_listener.py:118: Komorebi connected to named pipe: yasb-463c4688-f6a8-11ef-bd24-58cdc9ee9bc0
2025-03-01 16:21:24 INFO bar_manager.py:46: Successfully loaded updated stylesheet and applied to all bars.
2025-03-01 16:21:31 INFO bar_manager.py:46: Successfully loaded updated stylesheet and applied to all bars.
2025-03-01 16:21:34 INFO bar_manager.py:46: Successfully loaded updated stylesheet and applied to all bars.
2025-03-01 16:21:40 INFO bar_manager.py:46: Successfully loaded updated stylesheet and applied to all bars.
2025-03-01 16:21:47 INFO bar_manager.py:46: Successfully loaded updated stylesheet and applied to all bars.
2025-03-01 16:21:53 INFO bar_manager.py:46: Successfully loaded updated stylesheet and applied to all bars.
2025-03-01 16:21:58 INFO bar_manager.py:46: Successfully loaded updated stylesheet and applied to all bars.
2025-03-01 16:22:08 INFO bar_manager.py:46: Successfully loaded updated stylesheet and applied to all bars.
2025-03-01 16:22:26 INFO bar_manager.py:46: Successfully loaded updated stylesheet and applied to all bars.
2025-03-01 16:22:36 INFO bar_manager.py:46: Successfully loaded updated stylesheet and applied to all bars.
2025-03-01 16:22:45 INFO bar_manager.py:46: Successfully loaded updated stylesheet and applied to all bars.
2025-03-01 16:22:48 INFO bar_manager.py:46: Successfully loaded updated stylesheet and applied to all bars.
2025-03-01 16:22:51 INFO bar_manager.py:46: Successfully loaded updated stylesheet and applied to all bars.
2025-03-01 16:22:56 INFO bar_manager.py:46: Successfully loaded updated stylesheet and applied to all bars.
2025-03-01 16:22:58 INFO bar_manager.py:46: Successfully loaded updated stylesheet and applied to all bars.
2025-03-01 16:23:13 INFO bar_manager.py:46: Successfully loaded updated stylesheet and applied to all bars.
2025-03-01 16:23:15 INFO bar_manager.py:46: Successfully loaded updated stylesheet and applied to all bars.
2025-03-01 16:23:21 INFO bar_manager.py:46: Successfully loaded updated stylesheet and applied to all bars.
2025-03-01 16:23:26 INFO bar_manager.py:46: Successfully loaded updated stylesheet and applied to all bars.
2025-03-01 16:23:30 INFO bar_manager.py:46: Successfully loaded updated stylesheet and applied to all bars.
2025-03-01 16:23:31 INFO bar_manager.py:46: Successfully loaded updated stylesheet and applied to all bars.
2025-03-01 16:23:33 INFO bar_manager.py:46: Successfully loaded updated stylesheet and applied to all bars.
2025-03-01 16:23:35 INFO bar_manager.py:46: Successfully loaded updated stylesheet and applied to all bars.
2025-03-01 16:25:14 INFO bar_manager.py:46: Successfully loaded updated stylesheet and applied to all bars.
2025-03-01 16:25:22 INFO bar_manager.py:46: Successfully loaded updated stylesheet and applied to all bars.
2025-03-01 16:25:30 INFO bar_manager.py:46: Successfully loaded updated stylesheet and applied to all bars.
2025-03-01 16:25:41 INFO bar_manager.py:46: Successfully loaded updated stylesheet and applied to all bars.
2025-03-01 16:27:30 INFO log.py:21: Yasb v1.6.4
2025-03-01 16:27:30 DEBUG win32.py:55: Looking up time zone info from registry
2025-03-01 16:27:30 DEBUG __init__.py:149: CoInitializeEx(None, 2)
2025-03-01 16:27:30 INFO app_bar.py:103: Bar Created on Screen: EA232WMi [Bar Height: 50px, DPI Scale: 1.0, Scale Screen: True, Screen Geometry: X: 0, Y: 0, Screen Width: 1920, Screen Height: 1080]
2025-03-01 16:27:30 INFO event_listener.py:52: Created named pipe yasb-4efc5215-f6a9-11ef-8a49-58cdc9ee9bc0
2025-03-01 16:27:30 INFO event_listener.py:106: Waiting for Komorebi to subscribe to named pipe yasb-4efc5215-f6a9-11ef-8a49-58cdc9ee9bc0
2025-03-01 16:27:30 INFO watcher.py:39: Created file watcher for path C:\Users\bilay\.config\yasb
2025-03-01 16:27:30 DEBUG _windows.py:213: Starting (proactor: <_IocpProactor overlapped#=0 result#=0>)...
2025-03-01 16:27:30 DEBUG _windows.py:192: Thread started
2025-03-01 16:27:30 INFO event_listener.py:118: Komorebi connected to named pipe: yasb-4efc5215-f6a9-11ef-8a49-58cdc9ee9bc0
2025-03-01 16:27:43 INFO log.py:21: Yasb v1.6.4
2025-03-01 16:27:43 DEBUG win32.py:55: Looking up time zone info from registry
2025-03-01 16:27:43 DEBUG __init__.py:149: CoInitializeEx(None, 2)
2025-03-01 16:27:43 INFO app_bar.py:103: Bar Created on Screen: EA232WMi [Bar Height: 50px, DPI Scale: 1.0, Scale Screen: True, Screen Geometry: X: 0, Y: 0, Screen Width: 1920, Screen Height: 1080]
2025-03-01 16:27:43 INFO event_listener.py:52: Created named pipe yasb-56b0e248-f6a9-11ef-8149-58cdc9ee9bc0
2025-03-01 16:27:43 INFO event_listener.py:106: Waiting for Komorebi to subscribe to named pipe yasb-56b0e248-f6a9-11ef-8149-58cdc9ee9bc0
2025-03-01 16:27:43 INFO watcher.py:39: Created file watcher for path C:\Users\bilay\.config\yasb
2025-03-01 16:27:43 DEBUG _windows.py:213: Starting (proactor: <_IocpProactor overlapped#=0 result#=0>)...
2025-03-01 16:27:43 DEBUG _windows.py:192: Thread started
2025-03-01 16:27:43 INFO event_listener.py:118: Komorebi connected to named pipe: yasb-56b0e248-f6a9-11ef-8149-58cdc9ee9bc0
2025-03-01 16:28:27 INFO log.py:21: Yasb v1.6.4
2025-03-01 16:28:27 DEBUG win32.py:55: Looking up time zone info from registry
2025-03-01 16:28:27 DEBUG __init__.py:149: CoInitializeEx(None, 2)
2025-03-01 16:28:27 INFO app_bar.py:103: Bar Created on Screen: EA232WMi [Bar Height: 50px, DPI Scale: 1.0, Scale Screen: True, Screen Geometry: X: 0, Y: 0, Screen Width: 1920, Screen Height: 1080]
2025-03-01 16:28:27 INFO event_listener.py:52: Created named pipe yasb-710860cb-f6a9-11ef-8ca7-58cdc9ee9bc0
2025-03-01 16:28:27 INFO event_listener.py:106: Waiting for Komorebi to subscribe to named pipe yasb-710860cb-f6a9-11ef-8ca7-58cdc9ee9bc0
2025-03-01 16:28:27 INFO watcher.py:39: Created file watcher for path C:\Users\bilay\.config\yasb
2025-03-01 16:28:27 DEBUG _windows.py:213: Starting (proactor: <_IocpProactor overlapped#=0 result#=0>)...
2025-03-01 16:28:27 DEBUG _windows.py:192: Thread started
2025-03-01 16:28:27 INFO event_listener.py:118: Komorebi connected to named pipe: yasb-710860cb-f6a9-11ef-8ca7-58cdc9ee9bc0
2025-03-01 16:28:37 INFO log.py:21: Yasb v1.6.4
2025-03-01 16:28:37 DEBUG win32.py:55: Looking up time zone info from registry
2025-03-01 16:28:37 DEBUG __init__.py:149: CoInitializeEx(None, 2)
2025-03-01 16:28:37 INFO app_bar.py:103: Bar Created on Screen: EA232WMi [Bar Height: 50px, DPI Scale: 1.0, Scale Screen: True, Screen Geometry: X: 0, Y: 0, Screen Width: 1920, Screen Height: 1080]
2025-03-01 16:28:37 INFO event_listener.py:52: Created named pipe yasb-7702c93b-f6a9-11ef-bfae-58cdc9ee9bc0
2025-03-01 16:28:37 INFO event_listener.py:106: Waiting for Komorebi to subscribe to named pipe yasb-7702c93b-f6a9-11ef-bfae-58cdc9ee9bc0
2025-03-01 16:28:37 INFO watcher.py:39: Created file watcher for path C:\Users\bilay\.config\yasb
2025-03-01 16:28:37 DEBUG _windows.py:213: Starting (proactor: <_IocpProactor overlapped#=0 result#=0>)...
2025-03-01 16:28:37 DEBUG _windows.py:192: Thread started
2025-03-01 16:28:37 INFO event_listener.py:118: Komorebi connected to named pipe: yasb-7702c93b-f6a9-11ef-bfae-58cdc9ee9bc0
2025-03-01 16:28:53 INFO log.py:21: Yasb v1.6.4
2025-03-01 16:28:53 DEBUG win32.py:55: Looking up time zone info from registry
2025-03-01 16:28:53 DEBUG __init__.py:149: CoInitializeEx(None, 2)
2025-03-01 16:28:53 INFO app_bar.py:103: Bar Created on Screen: EA232WMi [Bar Height: 50px, DPI Scale: 1.0, Scale Screen: True, Screen Geometry: X: 0, Y: 0, Screen Width: 1920, Screen Height: 1080]
2025-03-01 16:28:53 INFO event_listener.py:52: Created named pipe yasb-8065b143-f6a9-11ef-9f2f-58cdc9ee9bc0
2025-03-01 16:28:53 INFO event_listener.py:106: Waiting for Komorebi to subscribe to named pipe yasb-8065b143-f6a9-11ef-9f2f-58cdc9ee9bc0
2025-03-01 16:28:53 INFO watcher.py:39: Created file watcher for path C:\Users\bilay\.config\yasb
2025-03-01 16:28:53 DEBUG _windows.py:213: Starting (proactor: <_IocpProactor overlapped#=0 result#=0>)...
2025-03-01 16:28:53 DEBUG _windows.py:192: Thread started
2025-03-01 16:28:53 INFO event_listener.py:118: Komorebi connected to named pipe: yasb-8065b143-f6a9-11ef-9f2f-58cdc9ee9bc0
2025-03-01 16:29:10 INFO log.py:21: Yasb v1.6.4
2025-03-01 16:29:10 DEBUG win32.py:55: Looking up time zone info from registry
2025-03-01 16:29:10 DEBUG __init__.py:149: CoInitializeEx(None, 2)
2025-03-01 16:29:11 INFO app_bar.py:103: Bar Created on Screen: EA232WMi [Bar Height: 50px, DPI Scale: 1.0, Scale Screen: True, Screen Geometry: X: 0, Y: 0, Screen Width: 1920, Screen Height: 1080]
2025-03-01 16:29:11 INFO event_listener.py:52: Created named pipe yasb-8ae0271c-f6a9-11ef-bc79-58cdc9ee9bc0
2025-03-01 16:29:11 INFO event_listener.py:106: Waiting for Komorebi to subscribe to named pipe yasb-8ae0271c-f6a9-11ef-bc79-58cdc9ee9bc0
2025-03-01 16:29:11 INFO watcher.py:39: Created file watcher for path C:\Users\bilay\.config\yasb
2025-03-01 16:29:11 DEBUG _windows.py:213: Starting (proactor: <_IocpProactor overlapped#=0 result#=0>)...
2025-03-01 16:29:11 DEBUG _windows.py:192: Thread started
2025-03-01 16:29:11 INFO event_listener.py:118: Komorebi connected to named pipe: yasb-8ae0271c-f6a9-11ef-bc79-58cdc9ee9bc0
2025-03-01 16:29:30 INFO log.py:21: Yasb v1.6.4
2025-03-01 16:29:30 DEBUG win32.py:55: Looking up time zone info from registry
2025-03-01 16:29:30 DEBUG __init__.py:149: CoInitializeEx(None, 2)
2025-03-01 16:29:30 INFO app_bar.py:103: Bar Created on Screen: EA232WMi [Bar Height: 50px, DPI Scale: 1.0, Scale Screen: True, Screen Geometry: X: 0, Y: 0, Screen Width: 1920, Screen Height: 1080]
2025-03-01 16:29:30 INFO event_listener.py:52: Created named pipe yasb-966c50f6-f6a9-11ef-8c6d-58cdc9ee9bc0
2025-03-01 16:29:30 INFO event_listener.py:106: Waiting for Komorebi to subscribe to named pipe yasb-966c50f6-f6a9-11ef-8c6d-58cdc9ee9bc0
2025-03-01 16:29:30 INFO watcher.py:39: Created file watcher for path C:\Users\bilay\.config\yasb
2025-03-01 16:29:30 DEBUG _windows.py:213: Starting (proactor: <_IocpProactor overlapped#=0 result#=0>)...
2025-03-01 16:29:30 DEBUG _windows.py:192: Thread started
2025-03-01 16:29:30 INFO event_listener.py:118: Komorebi connected to named pipe: yasb-966c50f6-f6a9-11ef-8c6d-58cdc9ee9bc0
2025-03-01 16:29:41 INFO log.py:21: Yasb v1.6.4
2025-03-01 16:29:41 DEBUG win32.py:55: Looking up time zone info from registry
2025-03-01 16:29:41 DEBUG __init__.py:149: CoInitializeEx(None, 2)
2025-03-01 16:29:41 INFO app_bar.py:103: Bar Created on Screen: EA232WMi [Bar Height: 50px, DPI Scale: 1.0, Scale Screen: True, Screen Geometry: X: 0, Y: 0, Screen Width: 1920, Screen Height: 1080]
2025-03-01 16:29:41 INFO event_listener.py:52: Created named pipe yasb-9d37c995-f6a9-11ef-86d7-58cdc9ee9bc0
2025-03-01 16:29:41 INFO event_listener.py:106: Waiting for Komorebi to subscribe to named pipe yasb-9d37c995-f6a9-11ef-86d7-58cdc9ee9bc0
2025-03-01 16:29:41 INFO watcher.py:39: Created file watcher for path C:\Users\bilay\.config\yasb
2025-03-01 16:29:41 DEBUG _windows.py:213: Starting (proactor: <_IocpProactor overlapped#=0 result#=0>)...
2025-03-01 16:29:41 DEBUG _windows.py:192: Thread started
2025-03-01 16:29:41 INFO event_listener.py:118: Komorebi connected to named pipe: yasb-9d37c995-f6a9-11ef-86d7-58cdc9ee9bc0
2025-03-01 16:29:47 INFO log.py:21: Yasb v1.6.4
2025-03-01 16:29:47 DEBUG win32.py:55: Looking up time zone info from registry
2025-03-01 16:29:47 DEBUG __init__.py:149: CoInitializeEx(None, 2)
2025-03-01 16:29:47 INFO app_bar.py:103: Bar Created on Screen: EA232WMi [Bar Height: 50px, DPI Scale: 1.0, Scale Screen: True, Screen Geometry: X: 0, Y: 0, Screen Width: 1920, Screen Height: 1080]
2025-03-01 16:29:47 INFO event_listener.py:52: Created named pipe yasb-a0cb096a-f6a9-11ef-b428-58cdc9ee9bc0
2025-03-01 16:29:47 INFO event_listener.py:106: Waiting for Komorebi to subscribe to named pipe yasb-a0cb096a-f6a9-11ef-b428-58cdc9ee9bc0
2025-03-01 16:29:47 INFO watcher.py:39: Created file watcher for path C:\Users\bilay\.config\yasb
2025-03-01 16:29:47 DEBUG _windows.py:213: Starting (proactor: <_IocpProactor overlapped#=0 result#=0>)...
2025-03-01 16:29:47 DEBUG _windows.py:192: Thread started
2025-03-01 16:29:47 INFO event_listener.py:118: Komorebi connected to named pipe: yasb-a0cb096a-f6a9-11ef-b428-58cdc9ee9bc0
2025-03-01 16:29:54 INFO log.py:21: Yasb v1.6.4
2025-03-01 16:29:54 DEBUG win32.py:55: Looking up time zone info from registry
2025-03-01 16:29:54 DEBUG __init__.py:149: CoInitializeEx(None, 2)
2025-03-01 16:29:54 INFO app_bar.py:103: Bar Created on Screen: EA232WMi [Bar Height: 50px, DPI Scale: 1.0, Scale Screen: True, Screen Geometry: X: 0, Y: 0, Screen Width: 1920, Screen Height: 1080]
2025-03-01 16:29:54 INFO event_listener.py:52: Created named pipe yasb-a4f9e29e-f6a9-11ef-9dd1-58cdc9ee9bc0
2025-03-01 16:29:54 INFO event_listener.py:106: Waiting for Komorebi to subscribe to named pipe yasb-a4f9e29e-f6a9-11ef-9dd1-58cdc9ee9bc0
2025-03-01 16:29:54 INFO watcher.py:39: Created file watcher for path C:\Users\bilay\.config\yasb
2025-03-01 16:29:54 DEBUG _windows.py:213: Starting (proactor: <_IocpProactor overlapped#=0 result#=0>)...
2025-03-01 16:29:54 DEBUG _windows.py:192: Thread started
2025-03-01 16:29:55 INFO event_listener.py:118: Komorebi connected to named pipe: yasb-a4f9e29e-f6a9-11ef-9dd1-58cdc9ee9bc0
2025-03-01 16:30:34 INFO log.py:21: Yasb v1.6.4
2025-03-01 16:30:35 DEBUG win32.py:55: Looking up time zone info from registry
2025-03-01 16:30:35 DEBUG __init__.py:149: CoInitializeEx(None, 2)
2025-03-01 16:30:35 INFO app_bar.py:103: Bar Created on Screen: EA232WMi [Bar Height: 50px, DPI Scale: 1.0, Scale Screen: True, Screen Geometry: X: 0, Y: 0, Screen Width: 1920, Screen Height: 1080]
2025-03-01 16:30:35 INFO event_listener.py:52: Created named pipe yasb-bd0f838d-f6a9-11ef-ba70-58cdc9ee9bc0
2025-03-01 16:30:35 INFO event_listener.py:106: Waiting for Komorebi to subscribe to named pipe yasb-bd0f838d-f6a9-11ef-ba70-58cdc9ee9bc0
2025-03-01 16:30:35 INFO watcher.py:39: Created file watcher for path C:\Users\bilay\.config\yasb
2025-03-01 16:30:35 DEBUG _windows.py:213: Starting (proactor: <_IocpProactor overlapped#=0 result#=0>)...
2025-03-01 16:30:35 DEBUG _windows.py:192: Thread started
2025-03-01 16:30:35 INFO event_listener.py:118: Komorebi connected to named pipe: yasb-bd0f838d-f6a9-11ef-ba70-58cdc9ee9bc0
2025-03-01 16:30:40 INFO log.py:21: Yasb v1.6.4
2025-03-01 16:30:40 DEBUG win32.py:55: Looking up time zone info from registry
2025-03-01 16:30:40 DEBUG __init__.py:149: CoInitializeEx(None, 2)
2025-03-01 16:30:40 INFO app_bar.py:103: Bar Created on Screen: EA232WMi [Bar Height: 50px, DPI Scale: 1.0, Scale Screen: True, Screen Geometry: X: 0, Y: 0, Screen Width: 1920, Screen Height: 1080]
2025-03-01 16:30:40 INFO event_listener.py:52: Created named pipe yasb-c0640bed-f6a9-11ef-a795-58cdc9ee9bc0
2025-03-01 16:30:40 INFO event_listener.py:106: Waiting for Komorebi to subscribe to named pipe yasb-c0640bed-f6a9-11ef-a795-58cdc9ee9bc0
2025-03-01 16:30:40 INFO watcher.py:39: Created file watcher for path C:\Users\bilay\.config\yasb
2025-03-01 16:30:40 DEBUG _windows.py:213: Starting (proactor: <_IocpProactor overlapped#=0 result#=0>)...
2025-03-01 16:30:40 DEBUG _windows.py:192: Thread started
2025-03-01 16:30:41 INFO event_listener.py:118: Komorebi connected to named pipe: yasb-c0640bed-f6a9-11ef-a795-58cdc9ee9bc0
2025-03-01 16:30:44 INFO log.py:21: Yasb v1.6.4
2025-03-01 16:30:44 DEBUG win32.py:55: Looking up time zone info from registry
2025-03-01 16:30:44 DEBUG __init__.py:149: CoInitializeEx(None, 2)
2025-03-01 16:30:44 INFO app_bar.py:103: Bar Created on Screen: EA232WMi [Bar Height: 50px, DPI Scale: 1.0, Scale Screen: True, Screen Geometry: X: 0, Y: 0, Screen Width: 1920, Screen Height: 1080]
2025-03-01 16:30:44 INFO event_listener.py:52: Created named pipe yasb-c2c2719a-f6a9-11ef-a148-58cdc9ee9bc0
2025-03-01 16:30:44 INFO event_listener.py:106: Waiting for Komorebi to subscribe to named pipe yasb-c2c2719a-f6a9-11ef-a148-58cdc9ee9bc0
2025-03-01 16:30:44 INFO watcher.py:39: Created file watcher for path C:\Users\bilay\.config\yasb
2025-03-01 16:30:44 DEBUG _windows.py:213: Starting (proactor: <_IocpProactor overlapped#=0 result#=0>)...
2025-03-01 16:30:44 DEBUG _windows.py:192: Thread started
2025-03-01 16:30:44 INFO event_listener.py:118: Komorebi connected to named pipe: yasb-c2c2719a-f6a9-11ef-a148-58cdc9ee9bc0
2025-03-01 16:30:47 INFO log.py:21: Yasb v1.6.4
2025-03-01 16:30:47 DEBUG win32.py:55: Looking up time zone info from registry
2025-03-01 16:30:47 DEBUG __init__.py:149: CoInitializeEx(None, 2)
2025-03-01 16:30:47 INFO app_bar.py:103: Bar Created on Screen: EA232WMi [Bar Height: 50px, DPI Scale: 1.0, Scale Screen: True, Screen Geometry: X: 0, Y: 0, Screen Width: 1920, Screen Height: 1080]
2025-03-01 16:30:47 INFO event_listener.py:52: Created named pipe yasb-c44bc90c-f6a9-11ef-85a6-58cdc9ee9bc0
2025-03-01 16:30:47 INFO event_listener.py:106: Waiting for Komorebi to subscribe to named pipe yasb-c44bc90c-f6a9-11ef-85a6-58cdc9ee9bc0
2025-03-01 16:30:47 INFO watcher.py:39: Created file watcher for path C:\Users\bilay\.config\yasb
2025-03-01 16:30:47 DEBUG _windows.py:213: Starting (proactor: <_IocpProactor overlapped#=0 result#=0>)...
2025-03-01 16:30:47 DEBUG _windows.py:192: Thread started
2025-03-01 16:30:47 INFO event_listener.py:118: Komorebi connected to named pipe: yasb-c44bc90c-f6a9-11ef-85a6-58cdc9ee9bc0
2025-03-01 16:30:51 INFO log.py:21: Yasb v1.6.4
2025-03-01 16:30:51 DEBUG win32.py:55: Looking up time zone info from registry
2025-03-01 16:30:51 DEBUG __init__.py:149: CoInitializeEx(None, 2)
2025-03-01 16:30:51 INFO app_bar.py:103: Bar Created on Screen: EA232WMi [Bar Height: 50px, DPI Scale: 1.0, Scale Screen: True, Screen Geometry: X: 0, Y: 0, Screen Width: 1920, Screen Height: 1080]
2025-03-01 16:30:52 INFO event_listener.py:52: Created named pipe yasb-c710799b-f6a9-11ef-b508-58cdc9ee9bc0
2025-03-01 16:30:52 INFO event_listener.py:106: Waiting for Komorebi to subscribe to named pipe yasb-c710799b-f6a9-11ef-b508-58cdc9ee9bc0
2025-03-01 16:30:52 INFO watcher.py:39: Created file watcher for path C:\Users\bilay\.config\yasb
2025-03-01 16:30:52 DEBUG _windows.py:213: Starting (proactor: <_IocpProactor overlapped#=0 result#=0>)...
2025-03-01 16:30:52 DEBUG _windows.py:192: Thread started
2025-03-01 16:30:52 INFO event_listener.py:118: Komorebi connected to named pipe: yasb-c710799b-f6a9-11ef-b508-58cdc9ee9bc0
2025-03-01 16:30:57 INFO log.py:21: Yasb v1.6.4
2025-03-01 16:30:57 DEBUG win32.py:55: Looking up time zone info from registry
2025-03-01 16:30:58 DEBUG __init__.py:149: CoInitializeEx(None, 2)
2025-03-01 16:30:58 INFO app_bar.py:103: Bar Created on Screen: EA232WMi [Bar Height: 50px, DPI Scale: 1.0, Scale Screen: True, Screen Geometry: X: 0, Y: 0, Screen Width: 1920, Screen Height: 1080]
2025-03-01 16:30:58 INFO event_listener.py:52: Created named pipe yasb-cab6e2f4-f6a9-11ef-b03a-58cdc9ee9bc0
2025-03-01 16:30:58 INFO event_listener.py:106: Waiting for Komorebi to subscribe to named pipe yasb-cab6e2f4-f6a9-11ef-b03a-58cdc9ee9bc0
2025-03-01 16:30:58 INFO watcher.py:39: Created file watcher for path C:\Users\bilay\.config\yasb
2025-03-01 16:30:58 DEBUG _windows.py:213: Starting (proactor: <_IocpProactor overlapped#=0 result#=0>)...
2025-03-01 16:30:58 DEBUG _windows.py:192: Thread started
2025-03-01 16:30:58 INFO event_listener.py:118: Komorebi connected to named pipe: yasb-cab6e2f4-f6a9-11ef-b03a-58cdc9ee9bc0
2025-03-01 16:31:05 INFO log.py:21: Yasb v1.6.4
2025-03-01 16:31:05 DEBUG win32.py:55: Looking up time zone info from registry
2025-03-01 16:31:05 DEBUG __init__.py:149: CoInitializeEx(None, 2)
2025-03-01 16:31:05 INFO app_bar.py:103: Bar Created on Screen: EA232WMi [Bar Height: 50px, DPI Scale: 1.0, Scale Screen: True, Screen Geometry: X: 0, Y: 0, Screen Width: 1920, Screen Height: 1080]
2025-03-01 16:31:05 INFO event_listener.py:52: Created named pipe yasb-cef813e2-f6a9-11ef-8f69-58cdc9ee9bc0
2025-03-01 16:31:05 INFO event_listener.py:106: Waiting for Komorebi to subscribe to named pipe yasb-cef813e2-f6a9-11ef-8f69-58cdc9ee9bc0
2025-03-01 16:31:05 INFO watcher.py:39: Created file watcher for path C:\Users\bilay\.config\yasb
2025-03-01 16:31:05 DEBUG _windows.py:213: Starting (proactor: <_IocpProactor overlapped#=0 result#=0>)...
2025-03-01 16:31:05 DEBUG _windows.py:192: Thread started
2025-03-01 16:31:05 INFO event_listener.py:118: Komorebi connected to named pipe: yasb-cef813e2-f6a9-11ef-8f69-58cdc9ee9bc0
2025-03-01 16:31:13 INFO log.py:21: Yasb v1.6.4
2025-03-01 16:31:13 DEBUG win32.py:55: Looking up time zone info from registry
2025-03-01 16:31:13 DEBUG __init__.py:149: CoInitializeEx(None, 2)
2025-03-01 16:31:13 INFO app_bar.py:103: Bar Created on Screen: EA232WMi [Bar Height: 50px, DPI Scale: 1.0, Scale Screen: True, Screen Geometry: X: 0, Y: 0, Screen Width: 1920, Screen Height: 1080]
2025-03-01 16:31:13 INFO event_listener.py:52: Created named pipe yasb-d3cc7658-f6a9-11ef-bd01-58cdc9ee9bc0
2025-03-01 16:31:13 INFO event_listener.py:106: Waiting for Komorebi to subscribe to named pipe yasb-d3cc7658-f6a9-11ef-bd01-58cdc9ee9bc0
2025-03-01 16:31:13 INFO watcher.py:39: Created file watcher for path C:\Users\bilay\.config\yasb
2025-03-01 16:31:13 DEBUG _windows.py:213: Starting (proactor: <_IocpProactor overlapped#=0 result#=0>)...
2025-03-01 16:31:13 DEBUG _windows.py:192: Thread started
2025-03-01 16:31:13 INFO event_listener.py:118: Komorebi connected to named pipe: yasb-d3cc7658-f6a9-11ef-bd01-58cdc9ee9bc0
2025-03-01 16:32:58 INFO log.py:21: Yasb v1.6.4
2025-03-01 16:32:58 DEBUG win32.py:55: Looking up time zone info from registry
2025-03-01 16:32:58 DEBUG __init__.py:149: CoInitializeEx(None, 2)
2025-03-01 16:32:58 WARNING widget_builder.py:38: No widget config could be found for widget 'notification
2025-03-01 16:32:58 INFO app_bar.py:103: Bar Created on Screen: EA232WMi [Bar Height: 50px, DPI Scale: 1.0, Scale Screen: True, Screen Geometry: X: 0, Y: 0, Screen Width: 1920, Screen Height: 1080]
2025-03-01 16:32:58 ERROR widget_builder.py:77: Failed to add undefined widget(s)  - The widget "notification" is undefined.
2025-03-01 16:32:58 INFO event_listener.py:52: Created named pipe yasb-12ac8469-f6aa-11ef-a81c-58cdc9ee9bc0
2025-03-01 16:32:58 INFO event_listener.py:106: Waiting for Komorebi to subscribe to named pipe yasb-12ac8469-f6aa-11ef-a81c-58cdc9ee9bc0
2025-03-01 16:32:59 INFO event_listener.py:118: Komorebi connected to named pipe: yasb-12ac8469-f6aa-11ef-a81c-58cdc9ee9bc0
2025-03-01 16:33:00 ERROR event_listener.py:122: Failed to retrieve komorebi state before starting event listener: None returned. Retrying in 1 second... Is komorebi online and its binaries added to $PATH?
2025-03-01 16:33:03 ERROR event_listener.py:122: Failed to retrieve komorebi state before starting event listener: None returned. Retrying in 1 second... Is komorebi online and its binaries added to $PATH?
2025-03-01 16:33:06 ERROR event_listener.py:122: Failed to retrieve komorebi state before starting event listener: None returned. Retrying in 1 second... Is komorebi online and its binaries added to $PATH?
2025-03-01 16:33:09 ERROR event_listener.py:122: Failed to retrieve komorebi state before starting event listener: None returned. Retrying in 1 second... Is komorebi online and its binaries added to $PATH?
2025-03-01 16:33:12 ERROR event_listener.py:122: Failed to retrieve komorebi state before starting event listener: None returned. Retrying in 1 second... Is komorebi online and its binaries added to $PATH?
2025-03-01 16:33:26 INFO log.py:21: Yasb v1.6.4
2025-03-01 16:33:26 DEBUG win32.py:55: Looking up time zone info from registry
2025-03-01 16:33:27 DEBUG __init__.py:149: CoInitializeEx(None, 2)
2025-03-01 16:33:27 INFO app_bar.py:103: Bar Created on Screen: EA232WMi [Bar Height: 50px, DPI Scale: 1.0, Scale Screen: True, Screen Geometry: X: 0, Y: 0, Screen Width: 1920, Screen Height: 1080]
2025-03-01 16:33:27 INFO event_listener.py:52: Created named pipe yasb-23873e0f-f6aa-11ef-8211-58cdc9ee9bc0
2025-03-01 16:33:27 INFO event_listener.py:106: Waiting for Komorebi to subscribe to named pipe yasb-23873e0f-f6aa-11ef-8211-58cdc9ee9bc0
2025-03-01 16:33:27 INFO watcher.py:39: Created file watcher for path C:\Users\bilay\.config\yasb
2025-03-01 16:33:27 DEBUG _windows.py:213: Starting (proactor: <_IocpProactor overlapped#=0 result#=0>)...
2025-03-01 16:33:27 DEBUG _windows.py:192: Thread started
2025-03-01 16:33:27 INFO event_listener.py:118: Komorebi connected to named pipe: yasb-23873e0f-f6aa-11ef-8211-58cdc9ee9bc0
2025-03-01 16:33:55 INFO log.py:21: Yasb v1.6.4
2025-03-01 16:33:56 DEBUG win32.py:55: Looking up time zone info from registry
2025-03-01 16:33:56 DEBUG __init__.py:149: CoInitializeEx(None, 2)
2025-03-01 16:33:56 INFO app_bar.py:103: Bar Created on Screen: EA232WMi [Bar Height: 50px, DPI Scale: 1.0, Scale Screen: True, Screen Geometry: X: 0, Y: 0, Screen Width: 1920, Screen Height: 1080]
2025-03-01 16:33:56 INFO event_listener.py:52: Created named pipe yasb-34db7ca1-f6aa-11ef-8cc6-58cdc9ee9bc0
2025-03-01 16:33:56 INFO event_listener.py:106: Waiting for Komorebi to subscribe to named pipe yasb-34db7ca1-f6aa-11ef-8cc6-58cdc9ee9bc0
2025-03-01 16:33:56 INFO watcher.py:39: Created file watcher for path C:\Users\bilay\.config\yasb
2025-03-01 16:33:56 DEBUG _windows.py:213: Starting (proactor: <_IocpProactor overlapped#=0 result#=0>)...
2025-03-01 16:33:56 DEBUG _windows.py:192: Thread started
2025-03-01 16:33:56 INFO event_listener.py:118: Komorebi connected to named pipe: yasb-34db7ca1-f6aa-11ef-8cc6-58cdc9ee9bc0
2025-03-01 16:34:50 ERROR config.py:89: The config file 'C:\Users\bilay\.config\yasb\config.yaml' contains validation errors. Please fix:
widgets:
- taskbar:
  - null value not allowed

2025-03-01 16:34:50 ERROR config.py:89: The config file 'C:\Users\bilay\.config\yasb\config.yaml' contains validation errors. Please fix:
widgets:
- taskbar:
  - null value not allowed

2025-03-01 16:34:50 ERROR config.py:89: The config file 'C:\Users\bilay\.config\yasb\config.yaml' contains validation errors. Please fix:
widgets:
- taskbar:
  - null value not allowed

2025-03-01 16:35:28 ERROR config.py:89: The config file 'C:\Users\bilay\.config\yasb\config.yaml' contains validation errors. Please fix:
widgets:
- taskbar:
  - null value not allowed

2025-03-01 16:35:28 ERROR config.py:89: The config file 'C:\Users\bilay\.config\yasb\config.yaml' contains validation errors. Please fix:
widgets:
- taskbar:
  - null value not allowed

2025-03-01 16:35:28 ERROR config.py:89: The config file 'C:\Users\bilay\.config\yasb\config.yaml' contains validation errors. Please fix:
widgets:
- taskbar:
  - null value not allowed

2025-03-01 16:35:38 ERROR config.py:89: The config file 'C:\Users\bilay\.config\yasb\config.yaml' contains validation errors. Please fix:
widgets:
- taskbar:
  - null value not allowed

2025-03-01 16:35:38 ERROR config.py:89: The config file 'C:\Users\bilay\.config\yasb\config.yaml' contains validation errors. Please fix:
widgets:
- taskbar:
  - null value not allowed

2025-03-01 16:35:39 ERROR config.py:89: The config file 'C:\Users\bilay\.config\yasb\config.yaml' contains validation errors. Please fix:
widgets:
- taskbar:
  - null value not allowed

2025-03-01 16:35:46 ERROR config.py:89: The config file 'C:\Users\bilay\.config\yasb\config.yaml' contains validation errors. Please fix:
widgets:
- taskbar:
  - null value not allowed

2025-03-01 16:35:46 ERROR config.py:89: The config file 'C:\Users\bilay\.config\yasb\config.yaml' contains validation errors. Please fix:
widgets:
- taskbar:
  - null value not allowed

2025-03-01 16:35:46 ERROR config.py:89: The config file 'C:\Users\bilay\.config\yasb\config.yaml' contains validation errors. Please fix:
widgets:
- taskbar:
  - null value not allowed

2025-03-01 16:37:24 INFO log.py:21: Yasb v1.6.4
2025-03-01 16:37:24 DEBUG win32.py:55: Looking up time zone info from registry
2025-03-01 16:37:25 DEBUG __init__.py:149: CoInitializeEx(None, 2)
2025-03-01 16:37:25 INFO app_bar.py:103: Bar Created on Screen: EA232WMi [Bar Height: 50px, DPI Scale: 1.0, Scale Screen: True, Screen Geometry: X: 0, Y: 0, Screen Width: 1920, Screen Height: 1080]
2025-03-01 16:37:25 INFO event_listener.py:52: Created named pipe yasb-b168d3f3-f6aa-11ef-9426-58cdc9ee9bc0
2025-03-01 16:37:25 INFO event_listener.py:106: Waiting for Komorebi to subscribe to named pipe yasb-b168d3f3-f6aa-11ef-9426-58cdc9ee9bc0
2025-03-01 16:37:25 INFO watcher.py:39: Created file watcher for path C:\Users\bilay\.config\yasb
2025-03-01 16:37:25 DEBUG _windows.py:213: Starting (proactor: <_IocpProactor overlapped#=0 result#=0>)...
2025-03-01 16:37:25 DEBUG _windows.py:192: Thread started
2025-03-01 16:37:25 INFO event_listener.py:118: Komorebi connected to named pipe: yasb-b168d3f3-f6aa-11ef-9426-58cdc9ee9bc0
2025-03-01 16:38:26 INFO log.py:21: Yasb v1.6.4
2025-03-01 16:38:26 DEBUG win32.py:55: Looking up time zone info from registry
2025-03-01 16:38:26 DEBUG __init__.py:149: CoInitializeEx(None, 2)
2025-03-01 16:38:26 INFO app_bar.py:103: Bar Created on Screen: EA232WMi [Bar Height: 50px, DPI Scale: 1.0, Scale Screen: True, Screen Geometry: X: 0, Y: 0, Screen Width: 1920, Screen Height: 1080]
2025-03-01 16:38:26 INFO event_listener.py:52: Created named pipe yasb-d6013727-f6aa-11ef-bf60-58cdc9ee9bc0
2025-03-01 16:38:26 INFO event_listener.py:106: Waiting for Komorebi to subscribe to named pipe yasb-d6013727-f6aa-11ef-bf60-58cdc9ee9bc0
2025-03-01 16:38:26 INFO watcher.py:39: Created file watcher for path C:\Users\bilay\.config\yasb
2025-03-01 16:38:26 DEBUG _windows.py:213: Starting (proactor: <_IocpProactor overlapped#=0 result#=0>)...
2025-03-01 16:38:26 DEBUG _windows.py:192: Thread started
2025-03-01 16:38:26 INFO event_listener.py:118: Komorebi connected to named pipe: yasb-d6013727-f6aa-11ef-bf60-58cdc9ee9bc0
2025-03-01 16:39:22 ERROR config.py:89: The config file 'C:\Users\bilay\.config\yasb\config.yaml' contains validation errors. Please fix:
widgets:
- apps:
  - null value not allowed

2025-03-01 16:39:22 ERROR config.py:89: The config file 'C:\Users\bilay\.config\yasb\config.yaml' contains validation errors. Please fix:
widgets:
- apps:
  - null value not allowed

2025-03-01 16:39:22 ERROR config.py:89: The config file 'C:\Users\bilay\.config\yasb\config.yaml' contains validation errors. Please fix:
widgets:
- apps:
  - null value not allowed

2025-03-01 16:39:52 ERROR config.py:89: The config file 'C:\Users\bilay\.config\yasb\config.yaml' contains validation errors. Please fix:
widgets:
- apps:
  - null value not allowed

2025-03-01 16:39:52 ERROR config.py:89: The config file 'C:\Users\bilay\.config\yasb\config.yaml' contains validation errors. Please fix:
widgets:
- apps:
  - null value not allowed

2025-03-01 16:39:52 ERROR config.py:89: The config file 'C:\Users\bilay\.config\yasb\config.yaml' contains validation errors. Please fix:
widgets:
- apps:
  - null value not allowed

2025-03-01 16:41:33 INFO log.py:21: Yasb v1.6.4
2025-03-01 16:41:33 DEBUG win32.py:55: Looking up time zone info from registry
2025-03-01 16:41:34 DEBUG __init__.py:149: CoInitializeEx(None, 2)
2025-03-01 16:41:34 INFO app_bar.py:103: Bar Created on Screen: EA232WMi [Bar Height: 50px, DPI Scale: 1.0, Scale Screen: True, Screen Geometry: X: 0, Y: 0, Screen Width: 1920, Screen Height: 1080]
2025-03-01 16:41:34 INFO event_listener.py:52: Created named pipe yasb-45d83649-f6ab-11ef-a747-58cdc9ee9bc0
2025-03-01 16:41:34 INFO event_listener.py:106: Waiting for Komorebi to subscribe to named pipe yasb-45d83649-f6ab-11ef-a747-58cdc9ee9bc0
2025-03-01 16:41:34 INFO watcher.py:39: Created file watcher for path C:\Users\bilay\.config\yasb
2025-03-01 16:41:34 DEBUG _windows.py:213: Starting (proactor: <_IocpProactor overlapped#=0 result#=0>)...
2025-03-01 16:41:34 DEBUG _windows.py:192: Thread started
2025-03-01 16:41:34 INFO event_listener.py:118: Komorebi connected to named pipe: yasb-45d83649-f6ab-11ef-a747-58cdc9ee9bc0
2025-03-01 16:42:36 INFO log.py:21: Yasb v1.6.4
2025-03-01 16:42:37 DEBUG win32.py:55: Looking up time zone info from registry
2025-03-01 16:42:37 DEBUG __init__.py:149: CoInitializeEx(None, 2)
2025-03-01 16:42:37 INFO app_bar.py:103: Bar Created on Screen: EA232WMi [Bar Height: 50px, DPI Scale: 1.0, Scale Screen: True, Screen Geometry: X: 0, Y: 0, Screen Width: 1920, Screen Height: 1080]
2025-03-01 16:42:37 INFO event_listener.py:52: Created named pipe yasb-6b6fedce-f6ab-11ef-a419-58cdc9ee9bc0
2025-03-01 16:42:37 INFO event_listener.py:106: Waiting for Komorebi to subscribe to named pipe yasb-6b6fedce-f6ab-11ef-a419-58cdc9ee9bc0
2025-03-01 16:42:37 INFO watcher.py:39: Created file watcher for path C:\Users\bilay\.config\yasb
2025-03-01 16:42:37 DEBUG _windows.py:213: Starting (proactor: <_IocpProactor overlapped#=0 result#=0>)...
2025-03-01 16:42:37 DEBUG _windows.py:192: Thread started
2025-03-01 16:42:37 INFO event_listener.py:118: Komorebi connected to named pipe: yasb-6b6fedce-f6ab-11ef-a419-58cdc9ee9bc0
2025-03-01 16:42:57 INFO log.py:21: Yasb v1.6.4
2025-03-01 16:42:57 DEBUG win32.py:55: Looking up time zone info from registry
2025-03-01 16:42:57 DEBUG __init__.py:149: CoInitializeEx(None, 2)
2025-03-01 16:42:57 INFO app_bar.py:103: Bar Created on Screen: EA232WMi [Bar Height: 50px, DPI Scale: 1.0, Scale Screen: True, Screen Geometry: X: 0, Y: 0, Screen Width: 1920, Screen Height: 1080]
2025-03-01 16:42:58 INFO event_listener.py:52: Created named pipe yasb-77c8084b-f6ab-11ef-bbde-58cdc9ee9bc0
2025-03-01 16:42:58 INFO event_listener.py:106: Waiting for Komorebi to subscribe to named pipe yasb-77c8084b-f6ab-11ef-bbde-58cdc9ee9bc0
2025-03-01 16:42:58 INFO watcher.py:39: Created file watcher for path C:\Users\bilay\.config\yasb
2025-03-01 16:42:58 DEBUG _windows.py:213: Starting (proactor: <_IocpProactor overlapped#=0 result#=0>)...
2025-03-01 16:42:58 DEBUG _windows.py:192: Thread started
2025-03-01 16:42:58 INFO event_listener.py:118: Komorebi connected to named pipe: yasb-77c8084b-f6ab-11ef-bbde-58cdc9ee9bc0
2025-03-01 17:30:59 INFO tray.py:241: Reloading Application...
2025-03-01 17:30:59 INFO log.py:21: Yasb v1.6.4
2025-03-01 17:30:59 DEBUG win32.py:55: Looking up time zone info from registry
2025-03-01 17:30:59 DEBUG __init__.py:149: CoInitializeEx(None, 2)
2025-03-01 17:30:59 INFO app_bar.py:103: Bar Created on Screen: EA232WMi [Bar Height: 50px, DPI Scale: 1.0, Scale Screen: True, Screen Geometry: X: 0, Y: 0, Screen Width: 1920, Screen Height: 1080]
2025-03-01 17:30:59 INFO event_listener.py:52: Created named pipe yasb-2d66e8a7-f6b2-11ef-bb4c-58cdc9ee9bc0
2025-03-01 17:30:59 INFO event_listener.py:106: Waiting for Komorebi to subscribe to named pipe yasb-2d66e8a7-f6b2-11ef-bb4c-58cdc9ee9bc0
2025-03-01 17:30:59 INFO watcher.py:39: Created file watcher for path C:\Users\bilay\.config\yasb
2025-03-01 17:30:59 DEBUG _windows.py:213: Starting (proactor: <_IocpProactor overlapped#=0 result#=0>)...
2025-03-01 17:30:59 DEBUG _windows.py:192: Thread started
2025-03-01 17:30:59 INFO event_listener.py:118: Komorebi connected to named pipe: yasb-2d66e8a7-f6b2-11ef-bb4c-58cdc9ee9bc0
2025-03-01 19:13:44 INFO tray.py:241: Reloading Application...
2025-03-01 19:13:45 INFO log.py:21: Yasb v1.6.4
2025-03-01 19:13:45 DEBUG win32.py:55: Looking up time zone info from registry
2025-03-01 19:13:47 DEBUG __init__.py:149: CoInitializeEx(None, 2)
2025-03-01 19:13:47 INFO app_bar.py:103: Bar Created on Screen: EA232WMi [Bar Height: 50px, DPI Scale: 1.0, Scale Screen: True, Screen Geometry: X: 0, Y: 0, Screen Width: 1920, Screen Height: 1080]
2025-03-01 19:13:48 INFO event_listener.py:52: Created named pipe yasb-89f13ebf-f6c0-11ef-88e8-58cdc9ee9bc0
2025-03-01 19:13:48 INFO event_listener.py:106: Waiting for Komorebi to subscribe to named pipe yasb-89f13ebf-f6c0-11ef-88e8-58cdc9ee9bc0
2025-03-01 19:13:48 INFO watcher.py:39: Created file watcher for path C:\Users\bilay\.config\yasb
2025-03-01 19:13:48 DEBUG _windows.py:213: Starting (proactor: <_IocpProactor overlapped#=0 result#=0>)...
2025-03-01 19:13:48 DEBUG _windows.py:192: Thread started
2025-03-01 19:13:48 INFO event_listener.py:118: Komorebi connected to named pipe: yasb-89f13ebf-f6c0-11ef-88e8-58cdc9ee9bc0
2025-03-01 20:12:14 INFO bar_manager.py:46: Successfully loaded updated stylesheet and applied to all bars.
2025-03-01 20:12:29 INFO bar_manager.py:46: Successfully loaded updated stylesheet and applied to all bars.
2025-03-01 20:12:36 INFO bar_manager.py:46: Successfully loaded updated stylesheet and applied to all bars.
2025-03-01 20:12:45 INFO bar_manager.py:46: Successfully loaded updated stylesheet and applied to all bars.
2025-03-01 20:12:55 INFO bar_manager.py:46: Successfully loaded updated stylesheet and applied to all bars.
2025-03-01 20:13:02 INFO bar_manager.py:46: Successfully loaded updated stylesheet and applied to all bars.
2025-03-01 20:13:06 INFO bar_manager.py:46: Successfully loaded updated stylesheet and applied to all bars.
2025-03-01 20:14:00 INFO bar_manager.py:46: Successfully loaded updated stylesheet and applied to all bars.
2025-03-01 20:14:10 INFO bar_manager.py:46: Successfully loaded updated stylesheet and applied to all bars.
2025-03-01 20:14:14 INFO bar_manager.py:46: Successfully loaded updated stylesheet and applied to all bars.
2025-03-01 20:14:19 INFO bar_manager.py:46: Successfully loaded updated stylesheet and applied to all bars.
2025-03-01 20:14:23 INFO bar_manager.py:46: Successfully loaded updated stylesheet and applied to all bars.
2025-03-01 20:14:33 INFO bar_manager.py:46: Successfully loaded updated stylesheet and applied to all bars.
2025-03-01 20:14:36 INFO bar_manager.py:46: Successfully loaded updated stylesheet and applied to all bars.
2025-03-01 20:54:38 WARNING event_listener.py:83: Pipe has been ended: (109, 'PeekNamedPipe', 'The pipe has been ended.')
2025-03-01 20:54:38 INFO event_listener.py:93: Attempting to reconnect...
2025-03-02 10:43:17 INFO log.py:21: Yasb v1.6.4
2025-03-02 10:43:17 DEBUG win32.py:55: Looking up time zone info from registry
2025-03-02 10:43:19 DEBUG __init__.py:149: CoInitializeEx(None, 2)
2025-03-02 10:43:20 INFO app_bar.py:103: Bar Created on Screen: EA232WMi [Bar Height: 50px, DPI Scale: 1.0, Scale Screen: True, Screen Geometry: X: 0, Y: 0, Screen Width: 1920, Screen Height: 1080]
2025-03-02 10:43:20 INFO event_listener.py:52: Created named pipe yasb-64e42b48-f742-11ef-97db-58cdc9ee9bc0
2025-03-02 10:43:20 INFO event_listener.py:106: Waiting for Komorebi to subscribe to named pipe yasb-64e42b48-f742-11ef-97db-58cdc9ee9bc0
2025-03-02 10:43:20 INFO watcher.py:39: Created file watcher for path C:\Users\bilay\.config\yasb
2025-03-02 10:43:20 DEBUG _windows.py:213: Starting (proactor: <_IocpProactor overlapped#=0 result#=0>)...
2025-03-02 10:43:20 DEBUG _windows.py:192: Thread started
2025-03-02 10:43:20 INFO event_listener.py:118: Komorebi connected to named pipe: yasb-64e42b48-f742-11ef-97db-58cdc9ee9bc0
2025-03-02 10:50:36 INFO bar_manager.py:46: Successfully loaded updated stylesheet and applied to all bars.
2025-03-02 10:50:39 INFO bar_manager.py:46: Successfully loaded updated stylesheet and applied to all bars.
2025-03-02 10:52:28 INFO bar_manager.py:46: Successfully loaded updated stylesheet and applied to all bars.
2025-03-02 10:52:59 INFO bar_manager.py:46: Successfully loaded updated stylesheet and applied to all bars.
2025-03-02 10:53:11 INFO bar_manager.py:46: Successfully loaded updated stylesheet and applied to all bars.
2025-03-02 10:53:59 INFO bar_manager.py:46: Successfully loaded updated stylesheet and applied to all bars.
2025-03-02 10:54:52 INFO log.py:21: Yasb v1.6.4
2025-03-02 10:54:52 DEBUG win32.py:55: Looking up time zone info from registry
2025-03-02 10:54:55 DEBUG __init__.py:149: CoInitializeEx(None, 2)
2025-03-02 10:54:55 INFO app_bar.py:103: Bar Created on Screen: EA232WMi [Bar Height: 50px, DPI Scale: 1.0, Scale Screen: True, Screen Geometry: X: 0, Y: 0, Screen Width: 1920, Screen Height: 1080]
2025-03-02 10:54:55 INFO event_listener.py:52: Created named pipe yasb-0359d583-f744-11ef-9d12-58cdc9ee9bc0
2025-03-02 10:54:55 INFO event_listener.py:106: Waiting for Komorebi to subscribe to named pipe yasb-0359d583-f744-11ef-9d12-58cdc9ee9bc0
2025-03-02 10:54:55 INFO watcher.py:39: Created file watcher for path C:\Users\bilay\.config\yasb
2025-03-02 10:54:55 DEBUG _windows.py:213: Starting (proactor: <_IocpProactor overlapped#=0 result#=0>)...
2025-03-02 10:54:55 DEBUG _windows.py:192: Thread started
2025-03-02 10:54:55 INFO event_listener.py:118: Komorebi connected to named pipe: yasb-0359d583-f744-11ef-9d12-58cdc9ee9bc0
2025-03-02 10:55:10 INFO log.py:21: Yasb v1.6.4
2025-03-02 10:55:10 DEBUG win32.py:55: Looking up time zone info from registry
2025-03-02 10:55:10 DEBUG __init__.py:149: CoInitializeEx(None, 2)
2025-03-02 10:55:10 INFO app_bar.py:103: Bar Created on Screen: EA232WMi [Bar Height: 50px, DPI Scale: 1.0, Scale Screen: True, Screen Geometry: X: 0, Y: 0, Screen Width: 1920, Screen Height: 1080]
2025-03-02 10:55:10 INFO event_listener.py:52: Created named pipe yasb-0c35af25-f744-11ef-9d25-58cdc9ee9bc0
2025-03-02 10:55:10 INFO event_listener.py:106: Waiting for Komorebi to subscribe to named pipe yasb-0c35af25-f744-11ef-9d25-58cdc9ee9bc0
2025-03-02 10:55:10 INFO watcher.py:39: Created file watcher for path C:\Users\bilay\.config\yasb
2025-03-02 10:55:10 DEBUG _windows.py:213: Starting (proactor: <_IocpProactor overlapped#=0 result#=0>)...
2025-03-02 10:55:10 DEBUG _windows.py:192: Thread started
2025-03-02 10:55:10 INFO event_listener.py:118: Komorebi connected to named pipe: yasb-0c35af25-f744-11ef-9d25-58cdc9ee9bc0
2025-03-02 10:55:28 INFO bar_manager.py:46: Successfully loaded updated stylesheet and applied to all bars.
2025-03-02 10:55:36 INFO bar_manager.py:46: Successfully loaded updated stylesheet and applied to all bars.
2025-03-02 10:55:40 INFO bar_manager.py:46: Successfully loaded updated stylesheet and applied to all bars.
2025-03-02 10:56:40 INFO bar_manager.py:46: Successfully loaded updated stylesheet and applied to all bars.
2025-03-02 10:57:40 INFO bar_manager.py:46: Successfully loaded updated stylesheet and applied to all bars.
2025-03-02 10:58:09 INFO bar_manager.py:46: Successfully loaded updated stylesheet and applied to all bars.
2025-03-02 10:58:43 INFO bar_manager.py:46: Successfully loaded updated stylesheet and applied to all bars.
2025-03-02 11:00:32 INFO bar_manager.py:46: Successfully loaded updated stylesheet and applied to all bars.
2025-03-02 11:00:59 INFO bar_manager.py:46: Successfully loaded updated stylesheet and applied to all bars.
2025-03-02 11:01:10 INFO bar_manager.py:46: Successfully loaded updated stylesheet and applied to all bars.
2025-03-02 11:01:32 INFO bar_manager.py:46: Successfully loaded updated stylesheet and applied to all bars.
2025-03-02 11:01:45 INFO bar_manager.py:46: Successfully loaded updated stylesheet and applied to all bars.
2025-03-02 11:02:01 INFO bar_manager.py:46: Successfully loaded updated stylesheet and applied to all bars.
2025-03-02 11:04:06 INFO bar_manager.py:46: Successfully loaded updated stylesheet and applied to all bars.
2025-03-02 11:04:20 INFO bar_manager.py:46: Successfully loaded updated stylesheet and applied to all bars.
2025-03-02 11:04:25 INFO bar_manager.py:46: Successfully loaded updated stylesheet and applied to all bars.
2025-03-02 11:04:34 INFO bar_manager.py:46: Successfully loaded updated stylesheet and applied to all bars.
2025-03-02 11:04:38 INFO bar_manager.py:46: Successfully loaded updated stylesheet and applied to all bars.
2025-03-02 11:05:42 INFO bar_manager.py:46: Successfully loaded updated stylesheet and applied to all bars.
2025-03-02 11:06:02 INFO bar_manager.py:46: Successfully loaded updated stylesheet and applied to all bars.
2025-03-02 14:51:24 INFO tray.py:241: Reloading Application...
2025-03-02 14:51:24 INFO log.py:21: Yasb v1.6.4
2025-03-02 14:51:24 DEBUG win32.py:55: Looking up time zone info from registry
2025-03-02 14:51:24 DEBUG __init__.py:149: CoInitializeEx(None, 2)
2025-03-02 14:51:24 INFO app_bar.py:103: Bar Created on Screen: EA232WMi [Bar Height: 50px, DPI Scale: 1.0, Scale Screen: True, Screen Geometry: X: 0, Y: 0, Screen Width: 1920, Screen Height: 1080]
2025-03-02 14:51:25 INFO event_listener.py:52: Created named pipe yasb-0cca421a-f765-11ef-97db-58cdc9ee9bc0
2025-03-02 14:51:25 INFO event_listener.py:106: Waiting for Komorebi to subscribe to named pipe yasb-0cca421a-f765-11ef-97db-58cdc9ee9bc0
2025-03-02 14:51:25 INFO watcher.py:39: Created file watcher for path C:\Users\bilay\.config\yasb
2025-03-02 14:51:25 DEBUG _windows.py:213: Starting (proactor: <_IocpProactor overlapped#=0 result#=0>)...
2025-03-02 14:51:25 DEBUG _windows.py:192: Thread started
2025-03-02 14:51:25 INFO event_listener.py:118: Komorebi connected to named pipe: yasb-0cca421a-f765-11ef-97db-58cdc9ee9bc0
2025-03-02 19:30:02 WARNING event_listener.py:83: Pipe has been ended: (109, 'PeekNamedPipe', 'The pipe has been ended.')
2025-03-02 19:30:02 INFO event_listener.py:93: Attempting to reconnect...
2025-03-03 14:15:21 INFO log.py:21: Yasb v1.6.4
2025-03-03 14:15:21 DEBUG win32.py:55: Looking up time zone info from registry
2025-03-03 14:15:23 DEBUG __init__.py:149: CoInitializeEx(None, 2)
2025-03-03 14:15:24 INFO app_bar.py:103: Bar Created on Screen: EA232WMi [Bar Height: 50px, DPI Scale: 1.0, Scale Screen: True, Screen Geometry: X: 0, Y: 0, Screen Width: 1920, Screen Height: 1080]
2025-03-03 14:15:24 INFO event_listener.py:52: Created named pipe yasb-2f5260a1-f829-11ef-8401-58cdc9ee9bc0
2025-03-03 14:15:24 INFO event_listener.py:106: Waiting for Komorebi to subscribe to named pipe yasb-2f5260a1-f829-11ef-8401-58cdc9ee9bc0
2025-03-03 14:15:24 INFO watcher.py:39: Created file watcher for path C:\Users\bilay\.config\yasb
2025-03-03 14:15:24 DEBUG _windows.py:213: Starting (proactor: <_IocpProactor overlapped#=0 result#=0>)...
2025-03-03 14:15:24 DEBUG _windows.py:192: Thread started
2025-03-03 14:15:24 INFO event_listener.py:118: Komorebi connected to named pipe: yasb-2f5260a1-f829-11ef-8401-58cdc9ee9bc0
2025-03-03 18:20:18 INFO tray.py:241: Reloading Application...
2025-03-03 18:20:19 INFO log.py:21: Yasb v1.6.4
2025-03-03 18:20:19 DEBUG win32.py:55: Looking up time zone info from registry
2025-03-03 18:20:19 DEBUG __init__.py:149: CoInitializeEx(None, 2)
2025-03-03 18:20:19 INFO app_bar.py:103: Bar Created on Screen: EA232WMi [Bar Height: 50px, DPI Scale: 1.0, Scale Screen: True, Screen Geometry: X: 0, Y: 0, Screen Width: 1920, Screen Height: 1080]
2025-03-03 18:20:19 INFO event_listener.py:52: Created named pipe yasb-664e572b-f84b-11ef-b277-58cdc9ee9bc0
2025-03-03 18:20:19 INFO event_listener.py:106: Waiting for Komorebi to subscribe to named pipe yasb-664e572b-f84b-11ef-b277-58cdc9ee9bc0
2025-03-03 18:20:19 INFO watcher.py:39: Created file watcher for path C:\Users\bilay\.config\yasb
2025-03-03 18:20:19 DEBUG _windows.py:213: Starting (proactor: <_IocpProactor overlapped#=0 result#=0>)...
2025-03-03 18:20:19 DEBUG _windows.py:192: Thread started
2025-03-03 18:20:19 INFO event_listener.py:118: Komorebi connected to named pipe: yasb-664e572b-f84b-11ef-b277-58cdc9ee9bc0
2025-03-04 10:55:53 INFO log.py:21: Yasb v1.6.4
2025-03-04 10:55:53 DEBUG win32.py:55: Looking up time zone info from registry
2025-03-04 10:55:56 DEBUG __init__.py:149: CoInitializeEx(None, 2)
2025-03-04 10:55:56 INFO app_bar.py:103: Bar Created on Screen: EA232WMi [Bar Height: 50px, DPI Scale: 1.0, Scale Screen: True, Screen Geometry: X: 0, Y: 0, Screen Width: 1920, Screen Height: 1080]
2025-03-04 10:55:56 INFO event_listener.py:52: Created named pipe yasb-7c6b0e6c-f8d6-11ef-848d-58cdc9ee9bc0
2025-03-04 10:55:56 INFO event_listener.py:106: Waiting for Komorebi to subscribe to named pipe yasb-7c6b0e6c-f8d6-11ef-848d-58cdc9ee9bc0
2025-03-04 10:55:56 INFO watcher.py:39: Created file watcher for path C:\Users\bilay\.config\yasb
2025-03-04 10:55:56 DEBUG _windows.py:213: Starting (proactor: <_IocpProactor overlapped#=0 result#=0>)...
2025-03-04 10:55:56 DEBUG _windows.py:192: Thread started
2025-03-04 10:55:56 INFO event_listener.py:118: Komorebi connected to named pipe: yasb-7c6b0e6c-f8d6-11ef-848d-58cdc9ee9bc0
2025-03-04 11:02:09 INFO log.py:21: Yasb v1.6.4
2025-03-04 11:02:09 WARNING widget_builder.py:38: No widget config could be found for widget 'active-window
2025-03-04 11:02:09 DEBUG __init__.py:149: CoInitializeEx(None, 2)
2025-03-04 11:02:09 INFO app_bar.py:103: Bar Created on Screen: EA232WMi [Bar Height: 50px, DPI Scale: 1.0, Scale Screen: True, Screen Geometry: X: 0, Y: 0, Screen Width: 1920, Screen Height: 1080]
2025-03-04 11:02:09 ERROR widget_builder.py:77: Failed to add undefined widget(s)  - The widget "active-window" is undefined.
2025-03-04 11:02:09 INFO event_listener.py:52: Created named pipe yasb-5ab1cc69-f8d7-11ef-9eb3-58cdc9ee9bc0
2025-03-04 11:02:09 INFO event_listener.py:106: Waiting for Komorebi to subscribe to named pipe yasb-5ab1cc69-f8d7-11ef-9eb3-58cdc9ee9bc0
2025-03-04 11:02:09 INFO event_listener.py:118: Komorebi connected to named pipe: yasb-5ab1cc69-f8d7-11ef-9eb3-58cdc9ee9bc0
2025-03-04 11:02:12 INFO watcher.py:39: Created file watcher for path C:\Users\bilay\.config\yasb
2025-03-04 11:02:12 DEBUG _windows.py:213: Starting (proactor: <_IocpProactor overlapped#=0 result#=0>)...
2025-03-04 11:02:12 DEBUG _windows.py:192: Thread started
2025-03-04 11:02:34 INFO log.py:21: Yasb v1.6.4
2025-03-04 11:02:35 DEBUG __init__.py:149: CoInitializeEx(None, 2)
2025-03-04 11:02:35 INFO app_bar.py:103: Bar Created on Screen: EA232WMi [Bar Height: 50px, DPI Scale: 1.0, Scale Screen: True, Screen Geometry: X: 0, Y: 0, Screen Width: 1920, Screen Height: 1080]
2025-03-04 11:02:35 INFO event_listener.py:52: Created named pipe yasb-6a090399-f8d7-11ef-afe8-58cdc9ee9bc0
2025-03-04 11:02:35 INFO event_listener.py:106: Waiting for Komorebi to subscribe to named pipe yasb-6a090399-f8d7-11ef-afe8-58cdc9ee9bc0
2025-03-04 11:02:35 INFO watcher.py:39: Created file watcher for path C:\Users\bilay\.config\yasb
2025-03-04 11:02:35 DEBUG _windows.py:213: Starting (proactor: <_IocpProactor overlapped#=0 result#=0>)...
2025-03-04 11:02:35 DEBUG _windows.py:192: Thread started
2025-03-04 11:02:35 INFO event_listener.py:118: Komorebi connected to named pipe: yasb-6a090399-f8d7-11ef-afe8-58cdc9ee9bc0
2025-03-04 11:03:23 INFO log.py:21: Yasb v1.6.4
2025-03-04 11:03:23 DEBUG __init__.py:149: CoInitializeEx(None, 2)
2025-03-04 11:03:23 DEBUG win32.py:55: Looking up time zone info from registry
2025-03-04 11:03:23 INFO app_bar.py:103: Bar Created on Screen: EA232WMi [Bar Height: 50px, DPI Scale: 1.0, Scale Screen: True, Screen Geometry: X: 0, Y: 0, Screen Width: 1920, Screen Height: 1080]
2025-03-04 11:03:23 INFO event_listener.py:52: Created named pipe yasb-86cd5739-f8d7-11ef-aff2-58cdc9ee9bc0
2025-03-04 11:03:23 INFO event_listener.py:106: Waiting for Komorebi to subscribe to named pipe yasb-86cd5739-f8d7-11ef-aff2-58cdc9ee9bc0
2025-03-04 11:03:23 INFO watcher.py:39: Created file watcher for path C:\Users\bilay\.config\yasb
2025-03-04 11:03:23 DEBUG _windows.py:213: Starting (proactor: <_IocpProactor overlapped#=0 result#=0>)...
2025-03-04 11:03:23 DEBUG _windows.py:192: Thread started
2025-03-04 11:03:23 INFO event_listener.py:118: Komorebi connected to named pipe: yasb-86cd5739-f8d7-11ef-aff2-58cdc9ee9bc0
2025-03-04 11:03:46 INFO log.py:21: Yasb v1.6.4
2025-03-04 11:03:46 DEBUG __init__.py:149: CoInitializeEx(None, 2)
2025-03-04 11:03:46 DEBUG win32.py:55: Looking up time zone info from registry
2025-03-04 11:03:47 INFO app_bar.py:103: Bar Created on Screen: EA232WMi [Bar Height: 40px, DPI Scale: 1.0, Scale Screen: True, Screen Geometry: X: 0, Y: 0, Screen Width: 1920, Screen Height: 1080]
2025-03-04 11:03:47 INFO event_listener.py:52: Created named pipe yasb-94e765fe-f8d7-11ef-93ad-58cdc9ee9bc0
2025-03-04 11:03:47 INFO event_listener.py:106: Waiting for Komorebi to subscribe to named pipe yasb-94e765fe-f8d7-11ef-93ad-58cdc9ee9bc0
2025-03-04 11:03:47 INFO watcher.py:39: Created file watcher for path C:\Users\bilay\.config\yasb
2025-03-04 11:03:47 DEBUG _windows.py:213: Starting (proactor: <_IocpProactor overlapped#=0 result#=0>)...
2025-03-04 11:03:47 DEBUG _windows.py:192: Thread started
2025-03-04 11:03:47 INFO event_listener.py:118: Komorebi connected to named pipe: yasb-94e765fe-f8d7-11ef-93ad-58cdc9ee9bc0
2025-03-04 11:03:51 INFO log.py:21: Yasb v1.6.4
2025-03-04 11:03:51 DEBUG __init__.py:149: CoInitializeEx(None, 2)
2025-03-04 11:03:51 DEBUG win32.py:55: Looking up time zone info from registry
2025-03-04 11:03:51 INFO app_bar.py:103: Bar Created on Screen: EA232WMi [Bar Height: 40px, DPI Scale: 1.0, Scale Screen: True, Screen Geometry: X: 0, Y: 0, Screen Width: 1920, Screen Height: 1080]
2025-03-04 11:03:51 INFO event_listener.py:52: Created named pipe yasb-977562ce-f8d7-11ef-9103-58cdc9ee9bc0
2025-03-04 11:03:51 INFO event_listener.py:106: Waiting for Komorebi to subscribe to named pipe yasb-977562ce-f8d7-11ef-9103-58cdc9ee9bc0
2025-03-04 11:03:51 INFO watcher.py:39: Created file watcher for path C:\Users\bilay\.config\yasb
2025-03-04 11:03:51 DEBUG _windows.py:213: Starting (proactor: <_IocpProactor overlapped#=0 result#=0>)...
2025-03-04 11:03:51 DEBUG _windows.py:192: Thread started
2025-03-04 11:03:51 INFO event_listener.py:118: Komorebi connected to named pipe: yasb-977562ce-f8d7-11ef-9103-58cdc9ee9bc0
2025-03-04 11:03:56 INFO log.py:21: Yasb v1.6.4
2025-03-04 11:03:56 DEBUG __init__.py:149: CoInitializeEx(None, 2)
2025-03-04 11:03:56 DEBUG win32.py:55: Looking up time zone info from registry
2025-03-04 11:03:56 INFO app_bar.py:103: Bar Created on Screen: EA232WMi [Bar Height: 40px, DPI Scale: 1.0, Scale Screen: True, Screen Geometry: X: 0, Y: 0, Screen Width: 1920, Screen Height: 1080]
2025-03-04 11:03:56 INFO event_listener.py:52: Created named pipe yasb-9aab0d8f-f8d7-11ef-a184-58cdc9ee9bc0
2025-03-04 11:03:56 INFO event_listener.py:106: Waiting for Komorebi to subscribe to named pipe yasb-9aab0d8f-f8d7-11ef-a184-58cdc9ee9bc0
2025-03-04 11:03:56 INFO watcher.py:39: Created file watcher for path C:\Users\bilay\.config\yasb
2025-03-04 11:03:56 DEBUG _windows.py:213: Starting (proactor: <_IocpProactor overlapped#=0 result#=0>)...
2025-03-04 11:03:56 DEBUG _windows.py:192: Thread started
2025-03-04 11:03:56 INFO event_listener.py:118: Komorebi connected to named pipe: yasb-9aab0d8f-f8d7-11ef-a184-58cdc9ee9bc0
2025-03-04 11:04:31 INFO bar_manager.py:46: Successfully loaded updated stylesheet and applied to all bars.
2025-03-04 11:04:42 INFO bar_manager.py:46: Successfully loaded updated stylesheet and applied to all bars.
2025-03-04 11:05:14 INFO bar_manager.py:46: Successfully loaded updated stylesheet and applied to all bars.
2025-03-04 11:05:25 INFO bar_manager.py:46: Successfully loaded updated stylesheet and applied to all bars.
2025-03-04 11:05:36 INFO bar_manager.py:46: Successfully loaded updated stylesheet and applied to all bars.
2025-03-04 11:05:41 INFO bar_manager.py:46: Successfully loaded updated stylesheet and applied to all bars.
2025-03-04 11:05:51 INFO bar_manager.py:46: Successfully loaded updated stylesheet and applied to all bars.
2025-03-04 11:06:01 INFO bar_manager.py:46: Successfully loaded updated stylesheet and applied to all bars.
2025-03-04 11:06:14 INFO bar_manager.py:46: Successfully loaded updated stylesheet and applied to all bars.
2025-03-04 11:06:28 INFO bar_manager.py:46: Successfully loaded updated stylesheet and applied to all bars.
2025-03-04 11:08:07 INFO bar_manager.py:46: Successfully loaded updated stylesheet and applied to all bars.
2025-03-04 11:08:16 INFO bar_manager.py:46: Successfully loaded updated stylesheet and applied to all bars.
2025-03-04 11:08:28 INFO bar_manager.py:46: Successfully loaded updated stylesheet and applied to all bars.
2025-03-04 11:08:34 INFO bar_manager.py:46: Successfully loaded updated stylesheet and applied to all bars.
2025-03-04 11:08:39 INFO bar_manager.py:46: Successfully loaded updated stylesheet and applied to all bars.
2025-03-04 11:08:55 INFO bar_manager.py:46: Successfully loaded updated stylesheet and applied to all bars.
2025-03-04 11:09:00 INFO bar_manager.py:46: Successfully loaded updated stylesheet and applied to all bars.
2025-03-04 11:09:21 INFO bar_manager.py:46: Successfully loaded updated stylesheet and applied to all bars.
2025-03-04 11:09:24 INFO bar_manager.py:46: Successfully loaded updated stylesheet and applied to all bars.
2025-03-04 11:09:28 INFO bar_manager.py:46: Successfully loaded updated stylesheet and applied to all bars.
2025-03-04 11:09:32 INFO bar_manager.py:46: Successfully loaded updated stylesheet and applied to all bars.
2025-03-04 11:09:46 INFO bar_manager.py:46: Successfully loaded updated stylesheet and applied to all bars.
2025-03-04 11:09:52 INFO bar_manager.py:46: Successfully loaded updated stylesheet and applied to all bars.
2025-03-04 11:10:19 INFO bar_manager.py:46: Successfully loaded updated stylesheet and applied to all bars.
2025-03-04 11:10:50 INFO bar_manager.py:46: Successfully loaded updated stylesheet and applied to all bars.
2025-03-04 11:10:59 INFO bar_manager.py:46: Successfully loaded updated stylesheet and applied to all bars.
2025-03-04 11:11:18 INFO bar_manager.py:46: Successfully loaded updated stylesheet and applied to all bars.
2025-03-04 11:11:24 INFO bar_manager.py:46: Successfully loaded updated stylesheet and applied to all bars.
2025-03-04 11:11:30 INFO bar_manager.py:46: Successfully loaded updated stylesheet and applied to all bars.
2025-03-04 11:11:37 INFO bar_manager.py:46: Successfully loaded updated stylesheet and applied to all bars.
2025-03-04 11:11:42 INFO bar_manager.py:46: Successfully loaded updated stylesheet and applied to all bars.
2025-03-04 11:11:51 INFO bar_manager.py:46: Successfully loaded updated stylesheet and applied to all bars.
2025-03-04 11:13:59 ERROR config.py:98: The file 'C:\Users\bilay\.config\yasb\config.yaml' contains Parser Error(s). Please fix:
while parsing a block mapping
  in "C:\Users\bilay\.config\yasb\config.yaml", line 79, column 11
expected <block end>, but found '<block mapping start>'
  in "C:\Users\bilay\.config\yasb\config.yaml", line 80, column 19
2025-03-04 11:13:59 ERROR config.py:98: The file 'C:\Users\bilay\.config\yasb\config.yaml' contains Parser Error(s). Please fix:
while parsing a block mapping
  in "C:\Users\bilay\.config\yasb\config.yaml", line 79, column 11
expected <block end>, but found '<block mapping start>'
  in "C:\Users\bilay\.config\yasb\config.yaml", line 80, column 19
2025-03-04 11:13:59 ERROR config.py:98: The file 'C:\Users\bilay\.config\yasb\config.yaml' contains Parser Error(s). Please fix:
while parsing a block mapping
  in "C:\Users\bilay\.config\yasb\config.yaml", line 79, column 11
expected <block end>, but found '<block mapping start>'
  in "C:\Users\bilay\.config\yasb\config.yaml", line 80, column 19
2025-03-04 11:14:01 ERROR config.py:98: The file 'C:\Users\bilay\.config\yasb\config.yaml' contains Parser Error(s). Please fix:
while parsing a block mapping
  in "C:\Users\bilay\.config\yasb\config.yaml", line 79, column 11
expected <block end>, but found '<block mapping start>'
  in "C:\Users\bilay\.config\yasb\config.yaml", line 80, column 19
2025-03-04 11:14:01 ERROR config.py:98: The file 'C:\Users\bilay\.config\yasb\config.yaml' contains Parser Error(s). Please fix:
while parsing a block mapping
  in "C:\Users\bilay\.config\yasb\config.yaml", line 79, column 11
expected <block end>, but found '<block mapping start>'
  in "C:\Users\bilay\.config\yasb\config.yaml", line 80, column 19
2025-03-04 11:14:01 ERROR config.py:98: The file 'C:\Users\bilay\.config\yasb\config.yaml' contains Parser Error(s). Please fix:
while parsing a block mapping
  in "C:\Users\bilay\.config\yasb\config.yaml", line 79, column 11
expected <block end>, but found '<block mapping start>'
  in "C:\Users\bilay\.config\yasb\config.yaml", line 80, column 19
2025-03-04 11:14:01 ERROR config.py:98: The file 'C:\Users\bilay\.config\yasb\config.yaml' contains Parser Error(s). Please fix:
while parsing a block mapping
  in "C:\Users\bilay\.config\yasb\config.yaml", line 79, column 11
expected <block end>, but found '<block mapping start>'
  in "C:\Users\bilay\.config\yasb\config.yaml", line 80, column 19
2025-03-04 11:14:01 ERROR config.py:98: The file 'C:\Users\bilay\.config\yasb\config.yaml' contains Parser Error(s). Please fix:
while parsing a block mapping
  in "C:\Users\bilay\.config\yasb\config.yaml", line 79, column 11
expected <block end>, but found '<block mapping start>'
  in "C:\Users\bilay\.config\yasb\config.yaml", line 80, column 19
2025-03-04 11:14:10 INFO log.py:21: Yasb v1.6.4
2025-03-04 11:14:11 DEBUG __init__.py:149: CoInitializeEx(None, 2)
2025-03-04 11:14:11 DEBUG win32.py:55: Looking up time zone info from registry
2025-03-04 11:14:12 INFO app_bar.py:103: Bar Created on Screen: EA232WMi [Bar Height: 40px, DPI Scale: 1.0, Scale Screen: True, Screen Geometry: X: 0, Y: 0, Screen Width: 1920, Screen Height: 1080]
2025-03-04 11:14:12 INFO event_listener.py:52: Created named pipe yasb-09bb6d6b-f8d9-11ef-9539-58cdc9ee9bc0
2025-03-04 11:14:12 INFO event_listener.py:106: Waiting for Komorebi to subscribe to named pipe yasb-09bb6d6b-f8d9-11ef-9539-58cdc9ee9bc0
2025-03-04 11:14:12 INFO watcher.py:39: Created file watcher for path C:\Users\bilay\.config\yasb
2025-03-04 11:14:12 DEBUG _windows.py:213: Starting (proactor: <_IocpProactor overlapped#=0 result#=0>)...
2025-03-04 11:14:12 DEBUG _windows.py:192: Thread started
2025-03-04 11:14:12 INFO event_listener.py:118: Komorebi connected to named pipe: yasb-09bb6d6b-f8d9-11ef-9539-58cdc9ee9bc0
2025-03-04 11:14:31 INFO log.py:21: Yasb v1.6.4
2025-03-04 11:14:32 DEBUG __init__.py:149: CoInitializeEx(None, 2)
2025-03-04 11:14:32 DEBUG win32.py:55: Looking up time zone info from registry
2025-03-04 11:14:32 INFO app_bar.py:103: Bar Created on Screen: EA232WMi [Bar Height: 40px, DPI Scale: 1.0, Scale Screen: True, Screen Geometry: X: 0, Y: 0, Screen Width: 1920, Screen Height: 1080]
2025-03-04 11:14:32 INFO event_listener.py:52: Created named pipe yasb-156e8fa0-f8d9-11ef-a4a5-58cdc9ee9bc0
2025-03-04 11:14:32 INFO event_listener.py:106: Waiting for Komorebi to subscribe to named pipe yasb-156e8fa0-f8d9-11ef-a4a5-58cdc9ee9bc0
2025-03-04 11:14:32 INFO watcher.py:39: Created file watcher for path C:\Users\bilay\.config\yasb
2025-03-04 11:14:32 DEBUG _windows.py:213: Starting (proactor: <_IocpProactor overlapped#=0 result#=0>)...
2025-03-04 11:14:32 DEBUG _windows.py:192: Thread started
2025-03-04 11:14:32 INFO event_listener.py:118: Komorebi connected to named pipe: yasb-156e8fa0-f8d9-11ef-a4a5-58cdc9ee9bc0
2025-03-04 11:14:53 INFO bar_manager.py:46: Successfully loaded updated stylesheet and applied to all bars.
2025-03-04 11:15:02 INFO bar_manager.py:46: Successfully loaded updated stylesheet and applied to all bars.
2025-03-04 11:15:10 INFO bar_manager.py:46: Successfully loaded updated stylesheet and applied to all bars.
2025-03-04 11:15:15 INFO bar_manager.py:46: Successfully loaded updated stylesheet and applied to all bars.
2025-03-04 11:16:51 INFO bar_manager.py:46: Successfully loaded updated stylesheet and applied to all bars.
2025-03-04 11:17:12 INFO bar_manager.py:46: Successfully loaded updated stylesheet and applied to all bars.
2025-03-04 11:17:23 INFO bar_manager.py:46: Successfully loaded updated stylesheet and applied to all bars.
2025-03-04 11:17:43 INFO bar_manager.py:46: Successfully loaded updated stylesheet and applied to all bars.
2025-03-04 11:17:49 INFO bar_manager.py:46: Successfully loaded updated stylesheet and applied to all bars.
2025-03-04 11:18:12 INFO bar_manager.py:46: Successfully loaded updated stylesheet and applied to all bars.
2025-03-04 11:18:29 INFO bar_manager.py:46: Successfully loaded updated stylesheet and applied to all bars.
2025-03-04 11:19:05 INFO bar_manager.py:46: Successfully loaded updated stylesheet and applied to all bars.
2025-03-04 11:19:09 INFO bar_manager.py:46: Successfully loaded updated stylesheet and applied to all bars.
2025-03-04 11:19:24 INFO bar_manager.py:46: Successfully loaded updated stylesheet and applied to all bars.
2025-03-04 11:19:43 INFO bar_manager.py:46: Successfully loaded updated stylesheet and applied to all bars.
2025-03-04 11:19:58 INFO bar_manager.py:46: Successfully loaded updated stylesheet and applied to all bars.
2025-03-04 11:20:31 INFO bar_manager.py:46: Successfully loaded updated stylesheet and applied to all bars.
2025-03-04 11:20:35 INFO bar_manager.py:46: Successfully loaded updated stylesheet and applied to all bars.
2025-03-04 11:21:04 INFO bar_manager.py:46: Successfully loaded updated stylesheet and applied to all bars.
2025-03-04 11:21:08 INFO bar_manager.py:46: Successfully loaded updated stylesheet and applied to all bars.
2025-03-04 11:21:23 INFO bar_manager.py:46: Successfully loaded updated stylesheet and applied to all bars.
2025-03-04 11:21:27 INFO bar_manager.py:46: Successfully loaded updated stylesheet and applied to all bars.
2025-03-04 11:21:29 INFO bar_manager.py:46: Successfully loaded updated stylesheet and applied to all bars.
2025-03-04 11:22:49 INFO bar_manager.py:46: Successfully loaded updated stylesheet and applied to all bars.
2025-03-04 11:22:57 INFO bar_manager.py:46: Successfully loaded updated stylesheet and applied to all bars.
2025-03-04 11:23:11 INFO bar_manager.py:46: Successfully loaded updated stylesheet and applied to all bars.
2025-03-04 11:23:31 INFO bar_manager.py:46: Successfully loaded updated stylesheet and applied to all bars.
2025-03-04 11:23:42 INFO bar_manager.py:46: Successfully loaded updated stylesheet and applied to all bars.
2025-03-04 11:23:55 INFO bar_manager.py:46: Successfully loaded updated stylesheet and applied to all bars.
2025-03-04 11:24:01 INFO bar_manager.py:46: Successfully loaded updated stylesheet and applied to all bars.
2025-03-04 11:24:05 INFO bar_manager.py:46: Successfully loaded updated stylesheet and applied to all bars.
2025-03-04 11:24:26 INFO bar_manager.py:46: Successfully loaded updated stylesheet and applied to all bars.
2025-03-04 11:24:29 INFO bar_manager.py:46: Successfully loaded updated stylesheet and applied to all bars.
2025-03-04 11:25:18 INFO bar_manager.py:46: Successfully loaded updated stylesheet and applied to all bars.
2025-03-04 11:25:23 INFO bar_manager.py:46: Successfully loaded updated stylesheet and applied to all bars.
2025-03-04 11:25:25 INFO bar_manager.py:46: Successfully loaded updated stylesheet and applied to all bars.
2025-03-04 11:25:30 INFO bar_manager.py:46: Successfully loaded updated stylesheet and applied to all bars.
2025-03-04 11:25:33 INFO bar_manager.py:46: Successfully loaded updated stylesheet and applied to all bars.
2025-03-04 11:25:41 INFO bar_manager.py:46: Successfully loaded updated stylesheet and applied to all bars.
2025-03-04 11:26:16 INFO bar_manager.py:46: Successfully loaded updated stylesheet and applied to all bars.
2025-03-04 11:26:20 INFO bar_manager.py:46: Successfully loaded updated stylesheet and applied to all bars.
2025-03-04 11:26:28 INFO bar_manager.py:46: Successfully loaded updated stylesheet and applied to all bars.
2025-03-04 11:26:35 INFO bar_manager.py:46: Successfully loaded updated stylesheet and applied to all bars.
2025-03-04 11:28:04 INFO bar_manager.py:46: Successfully loaded updated stylesheet and applied to all bars.
2025-03-04 11:28:11 INFO bar_manager.py:46: Successfully loaded updated stylesheet and applied to all bars.
2025-03-04 11:28:14 INFO bar_manager.py:46: Successfully loaded updated stylesheet and applied to all bars.
2025-03-04 11:28:17 INFO bar_manager.py:46: Successfully loaded updated stylesheet and applied to all bars.
2025-03-04 11:28:19 INFO bar_manager.py:46: Successfully loaded updated stylesheet and applied to all bars.
2025-03-04 11:28:26 INFO bar_manager.py:46: Successfully loaded updated stylesheet and applied to all bars.
2025-03-04 11:28:47 INFO bar_manager.py:46: Successfully loaded updated stylesheet and applied to all bars.
2025-03-04 11:29:02 INFO bar_manager.py:46: Successfully loaded updated stylesheet and applied to all bars.
2025-03-04 11:29:06 INFO bar_manager.py:46: Successfully loaded updated stylesheet and applied to all bars.
2025-03-04 11:29:22 INFO bar_manager.py:46: Successfully loaded updated stylesheet and applied to all bars.
2025-03-04 11:29:25 INFO bar_manager.py:46: Successfully loaded updated stylesheet and applied to all bars.
2025-03-04 11:29:32 INFO bar_manager.py:46: Successfully loaded updated stylesheet and applied to all bars.
2025-03-04 11:29:34 INFO bar_manager.py:46: Successfully loaded updated stylesheet and applied to all bars.
2025-03-04 11:29:36 INFO bar_manager.py:46: Successfully loaded updated stylesheet and applied to all bars.
2025-03-04 11:30:03 INFO bar_manager.py:46: Successfully loaded updated stylesheet and applied to all bars.
2025-03-04 11:30:37 INFO bar_manager.py:46: Successfully loaded updated stylesheet and applied to all bars.
2025-03-04 11:31:07 INFO bar_manager.py:46: Successfully loaded updated stylesheet and applied to all bars.
2025-03-04 11:31:14 INFO bar_manager.py:46: Successfully loaded updated stylesheet and applied to all bars.
2025-03-04 11:31:21 INFO bar_manager.py:46: Successfully loaded updated stylesheet and applied to all bars.
2025-03-04 11:31:36 INFO bar_manager.py:46: Successfully loaded updated stylesheet and applied to all bars.
2025-03-04 11:32:11 INFO bar_manager.py:46: Successfully loaded updated stylesheet and applied to all bars.
2025-03-04 11:32:20 INFO bar_manager.py:46: Successfully loaded updated stylesheet and applied to all bars.
2025-03-04 11:32:30 INFO bar_manager.py:46: Successfully loaded updated stylesheet and applied to all bars.
2025-03-04 11:32:32 INFO bar_manager.py:46: Successfully loaded updated stylesheet and applied to all bars.
2025-03-04 11:32:44 INFO bar_manager.py:46: Successfully loaded updated stylesheet and applied to all bars.
2025-03-04 11:32:48 INFO bar_manager.py:46: Successfully loaded updated stylesheet and applied to all bars.
2025-03-04 11:33:09 INFO bar_manager.py:46: Successfully loaded updated stylesheet and applied to all bars.
2025-03-04 11:33:19 INFO tray.py:241: Reloading Application...
2025-03-04 11:33:20 INFO log.py:21: Yasb v1.6.4
2025-03-04 11:33:20 DEBUG __init__.py:149: CoInitializeEx(None, 2)
2025-03-04 11:33:20 DEBUG win32.py:55: Looking up time zone info from registry
2025-03-04 11:33:20 INFO app_bar.py:103: Bar Created on Screen: EA232WMi [Bar Height: 40px, DPI Scale: 1.0, Scale Screen: True, Screen Geometry: X: 0, Y: 0, Screen Width: 1920, Screen Height: 1080]
2025-03-04 11:33:20 INFO event_listener.py:52: Created named pipe yasb-b5e10988-f8db-11ef-8c91-58cdc9ee9bc0
2025-03-04 11:33:20 INFO event_listener.py:106: Waiting for Komorebi to subscribe to named pipe yasb-b5e10988-f8db-11ef-8c91-58cdc9ee9bc0
2025-03-04 11:33:20 INFO watcher.py:39: Created file watcher for path C:\Users\bilay\.config\yasb
2025-03-04 11:33:20 DEBUG _windows.py:213: Starting (proactor: <_IocpProactor overlapped#=0 result#=0>)...
2025-03-04 11:33:20 DEBUG _windows.py:192: Thread started
2025-03-04 11:33:20 INFO event_listener.py:118: Komorebi connected to named pipe: yasb-b5e10988-f8db-11ef-8c91-58cdc9ee9bc0
2025-03-04 11:33:38 INFO bar_manager.py:46: Successfully loaded updated stylesheet and applied to all bars.
2025-03-04 11:33:46 INFO bar_manager.py:46: Successfully loaded updated stylesheet and applied to all bars.
2025-03-04 11:33:53 INFO bar_manager.py:46: Successfully loaded updated stylesheet and applied to all bars.
2025-03-04 11:33:57 INFO bar_manager.py:46: Successfully loaded updated stylesheet and applied to all bars.
2025-03-04 11:34:07 INFO bar_manager.py:46: Successfully loaded updated stylesheet and applied to all bars.
2025-03-04 11:35:47 INFO bar_manager.py:46: Successfully loaded updated stylesheet and applied to all bars.
2025-03-04 11:35:59 INFO bar_manager.py:46: Successfully loaded updated stylesheet and applied to all bars.
2025-03-04 11:36:10 INFO bar_manager.py:46: Successfully loaded updated stylesheet and applied to all bars.
2025-03-04 11:36:14 INFO bar_manager.py:46: Successfully loaded updated stylesheet and applied to all bars.
2025-03-04 11:36:28 INFO bar_manager.py:46: Successfully loaded updated stylesheet and applied to all bars.
2025-03-04 11:36:38 INFO bar_manager.py:46: Successfully loaded updated stylesheet and applied to all bars.
2025-03-04 11:36:56 INFO bar_manager.py:46: Successfully loaded updated stylesheet and applied to all bars.
2025-03-04 11:37:02 INFO bar_manager.py:46: Successfully loaded updated stylesheet and applied to all bars.
2025-03-04 11:37:09 INFO bar_manager.py:46: Successfully loaded updated stylesheet and applied to all bars.
2025-03-04 11:37:14 INFO bar_manager.py:46: Successfully loaded updated stylesheet and applied to all bars.
2025-03-04 11:37:25 INFO bar_manager.py:46: Successfully loaded updated stylesheet and applied to all bars.
2025-03-04 11:37:31 INFO bar_manager.py:46: Successfully loaded updated stylesheet and applied to all bars.
2025-03-04 11:37:34 INFO bar_manager.py:46: Successfully loaded updated stylesheet and applied to all bars.
2025-03-04 11:38:00 INFO bar_manager.py:46: Successfully loaded updated stylesheet and applied to all bars.
2025-03-04 11:38:03 INFO bar_manager.py:46: Successfully loaded updated stylesheet and applied to all bars.
2025-03-04 11:38:27 INFO bar_manager.py:46: Successfully loaded updated stylesheet and applied to all bars.
2025-03-04 11:38:36 INFO bar_manager.py:46: Successfully loaded updated stylesheet and applied to all bars.
2025-03-04 11:38:42 INFO bar_manager.py:46: Successfully loaded updated stylesheet and applied to all bars.
2025-03-04 11:39:00 INFO bar_manager.py:46: Successfully loaded updated stylesheet and applied to all bars.
2025-03-04 11:39:04 INFO bar_manager.py:46: Successfully loaded updated stylesheet and applied to all bars.
2025-03-04 11:39:10 INFO bar_manager.py:46: Successfully loaded updated stylesheet and applied to all bars.
2025-03-04 11:39:15 INFO bar_manager.py:46: Successfully loaded updated stylesheet and applied to all bars.
2025-03-04 11:39:21 INFO bar_manager.py:46: Successfully loaded updated stylesheet and applied to all bars.
2025-03-04 11:39:28 INFO bar_manager.py:46: Successfully loaded updated stylesheet and applied to all bars.
2025-03-04 11:39:47 INFO bar_manager.py:46: Successfully loaded updated stylesheet and applied to all bars.
2025-03-04 11:39:52 INFO bar_manager.py:46: Successfully loaded updated stylesheet and applied to all bars.
2025-03-04 11:39:54 INFO bar_manager.py:46: Successfully loaded updated stylesheet and applied to all bars.
2025-03-04 11:39:56 INFO bar_manager.py:46: Successfully loaded updated stylesheet and applied to all bars.
2025-03-04 11:40:00 INFO bar_manager.py:46: Successfully loaded updated stylesheet and applied to all bars.
2025-03-04 11:40:04 INFO bar_manager.py:46: Successfully loaded updated stylesheet and applied to all bars.
2025-03-04 11:40:06 INFO bar_manager.py:46: Successfully loaded updated stylesheet and applied to all bars.
2025-03-04 11:40:10 INFO bar_manager.py:46: Successfully loaded updated stylesheet and applied to all bars.
2025-03-04 11:40:12 INFO bar_manager.py:46: Successfully loaded updated stylesheet and applied to all bars.
2025-03-04 11:40:20 INFO bar_manager.py:46: Successfully loaded updated stylesheet and applied to all bars.
2025-03-04 11:40:28 INFO bar_manager.py:46: Successfully loaded updated stylesheet and applied to all bars.
2025-03-04 11:40:30 INFO bar_manager.py:46: Successfully loaded updated stylesheet and applied to all bars.
2025-03-04 11:40:57 INFO bar_manager.py:46: Successfully loaded updated stylesheet and applied to all bars.
2025-03-04 11:41:19 INFO bar_manager.py:46: Successfully loaded updated stylesheet and applied to all bars.
2025-03-04 11:41:28 INFO bar_manager.py:46: Successfully loaded updated stylesheet and applied to all bars.
2025-03-04 11:41:41 INFO bar_manager.py:46: Successfully loaded updated stylesheet and applied to all bars.
2025-03-04 11:41:48 INFO bar_manager.py:46: Successfully loaded updated stylesheet and applied to all bars.
2025-03-04 11:42:10 INFO log.py:21: Yasb v1.6.4
2025-03-04 11:42:11 DEBUG __init__.py:149: CoInitializeEx(None, 2)
2025-03-04 11:42:11 DEBUG win32.py:55: Looking up time zone info from registry
2025-03-04 11:42:11 INFO app_bar.py:103: Bar Created on Screen: EA232WMi [Bar Height: 40px, DPI Scale: 1.0, Scale Screen: True, Screen Geometry: X: 0, Y: 0, Screen Width: 1920, Screen Height: 1080]
2025-03-04 11:42:11 INFO event_listener.py:52: Created named pipe yasb-f2531459-f8dc-11ef-86bc-58cdc9ee9bc0
2025-03-04 11:42:11 INFO event_listener.py:106: Waiting for Komorebi to subscribe to named pipe yasb-f2531459-f8dc-11ef-86bc-58cdc9ee9bc0
2025-03-04 11:42:11 INFO watcher.py:39: Created file watcher for path C:\Users\bilay\.config\yasb
2025-03-04 11:42:11 DEBUG _windows.py:213: Starting (proactor: <_IocpProactor overlapped#=0 result#=0>)...
2025-03-04 11:42:11 DEBUG _windows.py:192: Thread started
2025-03-04 11:42:11 INFO event_listener.py:118: Komorebi connected to named pipe: yasb-f2531459-f8dc-11ef-86bc-58cdc9ee9bc0
2025-03-04 11:42:44 INFO log.py:21: Yasb v1.6.4
2025-03-04 11:42:44 DEBUG __init__.py:149: CoInitializeEx(None, 2)
2025-03-04 11:42:44 DEBUG win32.py:55: Looking up time zone info from registry
2025-03-04 11:42:44 INFO app_bar.py:103: Bar Created on Screen: EA232WMi [Bar Height: 40px, DPI Scale: 1.0, Scale Screen: True, Screen Geometry: X: 0, Y: 0, Screen Width: 1920, Screen Height: 1080]
2025-03-04 11:42:45 INFO event_listener.py:52: Created named pipe yasb-06636fc4-f8dd-11ef-9780-58cdc9ee9bc0
2025-03-04 11:42:45 INFO event_listener.py:106: Waiting for Komorebi to subscribe to named pipe yasb-06636fc4-f8dd-11ef-9780-58cdc9ee9bc0
2025-03-04 11:42:45 INFO watcher.py:39: Created file watcher for path C:\Users\bilay\.config\yasb
2025-03-04 11:42:45 DEBUG _windows.py:213: Starting (proactor: <_IocpProactor overlapped#=0 result#=0>)...
2025-03-04 11:42:45 DEBUG _windows.py:192: Thread started
2025-03-04 11:42:45 INFO event_listener.py:118: Komorebi connected to named pipe: yasb-06636fc4-f8dd-11ef-9780-58cdc9ee9bc0
2025-03-04 11:42:52 INFO log.py:21: Yasb v1.6.4
2025-03-04 11:42:52 DEBUG __init__.py:149: CoInitializeEx(None, 2)
2025-03-04 11:42:52 DEBUG win32.py:55: Looking up time zone info from registry
2025-03-04 11:42:52 INFO app_bar.py:103: Bar Created on Screen: EA232WMi [Bar Height: 40px, DPI Scale: 1.0, Scale Screen: True, Screen Geometry: X: 0, Y: 0, Screen Width: 1920, Screen Height: 1080]
2025-03-04 11:42:53 INFO event_listener.py:52: Created named pipe yasb-0b370b16-f8dd-11ef-b2c6-58cdc9ee9bc0
2025-03-04 11:42:53 INFO event_listener.py:106: Waiting for Komorebi to subscribe to named pipe yasb-0b370b16-f8dd-11ef-b2c6-58cdc9ee9bc0
2025-03-04 11:42:53 INFO watcher.py:39: Created file watcher for path C:\Users\bilay\.config\yasb
2025-03-04 11:42:53 DEBUG _windows.py:213: Starting (proactor: <_IocpProactor overlapped#=0 result#=0>)...
2025-03-04 11:42:53 DEBUG _windows.py:192: Thread started
2025-03-04 11:42:53 INFO event_listener.py:118: Komorebi connected to named pipe: yasb-0b370b16-f8dd-11ef-b2c6-58cdc9ee9bc0
2025-03-04 11:43:08 INFO log.py:21: Yasb v1.6.4
2025-03-04 11:43:08 DEBUG __init__.py:149: CoInitializeEx(None, 2)
2025-03-04 11:43:08 DEBUG win32.py:55: Looking up time zone info from registry
2025-03-04 11:43:08 INFO app_bar.py:103: Bar Created on Screen: EA232WMi [Bar Height: 40px, DPI Scale: 1.0, Scale Screen: True, Screen Geometry: X: 0, Y: 0, Screen Width: 1920, Screen Height: 1080]
2025-03-04 11:43:08 INFO event_listener.py:52: Created named pipe yasb-1499c11c-f8dd-11ef-bfbb-58cdc9ee9bc0
2025-03-04 11:43:08 INFO event_listener.py:106: Waiting for Komorebi to subscribe to named pipe yasb-1499c11c-f8dd-11ef-bfbb-58cdc9ee9bc0
2025-03-04 11:43:08 INFO watcher.py:39: Created file watcher for path C:\Users\bilay\.config\yasb
2025-03-04 11:43:08 DEBUG _windows.py:213: Starting (proactor: <_IocpProactor overlapped#=0 result#=0>)...
2025-03-04 11:43:08 DEBUG _windows.py:192: Thread started
2025-03-04 11:43:08 INFO event_listener.py:118: Komorebi connected to named pipe: yasb-1499c11c-f8dd-11ef-bfbb-58cdc9ee9bc0
2025-03-04 11:43:19 INFO log.py:21: Yasb v1.6.4
2025-03-04 11:43:20 DEBUG __init__.py:149: CoInitializeEx(None, 2)
2025-03-04 11:43:20 DEBUG win32.py:55: Looking up time zone info from registry
2025-03-04 11:43:20 INFO app_bar.py:103: Bar Created on Screen: EA232WMi [Bar Height: 40px, DPI Scale: 1.0, Scale Screen: True, Screen Geometry: X: 0, Y: 0, Screen Width: 1920, Screen Height: 1080]
2025-03-04 11:43:20 INFO event_listener.py:52: Created named pipe yasb-1b625565-f8dd-11ef-897c-58cdc9ee9bc0
2025-03-04 11:43:20 INFO event_listener.py:106: Waiting for Komorebi to subscribe to named pipe yasb-1b625565-f8dd-11ef-897c-58cdc9ee9bc0
2025-03-04 11:43:20 INFO watcher.py:39: Created file watcher for path C:\Users\bilay\.config\yasb
2025-03-04 11:43:20 DEBUG _windows.py:213: Starting (proactor: <_IocpProactor overlapped#=0 result#=0>)...
2025-03-04 11:43:20 DEBUG _windows.py:192: Thread started
2025-03-04 11:43:20 INFO event_listener.py:118: Komorebi connected to named pipe: yasb-1b625565-f8dd-11ef-897c-58cdc9ee9bc0
2025-03-04 11:43:27 INFO log.py:21: Yasb v1.6.4
2025-03-04 11:43:27 DEBUG __init__.py:149: CoInitializeEx(None, 2)
2025-03-04 11:43:27 DEBUG win32.py:55: Looking up time zone info from registry
2025-03-04 11:43:27 INFO app_bar.py:103: Bar Created on Screen: EA232WMi [Bar Height: 40px, DPI Scale: 1.0, Scale Screen: True, Screen Geometry: X: 0, Y: 0, Screen Width: 1920, Screen Height: 1080]
2025-03-04 11:43:27 INFO event_listener.py:52: Created named pipe yasb-1ff48452-f8dd-11ef-9e04-58cdc9ee9bc0
2025-03-04 11:43:27 INFO event_listener.py:106: Waiting for Komorebi to subscribe to named pipe yasb-1ff48452-f8dd-11ef-9e04-58cdc9ee9bc0
2025-03-04 11:43:27 INFO watcher.py:39: Created file watcher for path C:\Users\bilay\.config\yasb
2025-03-04 11:43:27 DEBUG _windows.py:213: Starting (proactor: <_IocpProactor overlapped#=0 result#=0>)...
2025-03-04 11:43:27 DEBUG _windows.py:192: Thread started
2025-03-04 11:43:27 INFO event_listener.py:118: Komorebi connected to named pipe: yasb-1ff48452-f8dd-11ef-9e04-58cdc9ee9bc0
2025-03-04 11:43:43 INFO log.py:21: Yasb v1.6.4
2025-03-04 11:43:44 DEBUG __init__.py:149: CoInitializeEx(None, 2)
2025-03-04 11:43:44 DEBUG win32.py:55: Looking up time zone info from registry
2025-03-04 11:43:44 INFO app_bar.py:103: Bar Created on Screen: EA232WMi [Bar Height: 40px, DPI Scale: 1.0, Scale Screen: True, Screen Geometry: X: 0, Y: 0, Screen Width: 1920, Screen Height: 1080]
2025-03-04 11:43:44 INFO event_listener.py:52: Created named pipe yasb-29b86ca1-f8dd-11ef-b14f-58cdc9ee9bc0
2025-03-04 11:43:44 INFO event_listener.py:106: Waiting for Komorebi to subscribe to named pipe yasb-29b86ca1-f8dd-11ef-b14f-58cdc9ee9bc0
2025-03-04 11:43:44 INFO watcher.py:39: Created file watcher for path C:\Users\bilay\.config\yasb
2025-03-04 11:43:44 DEBUG _windows.py:213: Starting (proactor: <_IocpProactor overlapped#=0 result#=0>)...
2025-03-04 11:43:44 DEBUG _windows.py:192: Thread started
2025-03-04 11:43:44 INFO event_listener.py:118: Komorebi connected to named pipe: yasb-29b86ca1-f8dd-11ef-b14f-58cdc9ee9bc0
2025-03-04 11:43:58 INFO log.py:21: Yasb v1.6.4
2025-03-04 11:43:58 DEBUG __init__.py:149: CoInitializeEx(None, 2)
2025-03-04 11:43:58 DEBUG win32.py:55: Looking up time zone info from registry
2025-03-04 11:43:58 INFO app_bar.py:103: Bar Created on Screen: EA232WMi [Bar Height: 40px, DPI Scale: 1.0, Scale Screen: True, Screen Geometry: X: 0, Y: 0, Screen Width: 1920, Screen Height: 1080]
2025-03-04 11:43:58 INFO event_listener.py:52: Created named pipe yasb-32229591-f8dd-11ef-9f5f-58cdc9ee9bc0
2025-03-04 11:43:58 INFO event_listener.py:106: Waiting for Komorebi to subscribe to named pipe yasb-32229591-f8dd-11ef-9f5f-58cdc9ee9bc0
2025-03-04 11:43:58 INFO watcher.py:39: Created file watcher for path C:\Users\bilay\.config\yasb
2025-03-04 11:43:58 DEBUG _windows.py:213: Starting (proactor: <_IocpProactor overlapped#=0 result#=0>)...
2025-03-04 11:43:58 DEBUG _windows.py:192: Thread started
2025-03-04 11:43:58 INFO event_listener.py:118: Komorebi connected to named pipe: yasb-32229591-f8dd-11ef-9f5f-58cdc9ee9bc0
2025-03-04 11:44:40 INFO log.py:21: Yasb v1.6.4
2025-03-04 11:44:40 DEBUG __init__.py:149: CoInitializeEx(None, 2)
2025-03-04 11:44:40 DEBUG win32.py:55: Looking up time zone info from registry
2025-03-04 11:44:40 INFO app_bar.py:103: Bar Created on Screen: EA232WMi [Bar Height: 40px, DPI Scale: 1.0, Scale Screen: True, Screen Geometry: X: 0, Y: 0, Screen Width: 1920, Screen Height: 1080]
2025-03-04 11:44:40 INFO event_listener.py:52: Created named pipe yasb-4b78c853-f8dd-11ef-a229-58cdc9ee9bc0
2025-03-04 11:44:40 INFO event_listener.py:106: Waiting for Komorebi to subscribe to named pipe yasb-4b78c853-f8dd-11ef-a229-58cdc9ee9bc0
2025-03-04 11:44:40 INFO watcher.py:39: Created file watcher for path C:\Users\bilay\.config\yasb
2025-03-04 11:44:40 DEBUG _windows.py:213: Starting (proactor: <_IocpProactor overlapped#=0 result#=0>)...
2025-03-04 11:44:40 DEBUG _windows.py:192: Thread started
2025-03-04 11:44:41 INFO event_listener.py:118: Komorebi connected to named pipe: yasb-4b78c853-f8dd-11ef-a229-58cdc9ee9bc0
2025-03-04 11:47:10 INFO log.py:21: Yasb v1.6.4
2025-03-04 11:47:10 DEBUG __init__.py:149: CoInitializeEx(None, 2)
2025-03-04 11:47:11 DEBUG win32.py:55: Looking up time zone info from registry
2025-03-04 11:47:11 INFO app_bar.py:103: Bar Created on Screen: EA232WMi [Bar Height: 40px, DPI Scale: 1.0, Scale Screen: True, Screen Geometry: X: 0, Y: 0, Screen Width: 1920, Screen Height: 1080]
2025-03-04 11:47:11 INFO event_listener.py:52: Created named pipe yasb-a50b32c6-f8dd-11ef-9193-58cdc9ee9bc0
2025-03-04 11:47:11 INFO event_listener.py:106: Waiting for Komorebi to subscribe to named pipe yasb-a50b32c6-f8dd-11ef-9193-58cdc9ee9bc0
2025-03-04 11:47:11 INFO watcher.py:39: Created file watcher for path C:\Users\bilay\.config\yasb
2025-03-04 11:47:11 DEBUG _windows.py:213: Starting (proactor: <_IocpProactor overlapped#=0 result#=0>)...
2025-03-04 11:47:11 DEBUG _windows.py:192: Thread started
2025-03-04 11:47:11 INFO event_listener.py:118: Komorebi connected to named pipe: yasb-a50b32c6-f8dd-11ef-9193-58cdc9ee9bc0
2025-03-04 11:47:52 INFO log.py:21: Yasb v1.6.4
2025-03-04 11:47:53 DEBUG __init__.py:149: CoInitializeEx(None, 2)
2025-03-04 11:47:53 DEBUG win32.py:55: Looking up time zone info from registry
2025-03-04 11:47:53 INFO app_bar.py:103: Bar Created on Screen: EA232WMi [Bar Height: 40px, DPI Scale: 1.0, Scale Screen: True, Screen Geometry: X: 0, Y: 0, Screen Width: 1920, Screen Height: 1080]
2025-03-04 11:47:53 INFO event_listener.py:52: Created named pipe yasb-be22585c-f8dd-11ef-8eb8-58cdc9ee9bc0
2025-03-04 11:47:53 INFO event_listener.py:106: Waiting for Komorebi to subscribe to named pipe yasb-be22585c-f8dd-11ef-8eb8-58cdc9ee9bc0
2025-03-04 11:47:53 INFO watcher.py:39: Created file watcher for path C:\Users\bilay\.config\yasb
2025-03-04 11:47:53 DEBUG _windows.py:213: Starting (proactor: <_IocpProactor overlapped#=0 result#=0>)...
2025-03-04 11:47:53 DEBUG _windows.py:192: Thread started
2025-03-04 11:47:53 INFO event_listener.py:118: Komorebi connected to named pipe: yasb-be22585c-f8dd-11ef-8eb8-58cdc9ee9bc0
2025-03-04 11:47:58 INFO log.py:21: Yasb v1.6.4
2025-03-04 11:47:59 DEBUG __init__.py:149: CoInitializeEx(None, 2)
2025-03-04 11:47:59 DEBUG win32.py:55: Looking up time zone info from registry
2025-03-04 11:47:59 INFO app_bar.py:103: Bar Created on Screen: EA232WMi [Bar Height: 40px, DPI Scale: 1.0, Scale Screen: True, Screen Geometry: X: 0, Y: 0, Screen Width: 1920, Screen Height: 1080]
2025-03-04 11:47:59 INFO event_listener.py:52: Created named pipe yasb-c1b25640-f8dd-11ef-9308-58cdc9ee9bc0
2025-03-04 11:47:59 INFO event_listener.py:106: Waiting for Komorebi to subscribe to named pipe yasb-c1b25640-f8dd-11ef-9308-58cdc9ee9bc0
2025-03-04 11:47:59 INFO watcher.py:39: Created file watcher for path C:\Users\bilay\.config\yasb
2025-03-04 11:47:59 DEBUG _windows.py:213: Starting (proactor: <_IocpProactor overlapped#=0 result#=0>)...
2025-03-04 11:47:59 DEBUG _windows.py:192: Thread started
2025-03-04 11:47:59 INFO event_listener.py:118: Komorebi connected to named pipe: yasb-c1b25640-f8dd-11ef-9308-58cdc9ee9bc0
2025-03-04 11:48:11 INFO log.py:21: Yasb v1.6.4
2025-03-04 11:48:11 DEBUG __init__.py:149: CoInitializeEx(None, 2)
2025-03-04 11:48:11 DEBUG win32.py:55: Looking up time zone info from registry
2025-03-04 11:48:11 INFO app_bar.py:103: Bar Created on Screen: EA232WMi [Bar Height: 40px, DPI Scale: 1.0, Scale Screen: True, Screen Geometry: X: 0, Y: 0, Screen Width: 1920, Screen Height: 1080]
2025-03-04 11:48:11 ERROR widget_builder.py:88: Failed to validate widget(s) due to invalid options  - active_window
      label_icon:
      - must be of boolean type
      
2025-03-04 11:48:11 INFO event_listener.py:52: Created named pipe yasb-c92afcbe-f8dd-11ef-ac10-58cdc9ee9bc0
2025-03-04 11:48:11 INFO event_listener.py:106: Waiting for Komorebi to subscribe to named pipe yasb-c92afcbe-f8dd-11ef-ac10-58cdc9ee9bc0
2025-03-04 11:48:11 INFO event_listener.py:118: Komorebi connected to named pipe: yasb-c92afcbe-f8dd-11ef-ac10-58cdc9ee9bc0
2025-03-04 11:48:12 ERROR event_listener.py:122: Failed to retrieve komorebi state before starting event listener: None returned. Retrying in 1 second... Is komorebi online and its binaries added to $PATH?
2025-03-04 11:48:15 ERROR event_listener.py:122: Failed to retrieve komorebi state before starting event listener: None returned. Retrying in 1 second... Is komorebi online and its binaries added to $PATH?
2025-03-04 11:48:19 ERROR event_listener.py:122: Failed to retrieve komorebi state before starting event listener: None returned. Retrying in 1 second... Is komorebi online and its binaries added to $PATH?
2025-03-04 11:48:22 ERROR event_listener.py:122: Failed to retrieve komorebi state before starting event listener: None returned. Retrying in 1 second... Is komorebi online and its binaries added to $PATH?
2025-03-04 11:48:25 ERROR event_listener.py:122: Failed to retrieve komorebi state before starting event listener: None returned. Retrying in 1 second... Is komorebi online and its binaries added to $PATH?
2025-03-04 11:48:34 INFO log.py:21: Yasb v1.6.4
2025-03-04 11:48:35 DEBUG __init__.py:149: CoInitializeEx(None, 2)
2025-03-04 11:48:35 DEBUG win32.py:55: Looking up time zone info from registry
2025-03-04 11:48:35 INFO app_bar.py:103: Bar Created on Screen: EA232WMi [Bar Height: 40px, DPI Scale: 1.0, Scale Screen: True, Screen Geometry: X: 0, Y: 0, Screen Width: 1920, Screen Height: 1080]
2025-03-04 11:48:35 INFO event_listener.py:52: Created named pipe yasb-d72d0575-f8dd-11ef-8b2e-58cdc9ee9bc0
2025-03-04 11:48:35 INFO event_listener.py:106: Waiting for Komorebi to subscribe to named pipe yasb-d72d0575-f8dd-11ef-8b2e-58cdc9ee9bc0
2025-03-04 11:48:35 INFO watcher.py:39: Created file watcher for path C:\Users\bilay\.config\yasb
2025-03-04 11:48:35 DEBUG _windows.py:213: Starting (proactor: <_IocpProactor overlapped#=0 result#=0>)...
2025-03-04 11:48:35 DEBUG _windows.py:192: Thread started
2025-03-04 11:48:35 INFO event_listener.py:118: Komorebi connected to named pipe: yasb-d72d0575-f8dd-11ef-8b2e-58cdc9ee9bc0
2025-03-04 11:49:14 INFO log.py:21: Yasb v1.6.4
2025-03-04 11:49:14 DEBUG __init__.py:149: CoInitializeEx(None, 2)
2025-03-04 11:49:14 DEBUG win32.py:55: Looking up time zone info from registry
2025-03-04 11:49:14 INFO app_bar.py:103: Bar Created on Screen: EA232WMi [Bar Height: 40px, DPI Scale: 1.0, Scale Screen: True, Screen Geometry: X: 0, Y: 0, Screen Width: 1920, Screen Height: 1080]
2025-03-04 11:49:14 ERROR widget_builder.py:88: Failed to validate widget(s) due to invalid options  - volume
      callbacks:
      - o_rnight:
        - unknown field
      
2025-03-04 11:49:14 INFO event_listener.py:52: Created named pipe yasb-ee8fb834-f8dd-11ef-96b0-58cdc9ee9bc0
2025-03-04 11:49:14 INFO event_listener.py:106: Waiting for Komorebi to subscribe to named pipe yasb-ee8fb834-f8dd-11ef-96b0-58cdc9ee9bc0
2025-03-04 11:49:30 INFO log.py:21: Yasb v1.6.4
2025-03-04 11:49:31 DEBUG __init__.py:149: CoInitializeEx(None, 2)
2025-03-04 11:49:31 DEBUG win32.py:55: Looking up time zone info from registry
2025-03-04 11:49:31 INFO app_bar.py:103: Bar Created on Screen: EA232WMi [Bar Height: 40px, DPI Scale: 1.0, Scale Screen: True, Screen Geometry: X: 0, Y: 0, Screen Width: 1920, Screen Height: 1080]
2025-03-04 11:49:31 ERROR widget_builder.py:88: Failed to validate widget(s) due to invalid options  - volume
      callbacks:
      - no_right:
        - unknown field
      
2025-03-04 11:49:31 INFO event_listener.py:52: Created named pipe yasb-f88269dc-f8dd-11ef-b475-58cdc9ee9bc0
2025-03-04 11:49:31 INFO event_listener.py:106: Waiting for Komorebi to subscribe to named pipe yasb-f88269dc-f8dd-11ef-b475-58cdc9ee9bc0
2025-03-04 11:49:31 INFO event_listener.py:118: Komorebi connected to named pipe: yasb-f88269dc-f8dd-11ef-b475-58cdc9ee9bc0
2025-03-04 11:49:32 ERROR event_listener.py:122: Failed to retrieve komorebi state before starting event listener: None returned. Retrying in 1 second... Is komorebi online and its binaries added to $PATH?
2025-03-04 11:49:35 ERROR event_listener.py:122: Failed to retrieve komorebi state before starting event listener: None returned. Retrying in 1 second... Is komorebi online and its binaries added to $PATH?
2025-03-04 11:49:38 ERROR event_listener.py:122: Failed to retrieve komorebi state before starting event listener: None returned. Retrying in 1 second... Is komorebi online and its binaries added to $PATH?
2025-03-04 11:49:45 INFO log.py:21: Yasb v1.6.4
2025-03-04 11:49:45 DEBUG __init__.py:149: CoInitializeEx(None, 2)
2025-03-04 11:49:45 DEBUG win32.py:55: Looking up time zone info from registry
2025-03-04 11:49:45 INFO app_bar.py:103: Bar Created on Screen: EA232WMi [Bar Height: 40px, DPI Scale: 1.0, Scale Screen: True, Screen Geometry: X: 0, Y: 0, Screen Width: 1920, Screen Height: 1080]
2025-03-04 11:49:45 INFO event_listener.py:52: Created named pipe yasb-0144fa3d-f8de-11ef-bf88-58cdc9ee9bc0
2025-03-04 11:49:45 INFO event_listener.py:106: Waiting for Komorebi to subscribe to named pipe yasb-0144fa3d-f8de-11ef-bf88-58cdc9ee9bc0
2025-03-04 11:49:45 INFO watcher.py:39: Created file watcher for path C:\Users\bilay\.config\yasb
2025-03-04 11:49:45 DEBUG _windows.py:213: Starting (proactor: <_IocpProactor overlapped#=0 result#=0>)...
2025-03-04 11:49:45 DEBUG _windows.py:192: Thread started
2025-03-04 11:49:46 INFO event_listener.py:118: Komorebi connected to named pipe: yasb-0144fa3d-f8de-11ef-bf88-58cdc9ee9bc0
2025-03-04 11:50:34 INFO log.py:21: Yasb v1.6.4
2025-03-04 11:50:34 DEBUG __init__.py:149: CoInitializeEx(None, 2)
2025-03-04 11:50:34 DEBUG win32.py:55: Looking up time zone info from registry
2025-03-04 11:50:34 INFO app_bar.py:103: Bar Created on Screen: EA232WMi [Bar Height: 40px, DPI Scale: 1.0, Scale Screen: True, Screen Geometry: X: 0, Y: 0, Screen Width: 1920, Screen Height: 1080]
2025-03-04 11:50:34 INFO event_listener.py:52: Created named pipe yasb-1e40ce6f-f8de-11ef-8bcf-58cdc9ee9bc0
2025-03-04 11:50:34 INFO event_listener.py:106: Waiting for Komorebi to subscribe to named pipe yasb-1e40ce6f-f8de-11ef-8bcf-58cdc9ee9bc0
2025-03-04 11:50:34 INFO watcher.py:39: Created file watcher for path C:\Users\bilay\.config\yasb
2025-03-04 11:50:34 DEBUG _windows.py:213: Starting (proactor: <_IocpProactor overlapped#=0 result#=0>)...
2025-03-04 11:50:34 DEBUG _windows.py:192: Thread started
2025-03-04 11:50:34 INFO event_listener.py:118: Komorebi connected to named pipe: yasb-1e40ce6f-f8de-11ef-8bcf-58cdc9ee9bc0
2025-03-04 11:51:11 INFO log.py:21: Yasb v1.6.4
2025-03-04 11:51:11 DEBUG __init__.py:149: CoInitializeEx(None, 2)
2025-03-04 11:51:11 DEBUG win32.py:55: Looking up time zone info from registry
2025-03-04 11:51:11 INFO app_bar.py:103: Bar Created on Screen: EA232WMi [Bar Height: 40px, DPI Scale: 1.0, Scale Screen: True, Screen Geometry: X: 0, Y: 0, Screen Width: 1920, Screen Height: 1080]
2025-03-04 11:51:11 INFO event_listener.py:52: Created named pipe yasb-3477b6c5-f8de-11ef-945f-58cdc9ee9bc0
2025-03-04 11:51:11 INFO event_listener.py:106: Waiting for Komorebi to subscribe to named pipe yasb-3477b6c5-f8de-11ef-945f-58cdc9ee9bc0
2025-03-04 11:51:11 INFO watcher.py:39: Created file watcher for path C:\Users\bilay\.config\yasb
2025-03-04 11:51:11 DEBUG _windows.py:213: Starting (proactor: <_IocpProactor overlapped#=0 result#=0>)...
2025-03-04 11:51:11 DEBUG _windows.py:192: Thread started
2025-03-04 11:51:11 INFO event_listener.py:118: Komorebi connected to named pipe: yasb-3477b6c5-f8de-11ef-945f-58cdc9ee9bc0
2025-03-04 11:51:18 INFO log.py:21: Yasb v1.6.4
2025-03-04 11:51:18 DEBUG __init__.py:149: CoInitializeEx(None, 2)
2025-03-04 11:51:18 DEBUG win32.py:55: Looking up time zone info from registry
2025-03-04 11:51:19 INFO app_bar.py:103: Bar Created on Screen: EA232WMi [Bar Height: 40px, DPI Scale: 1.0, Scale Screen: True, Screen Geometry: X: 0, Y: 0, Screen Width: 1920, Screen Height: 1080]
2025-03-04 11:51:19 INFO event_listener.py:52: Created named pipe yasb-38d5fd45-f8de-11ef-ba6a-58cdc9ee9bc0
2025-03-04 11:51:19 INFO event_listener.py:106: Waiting for Komorebi to subscribe to named pipe yasb-38d5fd45-f8de-11ef-ba6a-58cdc9ee9bc0
2025-03-04 11:51:19 INFO watcher.py:39: Created file watcher for path C:\Users\bilay\.config\yasb
2025-03-04 11:51:19 DEBUG _windows.py:213: Starting (proactor: <_IocpProactor overlapped#=0 result#=0>)...
2025-03-04 11:51:19 DEBUG _windows.py:192: Thread started
2025-03-04 11:51:19 INFO event_listener.py:118: Komorebi connected to named pipe: yasb-38d5fd45-f8de-11ef-ba6a-58cdc9ee9bc0
2025-03-04 11:53:25 ERROR bar_manager.py:53: Error loading config: while scanning for the next token
found character '\t' that cannot start any token
  in "C:\Users\bilay\.config\yasb\config.yaml", line 150, column 27
2025-03-04 11:53:25 ERROR bar_manager.py:53: Error loading config: while scanning for the next token
found character '\t' that cannot start any token
  in "C:\Users\bilay\.config\yasb\config.yaml", line 150, column 27
2025-03-04 11:53:25 ERROR bar_manager.py:53: Error loading config: while scanning for the next token
found character '\t' that cannot start any token
  in "C:\Users\bilay\.config\yasb\config.yaml", line 150, column 27
2025-03-04 11:53:47 INFO log.py:21: Yasb v1.6.4
2025-03-04 11:53:47 DEBUG __init__.py:149: CoInitializeEx(None, 2)
2025-03-04 11:53:47 DEBUG win32.py:55: Looking up time zone info from registry
2025-03-04 11:53:47 INFO app_bar.py:103: Bar Created on Screen: EA232WMi [Bar Height: 40px, DPI Scale: 1.0, Scale Screen: True, Screen Geometry: X: 0, Y: 0, Screen Width: 1920, Screen Height: 1080]
2025-03-04 11:53:47 INFO event_listener.py:52: Created named pipe yasb-916d7cc1-f8de-11ef-b8dc-58cdc9ee9bc0
2025-03-04 11:53:47 INFO event_listener.py:106: Waiting for Komorebi to subscribe to named pipe yasb-916d7cc1-f8de-11ef-b8dc-58cdc9ee9bc0
2025-03-04 11:53:47 INFO watcher.py:39: Created file watcher for path C:\Users\bilay\.config\yasb
2025-03-04 11:53:47 DEBUG _windows.py:213: Starting (proactor: <_IocpProactor overlapped#=0 result#=0>)...
2025-03-04 11:53:47 DEBUG _windows.py:192: Thread started
2025-03-04 11:53:47 INFO event_listener.py:118: Komorebi connected to named pipe: yasb-916d7cc1-f8de-11ef-b8dc-58cdc9ee9bc0
2025-03-04 11:55:10 INFO bar_manager.py:46: Successfully loaded updated stylesheet and applied to all bars.
2025-03-04 11:55:15 INFO bar_manager.py:46: Successfully loaded updated stylesheet and applied to all bars.
2025-03-04 11:55:26 INFO bar_manager.py:46: Successfully loaded updated stylesheet and applied to all bars.
2025-03-04 11:55:28 INFO bar_manager.py:46: Successfully loaded updated stylesheet and applied to all bars.
2025-03-04 11:55:30 INFO bar_manager.py:46: Successfully loaded updated stylesheet and applied to all bars.
2025-03-04 11:55:48 INFO bar_manager.py:46: Successfully loaded updated stylesheet and applied to all bars.
2025-03-04 11:55:55 INFO bar_manager.py:46: Successfully loaded updated stylesheet and applied to all bars.
2025-03-04 11:56:01 INFO bar_manager.py:46: Successfully loaded updated stylesheet and applied to all bars.
2025-03-04 11:56:08 INFO bar_manager.py:46: Successfully loaded updated stylesheet and applied to all bars.
2025-03-04 11:56:11 INFO bar_manager.py:46: Successfully loaded updated stylesheet and applied to all bars.
2025-03-04 11:56:43 INFO bar_manager.py:46: Successfully loaded updated stylesheet and applied to all bars.
2025-03-04 11:57:14 INFO bar_manager.py:46: Successfully loaded updated stylesheet and applied to all bars.
2025-03-04 11:57:23 INFO bar_manager.py:46: Successfully loaded updated stylesheet and applied to all bars.
2025-03-04 11:57:48 INFO bar_manager.py:46: Successfully loaded updated stylesheet and applied to all bars.
2025-03-04 11:57:58 INFO bar_manager.py:46: Successfully loaded updated stylesheet and applied to all bars.
2025-03-04 11:58:03 INFO bar_manager.py:46: Successfully loaded updated stylesheet and applied to all bars.
2025-03-04 11:58:06 INFO bar_manager.py:46: Successfully loaded updated stylesheet and applied to all bars.
2025-03-04 12:45:28 INFO log.py:21: Yasb v1.6.4
2025-03-04 12:45:28 DEBUG win32.py:55: Looking up time zone info from registry
2025-03-04 12:45:30 DEBUG __init__.py:149: CoInitializeEx(None, 2)
2025-03-04 12:45:30 INFO app_bar.py:103: Bar Created on Screen: EA232WMi [Bar Height: 50px, DPI Scale: 1.0, Scale Screen: True, Screen Geometry: X: 0, Y: 0, Screen Width: 1920, Screen Height: 1080]
2025-03-04 12:45:30 INFO event_listener.py:52: Created named pipe yasb-caf9b2e0-f8e5-11ef-9967-58cdc9ee9bc0
2025-03-04 12:45:30 INFO event_listener.py:106: Waiting for Komorebi to subscribe to named pipe yasb-caf9b2e0-f8e5-11ef-9967-58cdc9ee9bc0
2025-03-04 12:45:30 INFO watcher.py:39: Created file watcher for path C:\Users\bilay\.config\yasb
2025-03-04 12:45:30 DEBUG _windows.py:213: Starting (proactor: <_IocpProactor overlapped#=0 result#=0>)...
2025-03-04 12:45:30 DEBUG _windows.py:192: Thread started
2025-03-04 12:45:30 INFO event_listener.py:118: Komorebi connected to named pipe: yasb-caf9b2e0-f8e5-11ef-9967-58cdc9ee9bc0
2025-03-04 12:47:22 INFO bar.py:98: Screen geometry changed. Updating position for bar (status-bar_EA232WMi_343beee5)
2025-03-04 12:47:22 INFO app_bar.py:103: Bar Created on Screen: EA232WMi [Bar Height: 50px, DPI Scale: 1.0, Scale Screen: True, Screen Geometry: X: 0, Y: 0, Screen Width: 1280, Screen Height: 720]
2025-03-04 12:47:22 INFO bar.py:98: Screen geometry changed. Updating position for bar (status-bar_EA232WMi_343beee5)
2025-03-04 12:47:22 INFO app_bar.py:103: Bar Created on Screen: EA232WMi [Bar Height: 50px, DPI Scale: 1.0, Scale Screen: True, Screen Geometry: X: 0, Y: 0, Screen Width: 1920, Screen Height: 1080]
2025-03-04 16:20:44 WARNING event_listener.py:83: Pipe has been ended: (109, 'PeekNamedPipe', 'The pipe has been ended.')
2025-03-04 16:20:44 INFO event_listener.py:93: Attempting to reconnect...
2025-03-04 16:51:36 INFO log.py:21: Yasb v1.6.4
2025-03-04 16:51:36 DEBUG win32.py:55: Looking up time zone info from registry
2025-03-04 16:51:37 DEBUG __init__.py:149: CoInitializeEx(None, 2)
2025-03-04 16:51:38 INFO app_bar.py:103: Bar Created on Screen: EA232WMi [Bar Height: 50px, DPI Scale: 1.0, Scale Screen: True, Screen Geometry: X: 0, Y: 0, Screen Width: 1920, Screen Height: 1080]
2025-03-04 16:51:38 INFO event_listener.py:52: Created named pipe yasb-2d08aefe-f908-11ef-a72a-58cdc9ee9bc0
2025-03-04 16:51:38 INFO event_listener.py:106: Waiting for Komorebi to subscribe to named pipe yasb-2d08aefe-f908-11ef-a72a-58cdc9ee9bc0
2025-03-04 16:51:38 INFO watcher.py:39: Created file watcher for path C:\Users\bilay\.config\yasb
2025-03-04 16:51:38 DEBUG _windows.py:213: Starting (proactor: <_IocpProactor overlapped#=0 result#=0>)...
2025-03-04 16:51:38 DEBUG _windows.py:192: Thread started
2025-03-04 16:51:38 INFO event_listener.py:118: Komorebi connected to named pipe: yasb-2d08aefe-f908-11ef-a72a-58cdc9ee9bc0
2025-03-04 17:09:08 INFO log.py:21: Yasb v1.6.4
2025-03-04 17:09:08 ERROR main.py:82: Another instance of the YASB is already running.
2025-03-04 17:09:13 WARNING event_listener.py:83: Pipe has been ended: (109, 'PeekNamedPipe', 'The pipe has been ended.')
2025-03-04 17:09:13 INFO event_listener.py:93: Attempting to reconnect...
2025-03-04 17:09:18 INFO event_listener.py:52: Created named pipe yasb-2d08aefe-f908-11ef-a72a-58cdc9ee9bc0
2025-03-04 17:09:18 INFO event_listener.py:106: Waiting for Komorebi to subscribe to named pipe yasb-2d08aefe-f908-11ef-a72a-58cdc9ee9bc0
2025-03-04 17:09:18 INFO event_listener.py:118: Komorebi connected to named pipe: yasb-2d08aefe-f908-11ef-a72a-58cdc9ee9bc0
2025-03-04 17:29:57 INFO log.py:21: Yasb v1.6.4
2025-03-04 17:29:57 ERROR main.py:82: Another instance of the YASB is already running.
2025-03-04 17:30:06 INFO tray.py:241: Reloading Application...
2025-03-04 17:30:06 INFO log.py:21: Yasb v1.6.4
2025-03-04 17:30:06 DEBUG win32.py:55: Looking up time zone info from registry
2025-03-04 17:30:08 DEBUG __init__.py:149: CoInitializeEx(None, 2)
2025-03-04 17:30:08 INFO app_bar.py:103: Bar Created on Screen: EA232WMi [Bar Height: 50px, DPI Scale: 1.0, Scale Screen: True, Screen Geometry: X: 0, Y: 0, Screen Width: 1920, Screen Height: 1080]
2025-03-04 17:30:08 INFO event_listener.py:52: Created named pipe yasb-8dfd58d5-f90d-11ef-9b14-58cdc9ee9bc0
2025-03-04 17:30:08 INFO event_listener.py:106: Waiting for Komorebi to subscribe to named pipe yasb-8dfd58d5-f90d-11ef-9b14-58cdc9ee9bc0
2025-03-04 17:30:08 INFO watcher.py:39: Created file watcher for path C:\Users\bilay\.config\yasb
2025-03-04 17:30:08 DEBUG _windows.py:213: Starting (proactor: <_IocpProactor overlapped#=0 result#=0>)...
2025-03-04 17:30:08 DEBUG _windows.py:192: Thread started
2025-03-04 17:30:08 INFO event_listener.py:118: Komorebi connected to named pipe: yasb-8dfd58d5-f90d-11ef-9b14-58cdc9ee9bc0
2025-03-04 17:53:35 WARNING event_listener.py:83: Pipe has been ended: (109, 'PeekNamedPipe', 'The pipe has been ended.')
2025-03-04 17:53:35 INFO event_listener.py:93: Attempting to reconnect...
2025-03-04 19:33:27 INFO log.py:21: Yasb v1.6.4
2025-03-04 19:33:27 DEBUG win32.py:55: Looking up time zone info from registry
2025-03-04 19:33:29 DEBUG __init__.py:149: CoInitializeEx(None, 2)
2025-03-04 19:33:29 INFO app_bar.py:103: Bar Created on Screen: EA232WMi [Bar Height: 50px, DPI Scale: 1.0, Scale Screen: True, Screen Geometry: X: 0, Y: 0, Screen Width: 1920, Screen Height: 1080]
2025-03-04 19:33:29 INFO event_listener.py:52: Created named pipe yasb-c978e5c6-f91e-11ef-adbf-58cdc9ee9bc0
2025-03-04 19:33:29 INFO event_listener.py:106: Waiting for Komorebi to subscribe to named pipe yasb-c978e5c6-f91e-11ef-adbf-58cdc9ee9bc0
2025-03-04 19:33:29 INFO watcher.py:39: Created file watcher for path C:\Users\bilay\.config\yasb
2025-03-04 19:33:29 DEBUG _windows.py:213: Starting (proactor: <_IocpProactor overlapped#=0 result#=0>)...
2025-03-04 19:33:29 DEBUG _windows.py:192: Thread started
2025-03-04 19:33:29 INFO event_listener.py:118: Komorebi connected to named pipe: yasb-c978e5c6-f91e-11ef-adbf-58cdc9ee9bc0
2025-03-04 20:31:15 WARNING event_listener.py:83: Pipe has been ended: (109, 'PeekNamedPipe', 'The pipe has been ended.')
2025-03-04 20:31:15 INFO event_listener.py:93: Attempting to reconnect...
2025-03-15 11:38:39 INFO log.py:21: Yasb v1.6.4
2025-03-15 11:38:40 DEBUG win32.py:55: Looking up time zone info from registry
2025-03-15 11:38:41 DEBUG __init__.py:149: CoInitializeEx(None, 2)
2025-03-15 11:38:41 INFO app_bar.py:103: Bar Created on Screen: EA232WMi [Bar Height: 50px, DPI Scale: 1.0, Scale Screen: True, Screen Geometry: X: 0, Y: 0, Screen Width: 1920, Screen Height: 1080]
2025-03-15 11:38:42 INFO event_listener.py:52: Created named pipe yasb-4818a6b2-0181-11f0-8339-58cdc9ee9bc0
2025-03-15 11:38:42 INFO event_listener.py:106: Waiting for Komorebi to subscribe to named pipe yasb-4818a6b2-0181-11f0-8339-58cdc9ee9bc0
2025-03-15 11:38:42 INFO watcher.py:39: Created file watcher for path C:\Users\bilay\.config\yasb
2025-03-15 11:38:42 DEBUG _windows.py:213: Starting (proactor: <_IocpProactor overlapped#=0 result#=0>)...
2025-03-15 11:38:42 DEBUG _windows.py:192: Thread started
2025-03-15 11:38:42 WARNING event_listener.py:111: Komorebi failed to subscribe named pipe. Waiting for subscription...
2025-03-15 11:38:52 INFO event_listener.py:118: Komorebi connected to named pipe: yasb-4818a6b2-0181-11f0-8339-58cdc9ee9bc0
2025-03-15 12:04:27 DEBUG _windows.py:218: Stopping worker thread...
2025-03-15 12:04:27 DEBUG _windows.py:201: Exiting thread
2025-03-15 12:04:27 DEBUG _windows.py:75: Closing
2025-03-15 12:06:24 INFO log.py:21: Yasb v1.6.5
2025-03-15 12:06:24 DEBUG win32.py:55: Looking up time zone info from registry
2025-03-15 12:06:26 DEBUG __init__.py:149: CoInitializeEx(None, 2)
2025-03-15 12:06:26 INFO app_bar.py:103: Bar Created on Screen: EA232WMi [Bar Height: 50px, DPI Scale: 1.0, Scale Screen: True, Screen Geometry: X: 0, Y: 0, Screen Width: 1920, Screen Height: 1080]
2025-03-15 12:06:26 INFO event_listener.py:52: Created named pipe yasb-28549db5-0185-11f0-9da5-58cdc9ee9bc0
2025-03-15 12:06:26 INFO event_listener.py:106: Waiting for Komorebi to subscribe to named pipe yasb-28549db5-0185-11f0-9da5-58cdc9ee9bc0
2025-03-15 12:06:26 INFO watcher.py:39: Created file watcher for path C:\Users\bilay\.config\yasb
2025-03-15 12:06:26 DEBUG _windows.py:213: Starting (proactor: <_IocpProactor overlapped#=0 result#=0>)...
2025-03-15 12:06:26 DEBUG _windows.py:192: Thread started
2025-03-15 12:06:26 INFO event_listener.py:118: Komorebi connected to named pipe: yasb-28549db5-0185-11f0-9da5-58cdc9ee9bc0
2025-03-15 12:45:51 INFO log.py:21: Yasb v1.6.5
2025-03-15 12:45:51 ERROR main.py:82: Another instance of the YASB is already running.
2025-03-15 12:46:09 WARNING event_listener.py:83: Pipe has been ended: (109, 'PeekNamedPipe', 'The pipe has been ended.')
2025-03-15 12:46:09 INFO event_listener.py:93: Attempting to reconnect...
2025-03-15 12:46:14 INFO event_listener.py:52: Created named pipe yasb-28549db5-0185-11f0-9da5-58cdc9ee9bc0
2025-03-15 12:46:14 INFO event_listener.py:106: Waiting for Komorebi to subscribe to named pipe yasb-28549db5-0185-11f0-9da5-58cdc9ee9bc0
2025-03-15 12:46:14 INFO event_listener.py:118: Komorebi connected to named pipe: yasb-28549db5-0185-11f0-9da5-58cdc9ee9bc0
2025-03-15 13:05:13 INFO bar_manager.py:66: Screens updated. Re-initialising all bars.
2025-03-15 13:05:13 INFO log.py:21: Yasb v1.6.5
2025-03-15 13:05:13 DEBUG win32.py:55: Looking up time zone info from registry
2025-03-15 13:05:15 DEBUG __init__.py:149: CoInitializeEx(None, 2)
2025-03-15 13:05:15 INFO bar_manager.py:66: Screens updated. Re-initialising all bars.
2025-03-15 13:05:15 INFO log.py:21: Yasb v1.6.5
2025-03-15 13:05:15 DEBUG win32.py:55: Looking up time zone info from registry
2025-03-15 13:05:16 DEBUG __init__.py:149: CoInitializeEx(None, 2)
2025-03-15 13:05:16 INFO app_bar.py:103: Bar Created on Screen: EA232WMi [Bar Height: 50px, DPI Scale: 1.0, Scale Screen: True, Screen Geometry: X: 0, Y: 0, Screen Width: 1920, Screen Height: 1080]
2025-03-15 13:05:16 INFO event_listener.py:52: Created named pipe yasb-6038d97e-018d-11f0-a850-58cdc9ee9bc0
2025-03-15 13:05:16 INFO event_listener.py:106: Waiting for Komorebi to subscribe to named pipe yasb-6038d97e-018d-11f0-a850-58cdc9ee9bc0
2025-03-15 13:05:16 INFO watcher.py:39: Created file watcher for path C:\Users\bilay\.config\yasb
2025-03-15 13:05:16 DEBUG _windows.py:213: Starting (proactor: <_IocpProactor overlapped#=0 result#=0>)...
2025-03-15 13:05:16 DEBUG _windows.py:192: Thread started
2025-03-15 13:05:16 INFO event_listener.py:118: Komorebi connected to named pipe: yasb-6038d97e-018d-11f0-a850-58cdc9ee9bc0
2025-03-15 13:05:56 WARNING event_listener.py:83: Pipe has been ended: (109, 'PeekNamedPipe', 'The pipe has been ended.')
2025-03-15 13:05:56 INFO event_listener.py:93: Attempting to reconnect...
2025-03-15 13:09:26 INFO log.py:21: Yasb v1.6.5
2025-03-15 13:09:26 DEBUG win32.py:55: Looking up time zone info from registry
2025-03-15 13:09:28 DEBUG __init__.py:149: CoInitializeEx(None, 2)
2025-03-15 13:09:28 INFO app_bar.py:103: Bar Created on Screen: EA232WMi [Bar Height: 50px, DPI Scale: 1.0, Scale Screen: True, Screen Geometry: X: 0, Y: 0, Screen Width: 1920, Screen Height: 1080]
2025-03-15 13:09:28 INFO event_listener.py:52: Created named pipe yasb-f670ca2f-018d-11f0-ae35-58cdc9ee9bc0
2025-03-15 13:09:28 INFO event_listener.py:106: Waiting for Komorebi to subscribe to named pipe yasb-f670ca2f-018d-11f0-ae35-58cdc9ee9bc0
2025-03-15 13:09:28 INFO watcher.py:39: Created file watcher for path C:\Users\bilay\.config\yasb
2025-03-15 13:09:28 DEBUG _windows.py:213: Starting (proactor: <_IocpProactor overlapped#=0 result#=0>)...
2025-03-15 13:09:28 DEBUG _windows.py:192: Thread started
2025-03-15 13:09:50 INFO tray.py:241: Reloading Application...
2025-03-15 13:09:50 INFO log.py:21: Yasb v1.6.5
2025-03-15 13:09:50 DEBUG win32.py:55: Looking up time zone info from registry
2025-03-15 13:09:50 DEBUG __init__.py:149: CoInitializeEx(None, 2)
2025-03-15 13:09:50 INFO app_bar.py:103: Bar Created on Screen: EA232WMi [Bar Height: 50px, DPI Scale: 1.0, Scale Screen: True, Screen Geometry: X: 0, Y: 0, Screen Width: 1920, Screen Height: 1080]
2025-03-15 13:09:50 INFO event_listener.py:52: Created named pipe yasb-03a5df8f-018e-11f0-b78c-58cdc9ee9bc0
2025-03-15 13:09:50 INFO event_listener.py:106: Waiting for Komorebi to subscribe to named pipe yasb-03a5df8f-018e-11f0-b78c-58cdc9ee9bc0
2025-03-15 13:09:50 INFO watcher.py:39: Created file watcher for path C:\Users\bilay\.config\yasb
2025-03-15 13:09:50 DEBUG _windows.py:213: Starting (proactor: <_IocpProactor overlapped#=0 result#=0>)...
2025-03-15 13:09:50 DEBUG _windows.py:192: Thread started
2025-03-15 13:09:50 INFO event_listener.py:118: Komorebi connected to named pipe: yasb-03a5df8f-018e-11f0-b78c-58cdc9ee9bc0
2025-03-15 13:48:53 INFO bar.py:100: Screen geometry changed. Updating position for bar (status-bar_EA232WMi_acee1dbc)
2025-03-15 13:48:53 INFO app_bar.py:103: Bar Created on Screen: EA232WMi [Bar Height: 50px, DPI Scale: 1.0, Scale Screen: True, Screen Geometry: X: 0, Y: 0, Screen Width: 1280, Screen Height: 720]
2025-03-15 13:48:53 INFO bar.py:100: Screen geometry changed. Updating position for bar (status-bar_EA232WMi_acee1dbc)
2025-03-15 13:48:53 INFO app_bar.py:103: Bar Created on Screen: EA232WMi [Bar Height: 50px, DPI Scale: 1.0, Scale Screen: True, Screen Geometry: X: 0, Y: 0, Screen Width: 1920, Screen Height: 1080]
2025-03-15 18:52:49 DEBUG _windows.py:218: Stopping worker thread...
2025-03-15 18:52:49 DEBUG _windows.py:201: Exiting thread
2025-03-15 18:52:49 DEBUG _windows.py:75: Closing
2025-03-15 18:52:50 ERROR event_service.py:30: Failed to emit signal <bound PYQT_SIGNAL window_name_change of ActiveWindowWidget object at 0x0000029EB6991270>. Removing link to WinEvent.EventObjectStateChange.
2025-03-15 18:52:50 ERROR event_service.py:30: Failed to emit signal <bound PYQT_SIGNAL k_signal_update of WorkspaceWidget object at 0x0000029EB5C7AD50>. Removing link to KomorebiEvent.KomorebiUpdate.
2025-03-15 18:54:41 INFO log.py:21: Yasb v1.6.5
2025-03-15 18:54:42 DEBUG win32.py:55: Looking up time zone info from registry
2025-03-15 18:54:43 DEBUG __init__.py:149: CoInitializeEx(None, 2)
2025-03-15 18:54:43 INFO app_bar.py:103: Bar Created on Screen: EA232WMi [Bar Height: 50px, DPI Scale: 1.0, Scale Screen: True, Screen Geometry: X: 0, Y: 0, Screen Width: 1920, Screen Height: 1080]
2025-03-15 18:54:44 INFO event_listener.py:52: Created named pipe yasb-31eb0c82-01be-11f0-bd0a-58cdc9ee9bc0
2025-03-15 18:54:44 INFO event_listener.py:106: Waiting for Komorebi to subscribe to named pipe yasb-31eb0c82-01be-11f0-bd0a-58cdc9ee9bc0
2025-03-15 18:54:44 INFO watcher.py:39: Created file watcher for path C:\Users\bilay\.config\yasb
2025-03-15 18:54:44 DEBUG _windows.py:213: Starting (proactor: <_IocpProactor overlapped#=0 result#=0>)...
2025-03-15 18:54:44 DEBUG _windows.py:192: Thread started
2025-03-15 18:54:44 INFO event_listener.py:118: Komorebi connected to named pipe: yasb-31eb0c82-01be-11f0-bd0a-58cdc9ee9bc0
2025-03-15 21:19:28 WARNING event_listener.py:83: Pipe has been ended: (109, 'PeekNamedPipe', 'The pipe has been ended.')
2025-03-15 21:19:28 INFO event_listener.py:93: Attempting to reconnect...
2025-03-16 11:36:23 INFO log.py:21: Yasb v1.6.5
2025-03-16 11:36:23 DEBUG win32.py:55: Looking up time zone info from registry
2025-03-16 11:36:25 DEBUG __init__.py:149: CoInitializeEx(None, 2)
2025-03-16 11:36:25 INFO app_bar.py:103: Bar Created on Screen: EA232WMi [Bar Height: 50px, DPI Scale: 1.0, Scale Screen: True, Screen Geometry: X: 0, Y: 0, Screen Width: 1920, Screen Height: 1080]
2025-03-16 11:36:25 INFO event_listener.py:52: Created named pipe yasb-2136556c-024a-11f0-9b25-58cdc9ee9bc0
2025-03-16 11:36:25 INFO event_listener.py:106: Waiting for Komorebi to subscribe to named pipe yasb-2136556c-024a-11f0-9b25-58cdc9ee9bc0
2025-03-16 11:36:25 INFO watcher.py:39: Created file watcher for path C:\Users\bilay\.config\yasb
2025-03-16 11:36:25 DEBUG _windows.py:213: Starting (proactor: <_IocpProactor overlapped#=0 result#=0>)...
2025-03-16 11:36:25 DEBUG _windows.py:192: Thread started
2025-03-16 11:36:25 INFO event_listener.py:118: Komorebi connected to named pipe: yasb-2136556c-024a-11f0-9b25-58cdc9ee9bc0
2025-03-16 12:27:26 WARNING event_listener.py:83: Pipe has been ended: (109, 'PeekNamedPipe', 'The pipe has been ended.')
2025-03-16 12:27:26 INFO event_listener.py:93: Attempting to reconnect...
2025-03-16 12:27:31 INFO event_listener.py:52: Created named pipe yasb-2136556c-024a-11f0-9b25-58cdc9ee9bc0
2025-03-16 12:27:31 INFO event_listener.py:106: Waiting for Komorebi to subscribe to named pipe yasb-2136556c-024a-11f0-9b25-58cdc9ee9bc0
2025-03-16 12:27:31 WARNING event_listener.py:111: Komorebi failed to subscribe named pipe. Waiting for subscription...
2025-03-16 12:28:21 INFO event_listener.py:118: Komorebi connected to named pipe: yasb-2136556c-024a-11f0-9b25-58cdc9ee9bc0
2025-03-16 12:28:38 WARNING event_listener.py:83: Pipe has been ended: (109, 'PeekNamedPipe', 'The pipe has been ended.')
2025-03-16 12:28:38 INFO event_listener.py:93: Attempting to reconnect...
2025-03-16 12:28:43 INFO event_listener.py:52: Created named pipe yasb-2136556c-024a-11f0-9b25-58cdc9ee9bc0
2025-03-16 12:28:43 INFO event_listener.py:106: Waiting for Komorebi to subscribe to named pipe yasb-2136556c-024a-11f0-9b25-58cdc9ee9bc0
2025-03-16 12:28:43 WARNING event_listener.py:111: Komorebi failed to subscribe named pipe. Waiting for subscription...
2025-03-16 12:29:13 INFO event_listener.py:118: Komorebi connected to named pipe: yasb-2136556c-024a-11f0-9b25-58cdc9ee9bc0
2025-03-16 12:33:05 WARNING event_listener.py:83: Pipe has been ended: (109, 'PeekNamedPipe', 'The pipe has been ended.')
2025-03-16 12:33:05 INFO event_listener.py:93: Attempting to reconnect...
2025-03-16 12:33:06 INFO tray.py:247: Exiting Application...
2025-03-16 12:33:06 DEBUG _windows.py:218: Stopping worker thread...
2025-03-16 12:33:06 DEBUG _windows.py:201: Exiting thread
2025-03-16 12:33:06 DEBUG _windows.py:75: Closing
2025-03-16 12:35:23 INFO log.py:21: Yasb v1.6.5
2025-03-16 12:35:23 DEBUG win32.py:55: Looking up time zone info from registry
2025-03-16 12:35:25 DEBUG __init__.py:149: CoInitializeEx(None, 2)
2025-03-16 12:35:25 INFO app_bar.py:103: Bar Created on Screen: EA232WMi [Bar Height: 50px, DPI Scale: 1.0, Scale Screen: True, Screen Geometry: X: 0, Y: 0, Screen Width: 1920, Screen Height: 1080]
2025-03-16 12:35:25 INFO event_listener.py:52: Created named pipe yasb-5f1a0027-0252-11f0-a240-58cdc9ee9bc0
2025-03-16 12:35:25 INFO event_listener.py:106: Waiting for Komorebi to subscribe to named pipe yasb-5f1a0027-0252-11f0-a240-58cdc9ee9bc0
2025-03-16 12:35:25 INFO watcher.py:39: Created file watcher for path C:\Users\bilay\.config\yasb
2025-03-16 12:35:25 DEBUG _windows.py:213: Starting (proactor: <_IocpProactor overlapped#=0 result#=0>)...
2025-03-16 12:35:25 DEBUG _windows.py:192: Thread started
2025-03-16 12:35:25 WARNING event_listener.py:111: Komorebi failed to subscribe named pipe. Waiting for subscription...
2025-03-16 12:35:55 INFO event_listener.py:118: Komorebi connected to named pipe: yasb-5f1a0027-0252-11f0-a240-58cdc9ee9bc0
2025-03-16 12:38:08 WARNING event_listener.py:83: Pipe has been ended: (109, 'PeekNamedPipe', 'The pipe has been ended.')
2025-03-16 12:38:08 INFO event_listener.py:93: Attempting to reconnect...
2025-03-16 12:38:08 INFO tray.py:247: Exiting Application...
2025-03-16 12:38:08 DEBUG _windows.py:218: Stopping worker thread...
2025-03-16 12:38:08 DEBUG _windows.py:201: Exiting thread
2025-03-16 12:38:08 DEBUG _windows.py:75: Closing
2025-03-16 12:38:11 INFO log.py:21: Yasb v1.6.5
2025-03-16 12:38:11 DEBUG win32.py:55: Looking up time zone info from registry
2025-03-16 12:38:11 DEBUG __init__.py:149: CoInitializeEx(None, 2)
2025-03-16 12:38:11 INFO app_bar.py:103: Bar Created on Screen: EA232WMi [Bar Height: 50px, DPI Scale: 1.0, Scale Screen: True, Screen Geometry: X: 0, Y: 0, Screen Width: 1920, Screen Height: 1080]
2025-03-16 12:38:11 INFO event_listener.py:52: Created named pipe yasb-c217609e-0252-11f0-aa65-58cdc9ee9bc0
2025-03-16 12:38:11 INFO event_listener.py:106: Waiting for Komorebi to subscribe to named pipe yasb-c217609e-0252-11f0-aa65-58cdc9ee9bc0
2025-03-16 12:38:11 INFO watcher.py:39: Created file watcher for path C:\Users\bilay\.config\yasb
2025-03-16 12:38:11 DEBUG _windows.py:213: Starting (proactor: <_IocpProactor overlapped#=0 result#=0>)...
2025-03-16 12:38:11 DEBUG _windows.py:192: Thread started
2025-03-16 12:38:11 INFO event_listener.py:118: Komorebi connected to named pipe: yasb-c217609e-0252-11f0-aa65-58cdc9ee9bc0
2025-03-16 12:38:22 WARNING event_listener.py:83: Pipe has been ended: (109, 'PeekNamedPipe', 'The pipe has been ended.')
2025-03-16 12:38:22 INFO event_listener.py:93: Attempting to reconnect...
2025-03-16 12:38:22 INFO tray.py:247: Exiting Application...
2025-03-16 12:38:22 DEBUG _windows.py:218: Stopping worker thread...
2025-03-16 12:38:22 DEBUG _windows.py:201: Exiting thread
2025-03-16 12:38:22 DEBUG _windows.py:75: Closing
2025-03-16 12:38:30 INFO log.py:21: Yasb v1.6.5
2025-03-16 12:38:30 DEBUG win32.py:55: Looking up time zone info from registry
2025-03-16 12:38:30 DEBUG __init__.py:149: CoInitializeEx(None, 2)
2025-03-16 12:38:30 INFO app_bar.py:103: Bar Created on Screen: EA232WMi [Bar Height: 50px, DPI Scale: 1.0, Scale Screen: True, Screen Geometry: X: 0, Y: 0, Screen Width: 1920, Screen Height: 1080]
2025-03-16 12:38:30 INFO event_listener.py:52: Created named pipe yasb-cd6104e0-0252-11f0-9d3e-58cdc9ee9bc0
2025-03-16 12:38:30 INFO event_listener.py:106: Waiting for Komorebi to subscribe to named pipe yasb-cd6104e0-0252-11f0-9d3e-58cdc9ee9bc0
2025-03-16 12:38:30 INFO watcher.py:39: Created file watcher for path C:\Users\bilay\.config\yasb
2025-03-16 12:38:30 DEBUG _windows.py:213: Starting (proactor: <_IocpProactor overlapped#=0 result#=0>)...
2025-03-16 12:38:30 DEBUG _windows.py:192: Thread started
2025-03-16 12:38:30 INFO event_listener.py:118: Komorebi connected to named pipe: yasb-cd6104e0-0252-11f0-9d3e-58cdc9ee9bc0
2025-03-16 12:44:48 INFO log.py:21: Yasb v1.6.5
2025-03-16 12:44:48 ERROR main.py:82: Another instance of the YASB is already running.
2025-03-16 12:44:57 INFO log.py:21: Yasb v1.6.5
2025-03-16 12:44:57 ERROR main.py:82: Another instance of the YASB is already running.
2025-03-16 12:45:31 INFO log.py:21: Yasb v1.6.5
2025-03-16 12:45:31 ERROR main.py:82: Another instance of the YASB is already running.
2025-03-16 12:45:38 WARNING event_listener.py:83: Pipe has been ended: (109, 'PeekNamedPipe', 'The pipe has been ended.')
2025-03-16 12:45:38 INFO event_listener.py:93: Attempting to reconnect...
2025-03-16 12:45:38 INFO tray.py:247: Exiting Application...
2025-03-16 12:45:38 DEBUG _windows.py:218: Stopping worker thread...
2025-03-16 12:45:38 DEBUG _windows.py:201: Exiting thread
2025-03-16 12:45:38 DEBUG _windows.py:75: Closing
2025-03-16 12:45:46 INFO log.py:21: Yasb v1.6.5
2025-03-16 12:45:46 DEBUG win32.py:55: Looking up time zone info from registry
2025-03-16 12:45:46 DEBUG __init__.py:149: CoInitializeEx(None, 2)
2025-03-16 12:45:46 INFO app_bar.py:103: Bar Created on Screen: EA232WMi [Bar Height: 50px, DPI Scale: 1.0, Scale Screen: True, Screen Geometry: X: 0, Y: 0, Screen Width: 1920, Screen Height: 1080]
2025-03-16 12:45:46 INFO event_listener.py:52: Created named pipe yasb-d1456f1d-0253-11f0-af34-58cdc9ee9bc0
2025-03-16 12:45:46 INFO event_listener.py:106: Waiting for Komorebi to subscribe to named pipe yasb-d1456f1d-0253-11f0-af34-58cdc9ee9bc0
2025-03-16 12:45:46 INFO watcher.py:39: Created file watcher for path C:\Users\bilay\.config\yasb
2025-03-16 12:45:46 DEBUG _windows.py:213: Starting (proactor: <_IocpProactor overlapped#=0 result#=0>)...
2025-03-16 12:45:46 DEBUG _windows.py:192: Thread started
2025-03-16 12:45:46 INFO event_listener.py:118: Komorebi connected to named pipe: yasb-d1456f1d-0253-11f0-af34-58cdc9ee9bc0
2025-03-16 12:46:26 WARNING event_listener.py:83: Pipe has been ended: (109, 'PeekNamedPipe', 'The pipe has been ended.')
2025-03-16 12:46:26 INFO event_listener.py:93: Attempting to reconnect...
2025-03-16 18:25:18 INFO log.py:21: Yasb v1.6.5
2025-03-16 18:25:18 DEBUG win32.py:55: Looking up time zone info from registry
2025-03-16 18:25:20 DEBUG __init__.py:149: CoInitializeEx(None, 2)
2025-03-16 18:25:20 INFO app_bar.py:103: Bar Created on Screen: EA232WMi [Bar Height: 50px, DPI Scale: 1.0, Scale Screen: True, Screen Geometry: X: 0, Y: 0, Screen Width: 1920, Screen Height: 1080]
2025-03-16 18:25:20 INFO event_listener.py:52: Created named pipe yasb-4161e5b2-0283-11f0-af97-58cdc9ee9bc0
2025-03-16 18:25:20 INFO event_listener.py:106: Waiting for Komorebi to subscribe to named pipe yasb-4161e5b2-0283-11f0-af97-58cdc9ee9bc0
2025-03-16 18:25:20 INFO watcher.py:39: Created file watcher for path C:\Users\bilay\.config\yasb
2025-03-16 18:25:20 DEBUG _windows.py:213: Starting (proactor: <_IocpProactor overlapped#=0 result#=0>)...
2025-03-16 18:25:21 DEBUG _windows.py:192: Thread started
2025-03-16 18:25:21 INFO event_listener.py:118: Komorebi connected to named pipe: yasb-4161e5b2-0283-11f0-af97-58cdc9ee9bc0
2025-03-16 20:55:40 WARNING event_listener.py:83: Pipe has been ended: (109, 'PeekNamedPipe', 'The pipe has been ended.')
2025-03-16 20:55:40 INFO event_listener.py:93: Attempting to reconnect...
2025-03-17 10:59:22 INFO log.py:21: Yasb v1.6.5
2025-03-17 10:59:23 DEBUG win32.py:55: Looking up time zone info from registry
2025-03-17 10:59:24 DEBUG __init__.py:149: CoInitializeEx(None, 2)
2025-03-17 10:59:24 INFO app_bar.py:103: Bar Created on Screen: EA232WMi [Bar Height: 50px, DPI Scale: 1.0, Scale Screen: True, Screen Geometry: X: 0, Y: 0, Screen Width: 1920, Screen Height: 1080]
2025-03-17 10:59:25 INFO event_listener.py:52: Created named pipe yasb-20129953-030e-11f0-98d4-58cdc9ee9bc0
2025-03-17 10:59:25 INFO event_listener.py:106: Waiting for Komorebi to subscribe to named pipe yasb-20129953-030e-11f0-98d4-58cdc9ee9bc0
2025-03-17 10:59:25 INFO watcher.py:39: Created file watcher for path C:\Users\bilay\.config\yasb
2025-03-17 10:59:25 DEBUG _windows.py:213: Starting (proactor: <_IocpProactor overlapped#=0 result#=0>)...
2025-03-17 10:59:25 DEBUG _windows.py:192: Thread started
2025-03-17 10:59:25 INFO event_listener.py:118: Komorebi connected to named pipe: yasb-20129953-030e-11f0-98d4-58cdc9ee9bc0
2025-03-17 10:59:40 INFO log.py:21: Yasb v1.6.5
2025-03-17 10:59:40 ERROR main.py:82: Another instance of the YASB is already running.
2025-03-17 11:01:44 WARNING event_listener.py:83: Pipe has been ended: (109, 'PeekNamedPipe', 'The pipe has been ended.')
2025-03-17 11:01:44 INFO event_listener.py:93: Attempting to reconnect...
2025-03-17 11:01:45 INFO tray.py:247: Exiting Application...
2025-03-17 11:01:45 DEBUG _windows.py:218: Stopping worker thread...
2025-03-17 11:01:45 DEBUG _windows.py:201: Exiting thread
2025-03-17 11:01:45 DEBUG _windows.py:75: Closing
2025-03-17 11:02:06 INFO log.py:21: Yasb v1.6.5
2025-03-17 11:02:06 DEBUG win32.py:55: Looking up time zone info from registry
2025-03-17 11:02:06 DEBUG __init__.py:149: CoInitializeEx(None, 2)
2025-03-17 11:02:06 INFO app_bar.py:103: Bar Created on Screen: EA232WMi [Bar Height: 50px, DPI Scale: 1.0, Scale Screen: True, Screen Geometry: X: 0, Y: 0, Screen Width: 1920, Screen Height: 1080]
2025-03-17 11:02:06 INFO event_listener.py:52: Created named pipe yasb-803bf955-030e-11f0-8373-58cdc9ee9bc0
2025-03-17 11:02:06 INFO event_listener.py:106: Waiting for Komorebi to subscribe to named pipe yasb-803bf955-030e-11f0-8373-58cdc9ee9bc0
2025-03-17 11:02:06 INFO watcher.py:39: Created file watcher for path C:\Users\bilay\.config\yasb
2025-03-17 11:02:06 DEBUG _windows.py:213: Starting (proactor: <_IocpProactor overlapped#=0 result#=0>)...
2025-03-17 11:02:06 DEBUG _windows.py:192: Thread started
2025-03-17 11:02:06 INFO event_listener.py:118: Komorebi connected to named pipe: yasb-803bf955-030e-11f0-8373-58cdc9ee9bc0
2025-03-17 21:05:28 WARNING event_listener.py:83: Pipe has been ended: (109, 'PeekNamedPipe', 'The pipe has been ended.')
2025-03-17 21:05:28 INFO event_listener.py:93: Attempting to reconnect...
2025-03-18 10:55:03 INFO log.py:21: Yasb v1.6.5
2025-03-18 10:55:04 DEBUG win32.py:55: Looking up time zone info from registry
2025-03-18 10:55:05 DEBUG __init__.py:149: CoInitializeEx(None, 2)
2025-03-18 10:55:05 INFO app_bar.py:103: Bar Created on Screen: EA232WMi [Bar Height: 50px, DPI Scale: 1.0, Scale Screen: True, Screen Geometry: X: 0, Y: 0, Screen Width: 1920, Screen Height: 1080]
2025-03-18 10:55:06 INFO event_listener.py:52: Created named pipe yasb-b0108296-03d6-11f0-a1e8-58cdc9ee9bc0
2025-03-18 10:55:06 INFO event_listener.py:106: Waiting for Komorebi to subscribe to named pipe yasb-b0108296-03d6-11f0-a1e8-58cdc9ee9bc0
2025-03-18 10:55:06 INFO watcher.py:39: Created file watcher for path C:\Users\bilay\.config\yasb
2025-03-18 10:55:06 DEBUG _windows.py:213: Starting (proactor: <_IocpProactor overlapped#=0 result#=0>)...
2025-03-18 10:55:06 DEBUG _windows.py:192: Thread started
2025-03-18 10:55:06 INFO event_listener.py:118: Komorebi connected to named pipe: yasb-b0108296-03d6-11f0-a1e8-58cdc9ee9bc0
2025-03-18 10:57:52 WARNING event_listener.py:83: Pipe has been ended: (109, 'PeekNamedPipe', 'The pipe has been ended.')
2025-03-18 10:57:52 INFO event_listener.py:93: Attempting to reconnect...
2025-03-18 10:57:53 INFO tray.py:247: Exiting Application...
2025-03-18 10:57:53 DEBUG _windows.py:218: Stopping worker thread...
2025-03-18 10:57:53 DEBUG _windows.py:201: Exiting thread
2025-03-18 10:57:53 DEBUG _windows.py:75: Closing
2025-03-18 10:58:03 INFO log.py:21: Yasb v1.6.5
2025-03-18 10:58:03 DEBUG win32.py:55: Looking up time zone info from registry
2025-03-18 10:58:03 DEBUG __init__.py:149: CoInitializeEx(None, 2)
2025-03-18 10:58:03 INFO app_bar.py:103: Bar Created on Screen: EA232WMi [Bar Height: 50px, DPI Scale: 1.0, Scale Screen: True, Screen Geometry: X: 0, Y: 0, Screen Width: 1920, Screen Height: 1080]
2025-03-18 10:58:04 INFO event_listener.py:52: Created named pipe yasb-1a24693d-03d7-11f0-8c86-58cdc9ee9bc0
2025-03-18 10:58:04 INFO event_listener.py:106: Waiting for Komorebi to subscribe to named pipe yasb-1a24693d-03d7-11f0-8c86-58cdc9ee9bc0
2025-03-18 10:58:04 INFO watcher.py:39: Created file watcher for path C:\Users\bilay\.config\yasb
2025-03-18 10:58:04 DEBUG _windows.py:213: Starting (proactor: <_IocpProactor overlapped#=0 result#=0>)...
2025-03-18 10:58:04 DEBUG _windows.py:192: Thread started
2025-03-18 10:58:04 INFO event_listener.py:118: Komorebi connected to named pipe: yasb-1a24693d-03d7-11f0-8c86-58cdc9ee9bc0
2025-03-18 11:16:06 WARNING event_listener.py:83: Pipe has been ended: (109, 'PeekNamedPipe', 'The pipe has been ended.')
2025-03-18 11:16:06 INFO event_listener.py:93: Attempting to reconnect...
2025-03-18 11:16:07 INFO tray.py:247: Exiting Application...
2025-03-18 11:16:07 DEBUG _windows.py:218: Stopping worker thread...
2025-03-18 11:16:07 DEBUG _windows.py:201: Exiting thread
2025-03-18 11:16:07 DEBUG _windows.py:75: Closing
2025-03-18 11:22:06 INFO log.py:21: Yasb v1.6.5
2025-03-18 11:22:06 DEBUG win32.py:55: Looking up time zone info from registry
2025-03-18 11:22:07 DEBUG __init__.py:149: CoInitializeEx(None, 2)
2025-03-18 11:22:08 INFO app_bar.py:103: Bar Created on Screen: EA232WMi [Bar Height: 50px, DPI Scale: 1.0, Scale Screen: True, Screen Geometry: X: 0, Y: 0, Screen Width: 1920, Screen Height: 1080]
2025-03-18 11:22:08 INFO event_listener.py:52: Created named pipe yasb-770459af-03da-11f0-991e-58cdc9ee9bc0
2025-03-18 11:22:08 INFO event_listener.py:106: Waiting for Komorebi to subscribe to named pipe yasb-770459af-03da-11f0-991e-58cdc9ee9bc0
2025-03-18 11:22:08 INFO watcher.py:39: Created file watcher for path C:\Users\bilay\.config\yasb
2025-03-18 11:22:08 DEBUG _windows.py:213: Starting (proactor: <_IocpProactor overlapped#=0 result#=0>)...
2025-03-18 11:22:08 DEBUG _windows.py:192: Thread started
2025-03-18 11:22:08 INFO event_listener.py:118: Komorebi connected to named pipe: yasb-770459af-03da-11f0-991e-58cdc9ee9bc0
2025-03-18 11:32:13 WARNING event_listener.py:83: Pipe has been ended: (109, 'PeekNamedPipe', 'The pipe has been ended.')
2025-03-18 11:32:13 INFO event_listener.py:93: Attempting to reconnect...
2025-03-18 11:32:13 INFO tray.py:247: Exiting Application...
2025-03-18 11:32:13 DEBUG _windows.py:218: Stopping worker thread...
2025-03-18 11:32:13 DEBUG _windows.py:201: Exiting thread
2025-03-18 11:32:13 DEBUG _windows.py:75: Closing
2025-03-18 11:33:14 INFO log.py:21: Yasb v1.6.5
2025-03-18 11:33:14 DEBUG win32.py:55: Looking up time zone info from registry
2025-03-18 11:33:14 DEBUG __init__.py:149: CoInitializeEx(None, 2)
2025-03-18 11:33:14 INFO app_bar.py:103: Bar Created on Screen: EA232WMi [Bar Height: 50px, DPI Scale: 1.0, Scale Screen: True, Screen Geometry: X: 0, Y: 0, Screen Width: 1920, Screen Height: 1080]
2025-03-18 11:33:14 INFO event_listener.py:52: Created named pipe yasb-04361321-03dc-11f0-9064-58cdc9ee9bc0
2025-03-18 11:33:14 INFO event_listener.py:106: Waiting for Komorebi to subscribe to named pipe yasb-04361321-03dc-11f0-9064-58cdc9ee9bc0
2025-03-18 11:33:14 INFO watcher.py:39: Created file watcher for path C:\Users\bilay\.config\yasb
2025-03-18 11:33:14 DEBUG _windows.py:213: Starting (proactor: <_IocpProactor overlapped#=0 result#=0>)...
2025-03-18 11:33:14 DEBUG _windows.py:192: Thread started
2025-03-18 11:33:14 INFO event_listener.py:118: Komorebi connected to named pipe: yasb-04361321-03dc-11f0-9064-58cdc9ee9bc0
2025-03-18 15:43:02 WARNING event_listener.py:83: Pipe has been ended: (109, 'PeekNamedPipe', 'The pipe has been ended.')
2025-03-18 15:43:02 INFO event_listener.py:93: Attempting to reconnect...
2025-03-18 15:43:03 INFO tray.py:247: Exiting Application...
2025-03-18 15:43:03 DEBUG _windows.py:218: Stopping worker thread...
2025-03-18 15:43:03 DEBUG _windows.py:201: Exiting thread
2025-03-18 15:43:03 DEBUG _windows.py:75: Closing
2025-03-18 16:12:56 INFO log.py:21: Yasb v1.6.5
2025-03-18 16:12:56 DEBUG win32.py:55: Looking up time zone info from registry
2025-03-18 16:12:57 DEBUG __init__.py:149: CoInitializeEx(None, 2)
2025-03-18 16:12:57 INFO app_bar.py:103: Bar Created on Screen: EA232WMi [Bar Height: 50px, DPI Scale: 1.0, Scale Screen: True, Screen Geometry: X: 0, Y: 0, Screen Width: 1920, Screen Height: 1080]
2025-03-18 16:12:57 INFO event_listener.py:52: Created named pipe yasb-17cf4edf-0403-11f0-a038-58cdc9ee9bc0
2025-03-18 16:12:57 INFO event_listener.py:106: Waiting for Komorebi to subscribe to named pipe yasb-17cf4edf-0403-11f0-a038-58cdc9ee9bc0
2025-03-18 16:12:57 INFO watcher.py:39: Created file watcher for path C:\Users\bilay\.config\yasb
2025-03-18 16:12:57 DEBUG _windows.py:213: Starting (proactor: <_IocpProactor overlapped#=0 result#=0>)...
2025-03-18 16:12:57 DEBUG _windows.py:192: Thread started
2025-03-18 16:12:57 INFO event_listener.py:118: Komorebi connected to named pipe: yasb-17cf4edf-0403-11f0-a038-58cdc9ee9bc0
2025-03-18 16:21:54 INFO log.py:21: Yasb v1.6.5
2025-03-18 16:21:54 ERROR main.py:82: Another instance of the YASB is already running.
2025-03-18 17:10:18 INFO log.py:21: Yasb v1.6.5
2025-03-18 17:10:18 ERROR main.py:82: Another instance of the YASB is already running.
2025-03-18 17:15:18 WARNING event_listener.py:83: Pipe has been ended: (109, 'PeekNamedPipe', 'The pipe has been ended.')
2025-03-18 17:15:18 INFO event_listener.py:93: Attempting to reconnect...
2025-03-18 17:15:18 INFO tray.py:247: Exiting Application...
2025-03-18 17:15:18 DEBUG _windows.py:218: Stopping worker thread...
2025-03-18 17:15:18 DEBUG _windows.py:201: Exiting thread
2025-03-18 17:15:18 DEBUG _windows.py:75: Closing
2025-03-18 17:16:51 INFO log.py:21: Yasb v1.6.5
2025-03-18 17:16:51 DEBUG win32.py:55: Looking up time zone info from registry
2025-03-18 17:16:51 DEBUG __init__.py:149: CoInitializeEx(None, 2)
2025-03-18 17:16:51 INFO app_bar.py:103: Bar Created on Screen: EA232WMi [Bar Height: 50px, DPI Scale: 1.0, Scale Screen: True, Screen Geometry: X: 0, Y: 0, Screen Width: 1920, Screen Height: 1080]
2025-03-18 17:16:51 INFO event_listener.py:52: Created named pipe yasb-0511f976-040c-11f0-8d9f-58cdc9ee9bc0
2025-03-18 17:16:51 INFO event_listener.py:106: Waiting for Komorebi to subscribe to named pipe yasb-0511f976-040c-11f0-8d9f-58cdc9ee9bc0
2025-03-18 17:16:52 INFO watcher.py:39: Created file watcher for path C:\Users\bilay\.config\yasb
2025-03-18 17:16:52 DEBUG _windows.py:213: Starting (proactor: <_IocpProactor overlapped#=0 result#=0>)...
2025-03-18 17:16:52 DEBUG _windows.py:192: Thread started
2025-03-18 17:16:52 INFO event_listener.py:118: Komorebi connected to named pipe: yasb-0511f976-040c-11f0-8d9f-58cdc9ee9bc0
2025-03-18 17:20:16 INFO log.py:21: Yasb v1.6.5
2025-03-18 17:20:16 ERROR main.py:82: Another instance of the YASB is already running.
2025-03-18 17:21:29 INFO log.py:21: Yasb v1.6.5
2025-03-18 17:21:29 ERROR main.py:82: Another instance of the YASB is already running.
2025-03-18 17:29:54 INFO log.py:21: Yasb v1.6.5
2025-03-18 17:29:54 ERROR main.py:82: Another instance of the YASB is already running.
2025-03-18 17:29:59 WARNING event_listener.py:83: Pipe has been ended: (109, 'PeekNamedPipe', 'The pipe has been ended.')
2025-03-18 17:29:59 INFO event_listener.py:93: Attempting to reconnect...
2025-03-18 17:29:59 INFO tray.py:247: Exiting Application...
2025-03-18 17:29:59 DEBUG _windows.py:218: Stopping worker thread...
2025-03-18 17:29:59 DEBUG _windows.py:201: Exiting thread
2025-03-18 17:29:59 DEBUG _windows.py:75: Closing
2025-03-18 17:30:06 INFO log.py:21: Yasb v1.6.5
2025-03-18 17:30:06 DEBUG win32.py:55: Looking up time zone info from registry
2025-03-18 17:30:06 DEBUG __init__.py:149: CoInitializeEx(None, 2)
2025-03-18 17:30:06 INFO app_bar.py:103: Bar Created on Screen: EA232WMi [Bar Height: 50px, DPI Scale: 1.0, Scale Screen: True, Screen Geometry: X: 0, Y: 0, Screen Width: 1920, Screen Height: 1080]
2025-03-18 17:30:06 INFO event_listener.py:52: Created named pipe yasb-dea15afe-040d-11f0-a15a-58cdc9ee9bc0
2025-03-18 17:30:06 INFO event_listener.py:106: Waiting for Komorebi to subscribe to named pipe yasb-dea15afe-040d-11f0-a15a-58cdc9ee9bc0
2025-03-18 17:30:06 INFO watcher.py:39: Created file watcher for path C:\Users\bilay\.config\yasb
2025-03-18 17:30:06 DEBUG _windows.py:213: Starting (proactor: <_IocpProactor overlapped#=0 result#=0>)...
2025-03-18 17:30:06 DEBUG _windows.py:192: Thread started
2025-03-18 17:30:06 INFO event_listener.py:118: Komorebi connected to named pipe: yasb-dea15afe-040d-11f0-a15a-58cdc9ee9bc0
2025-03-18 17:30:09 WARNING event_listener.py:83: Pipe has been ended: (109, 'PeekNamedPipe', 'The pipe has been ended.')
2025-03-18 17:30:09 INFO event_listener.py:93: Attempting to reconnect...
2025-03-18 17:30:09 INFO tray.py:247: Exiting Application...
2025-03-18 17:30:09 DEBUG _windows.py:218: Stopping worker thread...
2025-03-18 17:30:09 DEBUG _windows.py:201: Exiting thread
2025-03-18 17:30:09 DEBUG _windows.py:75: Closing
2025-03-18 17:31:39 INFO log.py:21: Yasb v1.6.5
2025-03-18 17:31:39 DEBUG win32.py:55: Looking up time zone info from registry
2025-03-18 17:31:39 DEBUG __init__.py:149: CoInitializeEx(None, 2)
2025-03-18 17:31:39 INFO app_bar.py:103: Bar Created on Screen: EA232WMi [Bar Height: 50px, DPI Scale: 1.0, Scale Screen: True, Screen Geometry: X: 0, Y: 0, Screen Width: 1920, Screen Height: 1080]
2025-03-18 17:31:39 INFO event_listener.py:52: Created named pipe yasb-1635fda6-040e-11f0-b0f7-58cdc9ee9bc0
2025-03-18 17:31:39 INFO event_listener.py:106: Waiting for Komorebi to subscribe to named pipe yasb-1635fda6-040e-11f0-b0f7-58cdc9ee9bc0
2025-03-18 17:31:39 INFO watcher.py:39: Created file watcher for path C:\Users\bilay\.config\yasb
2025-03-18 17:31:39 DEBUG _windows.py:213: Starting (proactor: <_IocpProactor overlapped#=0 result#=0>)...
2025-03-18 17:31:39 DEBUG _windows.py:192: Thread started
2025-03-18 17:31:39 INFO event_listener.py:118: Komorebi connected to named pipe: yasb-1635fda6-040e-11f0-b0f7-58cdc9ee9bc0
2025-03-18 17:35:54 INFO log.py:21: Yasb v1.6.5
2025-03-18 17:35:54 ERROR main.py:82: Another instance of the YASB is already running.
2025-03-18 17:47:25 INFO log.py:21: Yasb v1.6.5
2025-03-18 17:47:25 ERROR main.py:82: Another instance of the YASB is already running.
2025-03-18 17:49:47 INFO log.py:21: Yasb v1.6.5
2025-03-18 17:49:47 ERROR main.py:82: Another instance of the YASB is already running.
2025-03-18 17:53:25 INFO log.py:21: Yasb v1.6.5
2025-03-18 17:53:25 ERROR main.py:82: Another instance of the YASB is already running.
2025-03-18 17:55:01 WARNING event_listener.py:83: Pipe has been ended: (109, 'PeekNamedPipe', 'The pipe has been ended.')
2025-03-18 17:55:01 INFO event_listener.py:93: Attempting to reconnect...
2025-03-18 17:55:01 INFO tray.py:247: Exiting Application...
2025-03-18 17:55:01 DEBUG _windows.py:218: Stopping worker thread...
2025-03-18 17:55:01 DEBUG _windows.py:201: Exiting thread
2025-03-18 17:55:01 DEBUG _windows.py:75: Closing
2025-03-18 17:55:21 INFO log.py:21: Yasb v1.6.5
2025-03-18 17:55:21 DEBUG win32.py:55: Looking up time zone info from registry
2025-03-18 17:55:21 DEBUG __init__.py:149: CoInitializeEx(None, 2)
2025-03-18 17:55:21 INFO app_bar.py:103: Bar Created on Screen: EA232WMi [Bar Height: 50px, DPI Scale: 1.0, Scale Screen: True, Screen Geometry: X: 0, Y: 0, Screen Width: 1920, Screen Height: 1080]
2025-03-18 17:55:21 INFO event_listener.py:52: Created named pipe yasb-65cc8a29-0411-11f0-b088-58cdc9ee9bc0
2025-03-18 17:55:21 INFO event_listener.py:106: Waiting for Komorebi to subscribe to named pipe yasb-65cc8a29-0411-11f0-b088-58cdc9ee9bc0
2025-03-18 17:55:21 INFO watcher.py:39: Created file watcher for path C:\Users\bilay\.config\yasb
2025-03-18 17:55:21 DEBUG _windows.py:213: Starting (proactor: <_IocpProactor overlapped#=0 result#=0>)...
2025-03-18 17:55:21 DEBUG _windows.py:192: Thread started
2025-03-18 17:55:21 INFO event_listener.py:118: Komorebi connected to named pipe: yasb-65cc8a29-0411-11f0-b088-58cdc9ee9bc0
2025-03-18 18:11:30 INFO log.py:21: Yasb v1.6.5
2025-03-18 18:11:30 ERROR main.py:82: Another instance of the YASB is already running.
2025-03-18 18:11:42 INFO log.py:21: Yasb v1.6.5
2025-03-18 18:11:42 ERROR main.py:82: Another instance of the YASB is already running.
2025-03-18 18:11:57 INFO log.py:21: Yasb v1.6.5
2025-03-18 18:11:57 ERROR main.py:82: Another instance of the YASB is already running.
2025-03-18 18:12:55 INFO log.py:21: Yasb v1.6.5
2025-03-18 18:12:55 ERROR main.py:82: Another instance of the YASB is already running.
2025-03-18 18:13:58 INFO log.py:21: Yasb v1.6.5
2025-03-18 18:13:58 ERROR main.py:82: Another instance of the YASB is already running.
2025-03-18 18:14:41 INFO log.py:21: Yasb v1.6.5
2025-03-18 18:14:41 ERROR main.py:82: Another instance of the YASB is already running.
2025-03-18 18:16:41 INFO log.py:21: Yasb v1.6.5
2025-03-18 18:16:41 ERROR main.py:82: Another instance of the YASB is already running.
2025-03-18 18:16:43 INFO log.py:21: Yasb v1.6.5
2025-03-18 18:16:43 ERROR main.py:82: Another instance of the YASB is already running.
2025-03-18 18:16:50 INFO log.py:21: Yasb v1.6.5
2025-03-18 18:16:50 ERROR main.py:82: Another instance of the YASB is already running.
2025-03-18 18:17:27 INFO log.py:21: Yasb v1.6.5
2025-03-18 18:17:27 ERROR main.py:82: Another instance of the YASB is already running.
2025-03-18 18:17:53 INFO log.py:21: Yasb v1.6.5
2025-03-18 18:17:53 ERROR main.py:82: Another instance of the YASB is already running.
2025-03-18 18:17:56 INFO log.py:21: Yasb v1.6.5
2025-03-18 18:17:56 ERROR main.py:82: Another instance of the YASB is already running.
2025-03-18 18:18:00 INFO log.py:21: Yasb v1.6.5
2025-03-18 18:18:00 ERROR main.py:82: Another instance of the YASB is already running.
2025-03-18 18:18:02 INFO log.py:21: Yasb v1.6.5
2025-03-18 18:18:02 ERROR main.py:82: Another instance of the YASB is already running.
2025-03-18 18:19:25 INFO log.py:21: Yasb v1.6.5
2025-03-18 18:19:25 ERROR main.py:82: Another instance of the YASB is already running.
2025-03-18 18:19:31 INFO log.py:21: Yasb v1.6.5
2025-03-18 18:19:31 ERROR main.py:82: Another instance of the YASB is already running.
2025-03-18 18:42:24 INFO log.py:21: Yasb v1.6.5
2025-03-18 18:42:24 ERROR main.py:82: Another instance of the YASB is already running.
2025-03-18 18:51:36 INFO log.py:21: Yasb v1.6.5
2025-03-18 18:51:36 ERROR main.py:82: Another instance of the YASB is already running.
2025-03-18 18:54:50 INFO log.py:21: Yasb v1.6.5
2025-03-18 18:54:50 ERROR main.py:82: Another instance of the YASB is already running.
2025-03-18 18:54:59 INFO log.py:21: Yasb v1.6.5
2025-03-18 18:54:59 ERROR main.py:82: Another instance of the YASB is already running.
2025-03-18 18:55:06 INFO log.py:21: Yasb v1.6.5
2025-03-18 18:55:06 ERROR main.py:82: Another instance of the YASB is already running.
2025-03-18 18:59:27 INFO log.py:21: Yasb v1.6.5
2025-03-18 18:59:27 ERROR main.py:82: Another instance of the YASB is already running.
2025-03-18 19:01:08 INFO log.py:21: Yasb v1.6.5
2025-03-18 19:01:08 ERROR main.py:82: Another instance of the YASB is already running.
2025-03-18 19:03:09 INFO log.py:21: Yasb v1.6.5
2025-03-18 19:03:09 ERROR main.py:82: Another instance of the YASB is already running.
2025-03-18 19:03:19 INFO log.py:21: Yasb v1.6.5
2025-03-18 19:03:19 ERROR main.py:82: Another instance of the YASB is already running.
2025-03-18 19:06:32 INFO log.py:21: Yasb v1.6.5
2025-03-18 19:06:32 ERROR main.py:82: Another instance of the YASB is already running.
2025-03-18 19:07:10 INFO log.py:21: Yasb v1.6.5
2025-03-18 19:07:10 ERROR main.py:82: Another instance of the YASB is already running.
2025-03-18 19:07:31 INFO log.py:21: Yasb v1.6.5
2025-03-18 19:07:31 ERROR main.py:82: Another instance of the YASB is already running.
2025-03-18 19:07:51 INFO log.py:21: Yasb v1.6.5
2025-03-18 19:07:51 ERROR main.py:82: Another instance of the YASB is already running.
2025-03-18 19:09:11 INFO log.py:21: Yasb v1.6.5
2025-03-18 19:09:11 ERROR main.py:82: Another instance of the YASB is already running.
2025-03-18 19:10:32 INFO log.py:21: Yasb v1.6.5
2025-03-18 19:10:32 ERROR main.py:82: Another instance of the YASB is already running.
2025-03-18 19:10:42 INFO log.py:21: Yasb v1.6.5
2025-03-18 19:10:42 ERROR main.py:82: Another instance of the YASB is already running.
2025-03-18 19:11:20 INFO log.py:21: Yasb v1.6.5
2025-03-18 19:11:20 ERROR main.py:82: Another instance of the YASB is already running.
2025-03-18 19:11:40 INFO log.py:21: Yasb v1.6.5
2025-03-18 19:11:40 ERROR main.py:82: Another instance of the YASB is already running.
2025-03-18 19:14:00 WARNING event_listener.py:83: Pipe has been ended: (109, 'PeekNamedPipe', 'The pipe has been ended.')
2025-03-18 19:14:00 INFO event_listener.py:93: Attempting to reconnect...
2025-03-18 19:14:01 INFO tray.py:247: Exiting Application...
2025-03-18 19:14:01 DEBUG _windows.py:218: Stopping worker thread...
2025-03-18 19:14:01 DEBUG _windows.py:201: Exiting thread
2025-03-18 19:14:01 DEBUG _windows.py:75: Closing
2025-03-18 19:15:35 INFO log.py:21: Yasb v1.6.5
2025-03-18 19:15:35 DEBUG win32.py:55: Looking up time zone info from registry
2025-03-18 19:15:35 DEBUG __init__.py:149: CoInitializeEx(None, 2)
2025-03-18 19:15:35 INFO app_bar.py:103: Bar Created on Screen: EA232WMi [Bar Height: 50px, DPI Scale: 1.0, Scale Screen: True, Screen Geometry: X: 0, Y: 0, Screen Width: 1920, Screen Height: 1080]
2025-03-18 19:15:35 INFO event_listener.py:52: Created named pipe yasb-9b490800-041c-11f0-8a43-58cdc9ee9bc0
2025-03-18 19:15:35 INFO event_listener.py:106: Waiting for Komorebi to subscribe to named pipe yasb-9b490800-041c-11f0-8a43-58cdc9ee9bc0
2025-03-18 19:15:35 INFO watcher.py:39: Created file watcher for path C:\Users\bilay\.config\yasb
2025-03-18 19:15:35 DEBUG _windows.py:213: Starting (proactor: <_IocpProactor overlapped#=0 result#=0>)...
2025-03-18 19:15:35 DEBUG _windows.py:192: Thread started
2025-03-18 19:15:35 INFO event_listener.py:118: Komorebi connected to named pipe: yasb-9b490800-041c-11f0-8a43-58cdc9ee9bc0
2025-03-18 19:15:51 WARNING event_listener.py:83: Pipe has been ended: (109, 'PeekNamedPipe', 'The pipe has been ended.')
2025-03-18 19:15:51 INFO event_listener.py:93: Attempting to reconnect...
2025-03-18 19:15:51 INFO tray.py:247: Exiting Application...
2025-03-18 19:15:51 DEBUG _windows.py:218: Stopping worker thread...
2025-03-18 19:15:51 DEBUG _windows.py:201: Exiting thread
2025-03-18 19:15:51 DEBUG _windows.py:75: Closing
2025-03-18 19:16:28 INFO log.py:21: Yasb v1.6.5
2025-03-18 19:16:28 DEBUG win32.py:55: Looking up time zone info from registry
2025-03-18 19:16:28 DEBUG __init__.py:149: CoInitializeEx(None, 2)
2025-03-18 19:16:28 INFO app_bar.py:103: Bar Created on Screen: EA232WMi [Bar Height: 50px, DPI Scale: 1.0, Scale Screen: True, Screen Geometry: X: 0, Y: 0, Screen Width: 1920, Screen Height: 1080]
2025-03-18 19:16:29 INFO event_listener.py:52: Created named pipe yasb-baf9c44d-041c-11f0-b018-58cdc9ee9bc0
2025-03-18 19:16:29 INFO event_listener.py:106: Waiting for Komorebi to subscribe to named pipe yasb-baf9c44d-041c-11f0-b018-58cdc9ee9bc0
2025-03-18 19:16:29 INFO watcher.py:39: Created file watcher for path C:\Users\bilay\.config\yasb
2025-03-18 19:16:29 DEBUG _windows.py:213: Starting (proactor: <_IocpProactor overlapped#=0 result#=0>)...
2025-03-18 19:16:29 DEBUG _windows.py:192: Thread started
2025-03-18 19:16:29 INFO event_listener.py:118: Komorebi connected to named pipe: yasb-baf9c44d-041c-11f0-b018-58cdc9ee9bc0
2025-03-18 19:16:36 WARNING event_listener.py:83: Pipe has been ended: (109, 'PeekNamedPipe', 'The pipe has been ended.')
2025-03-18 19:16:36 INFO event_listener.py:93: Attempting to reconnect...
2025-03-18 19:16:36 INFO tray.py:247: Exiting Application...
2025-03-18 19:16:36 DEBUG _windows.py:218: Stopping worker thread...
2025-03-18 19:16:36 DEBUG _windows.py:201: Exiting thread
2025-03-18 19:16:36 DEBUG _windows.py:75: Closing
2025-03-18 19:16:55 INFO log.py:21: Yasb v1.6.5
2025-03-18 19:16:56 DEBUG win32.py:55: Looking up time zone info from registry
2025-03-18 19:16:56 DEBUG __init__.py:149: CoInitializeEx(None, 2)
2025-03-18 19:16:56 INFO app_bar.py:103: Bar Created on Screen: EA232WMi [Bar Height: 50px, DPI Scale: 1.0, Scale Screen: True, Screen Geometry: X: 0, Y: 0, Screen Width: 1920, Screen Height: 1080]
2025-03-18 19:16:56 INFO event_listener.py:52: Created named pipe yasb-cb40d3db-041c-11f0-9010-58cdc9ee9bc0
2025-03-18 19:16:56 INFO event_listener.py:106: Waiting for Komorebi to subscribe to named pipe yasb-cb40d3db-041c-11f0-9010-58cdc9ee9bc0
2025-03-18 19:16:56 INFO watcher.py:39: Created file watcher for path C:\Users\bilay\.config\yasb
2025-03-18 19:16:56 DEBUG _windows.py:213: Starting (proactor: <_IocpProactor overlapped#=0 result#=0>)...
2025-03-18 19:16:56 DEBUG _windows.py:192: Thread started
2025-03-18 19:16:56 INFO event_listener.py:118: Komorebi connected to named pipe: yasb-cb40d3db-041c-11f0-9010-58cdc9ee9bc0
2025-03-18 19:47:08 INFO log.py:21: Yasb v1.6.5
2025-03-18 19:47:08 ERROR main.py:82: Another instance of the YASB is already running.
2025-03-18 19:47:19 INFO log.py:21: Yasb v1.6.5
2025-03-18 19:47:19 ERROR main.py:82: Another instance of the YASB is already running.
2025-03-18 19:51:31 INFO log.py:21: Yasb v1.6.5
2025-03-18 19:51:31 ERROR main.py:82: Another instance of the YASB is already running.
2025-03-18 19:54:21 INFO log.py:21: Yasb v1.6.5
2025-03-18 19:54:21 ERROR main.py:82: Another instance of the YASB is already running.
2025-03-18 19:54:44 INFO log.py:21: Yasb v1.6.5
2025-03-18 19:54:44 ERROR main.py:82: Another instance of the YASB is already running.
2025-03-18 19:57:46 INFO log.py:21: Yasb v1.6.5
2025-03-18 19:57:46 ERROR main.py:82: Another instance of the YASB is already running.
2025-03-18 21:10:03 WARNING event_listener.py:83: Pipe has been ended: (109, 'PeekNamedPipe', 'The pipe has been ended.')
2025-03-18 21:10:03 INFO event_listener.py:93: Attempting to reconnect...
2025-03-18 21:10:03 INFO tray.py:247: Exiting Application...
2025-03-18 21:10:03 DEBUG _windows.py:218: Stopping worker thread...
2025-03-18 21:10:03 DEBUG _windows.py:201: Exiting thread
2025-03-18 21:10:03 DEBUG _windows.py:75: Closing
2025-03-18 21:11:56 INFO log.py:21: Yasb v1.6.5
2025-03-18 21:11:56 DEBUG win32.py:55: Looking up time zone info from registry
2025-03-18 21:11:56 DEBUG __init__.py:149: CoInitializeEx(None, 2)
2025-03-18 21:11:56 INFO app_bar.py:103: Bar Created on Screen: EA232WMi [Bar Height: 50px, DPI Scale: 1.0, Scale Screen: True, Screen Geometry: X: 0, Y: 0, Screen Width: 1920, Screen Height: 1080]
2025-03-18 21:11:57 INFO event_listener.py:52: Created named pipe yasb-dc5c0674-042c-11f0-adba-58cdc9ee9bc0
2025-03-18 21:11:57 INFO event_listener.py:106: Waiting for Komorebi to subscribe to named pipe yasb-dc5c0674-042c-11f0-adba-58cdc9ee9bc0
2025-03-18 21:11:57 INFO watcher.py:39: Created file watcher for path C:\Users\bilay\.config\yasb
2025-03-18 21:11:57 DEBUG _windows.py:213: Starting (proactor: <_IocpProactor overlapped#=0 result#=0>)...
2025-03-18 21:11:57 DEBUG _windows.py:192: Thread started
2025-03-18 21:11:57 INFO event_listener.py:118: Komorebi connected to named pipe: yasb-dc5c0674-042c-11f0-adba-58cdc9ee9bc0
2025-03-18 21:12:13 INFO log.py:21: Yasb v1.6.5
2025-03-18 21:12:13 ERROR main.py:82: Another instance of the YASB is already running.
2025-03-18 21:12:23 INFO log.py:21: Yasb v1.6.5
2025-03-18 21:12:23 ERROR main.py:82: Another instance of the YASB is already running.
2025-03-18 21:54:33 WARNING event_listener.py:83: Pipe has been ended: (109, 'PeekNamedPipe', 'The pipe has been ended.')
2025-03-18 21:54:33 INFO event_listener.py:93: Attempting to reconnect...
2025-03-19 09:21:57 INFO log.py:21: Yasb v1.6.5
2025-03-19 09:21:57 DEBUG win32.py:55: Looking up time zone info from registry
2025-03-19 09:21:58 DEBUG __init__.py:149: CoInitializeEx(None, 2)
2025-03-19 09:21:59 INFO app_bar.py:103: Bar Created on Screen: EA232WMi [Bar Height: 50px, DPI Scale: 1.0, Scale Screen: True, Screen Geometry: X: 0, Y: 0, Screen Width: 1920, Screen Height: 1080]
2025-03-19 09:21:59 INFO event_listener.py:52: Created named pipe yasb-d8982bb4-0492-11f0-84a6-58cdc9ee9bc0
2025-03-19 09:21:59 INFO event_listener.py:106: Waiting for Komorebi to subscribe to named pipe yasb-d8982bb4-0492-11f0-84a6-58cdc9ee9bc0
2025-03-19 09:21:59 INFO watcher.py:39: Created file watcher for path C:\Users\bilay\.config\yasb
2025-03-19 09:21:59 DEBUG _windows.py:213: Starting (proactor: <_IocpProactor overlapped#=0 result#=0>)...
2025-03-19 09:21:59 DEBUG _windows.py:192: Thread started
2025-03-19 09:29:47 INFO tray.py:241: Reloading Application...
2025-03-19 09:29:47 INFO log.py:21: Yasb v1.6.5
2025-03-19 09:29:47 DEBUG win32.py:55: Looking up time zone info from registry
2025-03-19 09:29:48 DEBUG __init__.py:149: CoInitializeEx(None, 2)
2025-03-19 09:29:48 INFO app_bar.py:103: Bar Created on Screen: EA232WMi [Bar Height: 50px, DPI Scale: 1.0, Scale Screen: True, Screen Geometry: X: 0, Y: 0, Screen Width: 1920, Screen Height: 1080]
2025-03-19 09:29:48 INFO event_listener.py:52: Created named pipe yasb-f0160f6e-0493-11f0-946f-58cdc9ee9bc0
2025-03-19 09:29:48 INFO event_listener.py:106: Waiting for Komorebi to subscribe to named pipe yasb-f0160f6e-0493-11f0-946f-58cdc9ee9bc0
2025-03-19 09:29:48 INFO watcher.py:39: Created file watcher for path C:\Users\bilay\.config\yasb
2025-03-19 09:29:48 DEBUG _windows.py:213: Starting (proactor: <_IocpProactor overlapped#=0 result#=0>)...
2025-03-19 09:29:48 DEBUG _windows.py:192: Thread started
2025-03-19 09:29:48 INFO event_listener.py:118: Komorebi connected to named pipe: yasb-f0160f6e-0493-11f0-946f-58cdc9ee9bc0
2025-03-19 09:43:27 INFO log.py:21: Yasb v1.6.5
2025-03-19 09:43:27 ERROR main.py:82: Another instance of the YASB is already running.
2025-03-19 09:44:00 INFO log.py:21: Yasb v1.6.5
2025-03-19 09:44:00 ERROR main.py:82: Another instance of the YASB is already running.
2025-03-19 09:44:44 INFO log.py:21: Yasb v1.6.5
2025-03-19 09:44:44 ERROR main.py:82: Another instance of the YASB is already running.
2025-03-19 09:47:46 INFO log.py:21: Yasb v1.6.5
2025-03-19 09:47:46 ERROR main.py:82: Another instance of the YASB is already running.
2025-03-19 10:03:07 INFO log.py:21: Yasb v1.6.5
2025-03-19 10:03:07 ERROR main.py:82: Another instance of the YASB is already running.
2025-03-19 10:04:30 INFO log.py:21: Yasb v1.6.5
2025-03-19 10:04:30 ERROR main.py:82: Another instance of the YASB is already running.
2025-03-19 10:06:04 INFO log.py:21: Yasb v1.6.5
2025-03-19 10:06:04 ERROR main.py:82: Another instance of the YASB is already running.
2025-03-19 10:06:46 INFO log.py:21: Yasb v1.6.5
2025-03-19 10:06:46 ERROR main.py:82: Another instance of the YASB is already running.
2025-03-19 10:06:59 INFO log.py:21: Yasb v1.6.5
2025-03-19 10:06:59 ERROR main.py:82: Another instance of the YASB is already running.
2025-03-19 10:07:13 INFO log.py:21: Yasb v1.6.5
2025-03-19 10:07:13 ERROR main.py:82: Another instance of the YASB is already running.
2025-03-19 10:09:36 INFO log.py:21: Yasb v1.6.5
2025-03-19 10:09:36 ERROR main.py:82: Another instance of the YASB is already running.
2025-03-19 10:10:10 INFO log.py:21: Yasb v1.6.5
2025-03-19 10:10:10 ERROR main.py:82: Another instance of the YASB is already running.
2025-03-19 10:12:25 INFO log.py:21: Yasb v1.6.5
2025-03-19 10:12:25 ERROR main.py:82: Another instance of the YASB is already running.
2025-03-19 10:41:12 INFO log.py:21: Yasb v1.6.5
2025-03-19 10:41:12 ERROR main.py:82: Another instance of the YASB is already running.
2025-03-19 10:41:19 INFO log.py:21: Yasb v1.6.5
2025-03-19 10:41:19 ERROR main.py:82: Another instance of the YASB is already running.
2025-03-19 10:42:27 INFO log.py:21: Yasb v1.6.5
2025-03-19 10:42:27 ERROR main.py:82: Another instance of the YASB is already running.
2025-03-19 10:42:41 INFO log.py:21: Yasb v1.6.5
2025-03-19 10:42:41 ERROR main.py:82: Another instance of the YASB is already running.
2025-03-19 10:48:40 INFO log.py:21: Yasb v1.6.5
2025-03-19 10:48:40 ERROR main.py:82: Another instance of the YASB is already running.
2025-03-19 10:56:28 INFO log.py:21: Yasb v1.6.5
2025-03-19 10:56:28 ERROR main.py:82: Another instance of the YASB is already running.
2025-03-19 10:56:45 INFO log.py:21: Yasb v1.6.5
2025-03-19 10:56:45 ERROR main.py:82: Another instance of the YASB is already running.
2025-03-19 11:12:12 INFO log.py:21: Yasb v1.6.5
2025-03-19 11:12:12 ERROR main.py:82: Another instance of the YASB is already running.
2025-03-19 12:18:17 INFO log.py:21: Yasb v1.6.5
2025-03-19 12:18:17 ERROR main.py:82: Another instance of the YASB is already running.
2025-03-19 12:26:09 INFO log.py:21: Yasb v1.6.5
2025-03-19 12:26:09 ERROR main.py:82: Another instance of the YASB is already running.
2025-03-19 12:26:54 INFO log.py:21: Yasb v1.6.5
2025-03-19 12:26:54 ERROR main.py:82: Another instance of the YASB is already running.
2025-03-19 12:27:10 INFO log.py:21: Yasb v1.6.5
2025-03-19 12:27:10 ERROR main.py:82: Another instance of the YASB is already running.
2025-03-19 12:27:33 INFO log.py:21: Yasb v1.6.5
2025-03-19 12:27:33 ERROR main.py:82: Another instance of the YASB is already running.
2025-03-19 12:30:58 INFO log.py:21: Yasb v1.6.5
2025-03-19 12:30:58 ERROR main.py:82: Another instance of the YASB is already running.
2025-03-19 12:31:10 INFO log.py:21: Yasb v1.6.5
2025-03-19 12:31:10 ERROR main.py:82: Another instance of the YASB is already running.
2025-03-19 12:31:20 INFO log.py:21: Yasb v1.6.5
2025-03-19 12:31:20 ERROR main.py:82: Another instance of the YASB is already running.
2025-03-19 12:32:32 INFO log.py:21: Yasb v1.6.5
2025-03-19 12:32:32 ERROR main.py:82: Another instance of the YASB is already running.
2025-03-19 12:35:11 INFO log.py:21: Yasb v1.6.5
2025-03-19 12:35:11 ERROR main.py:82: Another instance of the YASB is already running.
2025-03-19 12:35:55 INFO log.py:21: Yasb v1.6.5
2025-03-19 12:35:55 ERROR main.py:82: Another instance of the YASB is already running.
2025-03-19 12:36:11 INFO log.py:21: Yasb v1.6.5
2025-03-19 12:36:11 ERROR main.py:82: Another instance of the YASB is already running.
2025-03-19 12:51:55 INFO log.py:21: Yasb v1.6.5
2025-03-19 12:51:55 ERROR main.py:82: Another instance of the YASB is already running.
2025-03-19 12:52:32 INFO log.py:21: Yasb v1.6.5
2025-03-19 12:52:32 ERROR main.py:82: Another instance of the YASB is already running.
2025-03-19 12:54:53 INFO log.py:21: Yasb v1.6.5
2025-03-19 12:54:53 ERROR main.py:82: Another instance of the YASB is already running.
2025-03-19 12:55:41 INFO log.py:21: Yasb v1.6.5
2025-03-19 12:55:41 ERROR main.py:82: Another instance of the YASB is already running.
2025-03-19 12:55:57 WARNING event_listener.py:83: Pipe has been ended: (109, 'PeekNamedPipe', 'The pipe has been ended.')
2025-03-19 12:55:57 INFO event_listener.py:93: Attempting to reconnect...
2025-03-19 12:55:57 INFO tray.py:247: Exiting Application...
2025-03-19 12:55:57 DEBUG _windows.py:218: Stopping worker thread...
2025-03-19 12:55:57 DEBUG _windows.py:201: Exiting thread
2025-03-19 12:55:57 DEBUG _windows.py:75: Closing
2025-03-19 12:56:56 INFO log.py:21: Yasb v1.6.5
2025-03-19 12:56:56 DEBUG win32.py:55: Looking up time zone info from registry
2025-03-19 12:56:56 DEBUG __init__.py:149: CoInitializeEx(None, 2)
2025-03-19 12:56:56 INFO app_bar.py:103: Bar Created on Screen: EA232WMi [Bar Height: 50px, DPI Scale: 1.0, Scale Screen: True, Screen Geometry: X: 0, Y: 0, Screen Width: 1920, Screen Height: 1080]
2025-03-19 12:56:56 INFO event_listener.py:52: Created named pipe yasb-dff5f444-04b0-11f0-ba90-58cdc9ee9bc0
2025-03-19 12:56:56 INFO event_listener.py:106: Waiting for Komorebi to subscribe to named pipe yasb-dff5f444-04b0-11f0-ba90-58cdc9ee9bc0
2025-03-19 12:56:56 INFO watcher.py:39: Created file watcher for path C:\Users\bilay\.config\yasb
2025-03-19 12:56:56 DEBUG _windows.py:213: Starting (proactor: <_IocpProactor overlapped#=0 result#=0>)...
2025-03-19 12:56:56 DEBUG _windows.py:192: Thread started
2025-03-19 12:56:56 INFO event_listener.py:118: Komorebi connected to named pipe: yasb-dff5f444-04b0-11f0-ba90-58cdc9ee9bc0
2025-03-19 12:57:19 WARNING event_listener.py:83: Pipe has been ended: (109, 'PeekNamedPipe', 'The pipe has been ended.')
2025-03-19 12:57:19 INFO event_listener.py:93: Attempting to reconnect...
2025-03-19 12:57:19 INFO tray.py:247: Exiting Application...
2025-03-19 12:57:19 DEBUG _windows.py:218: Stopping worker thread...
2025-03-19 12:57:19 DEBUG _windows.py:201: Exiting thread
2025-03-19 12:57:19 DEBUG _windows.py:75: Closing
2025-03-19 12:57:45 INFO log.py:21: Yasb v1.6.5
2025-03-19 12:57:45 DEBUG win32.py:55: Looking up time zone info from registry
2025-03-19 12:57:45 DEBUG __init__.py:149: CoInitializeEx(None, 2)
2025-03-19 12:57:45 INFO app_bar.py:103: Bar Created on Screen: EA232WMi [Bar Height: 50px, DPI Scale: 1.0, Scale Screen: True, Screen Geometry: X: 0, Y: 0, Screen Width: 1920, Screen Height: 1080]
2025-03-19 12:57:45 INFO event_listener.py:52: Created named pipe yasb-fd3d3df1-04b0-11f0-85b4-58cdc9ee9bc0
2025-03-19 12:57:45 INFO event_listener.py:106: Waiting for Komorebi to subscribe to named pipe yasb-fd3d3df1-04b0-11f0-85b4-58cdc9ee9bc0
2025-03-19 12:57:45 INFO watcher.py:39: Created file watcher for path C:\Users\bilay\.config\yasb
2025-03-19 12:57:45 DEBUG _windows.py:213: Starting (proactor: <_IocpProactor overlapped#=0 result#=0>)...
2025-03-19 12:57:45 DEBUG _windows.py:192: Thread started
2025-03-19 12:57:45 INFO event_listener.py:118: Komorebi connected to named pipe: yasb-fd3d3df1-04b0-11f0-85b4-58cdc9ee9bc0
2025-03-19 14:20:38 WARNING event_listener.py:83: Pipe has been ended: (109, 'PeekNamedPipe', 'The pipe has been ended.')
2025-03-19 14:20:38 INFO event_listener.py:93: Attempting to reconnect...
2025-03-19 14:20:39 INFO tray.py:247: Exiting Application...
2025-03-19 14:20:39 DEBUG _windows.py:218: Stopping worker thread...
2025-03-19 14:20:39 DEBUG _windows.py:201: Exiting thread
2025-03-19 14:20:39 DEBUG _windows.py:75: Closing
2025-03-19 14:31:20 INFO log.py:21: Yasb v1.6.5
2025-03-19 14:31:20 DEBUG win32.py:55: Looking up time zone info from registry
2025-03-19 14:31:22 DEBUG __init__.py:149: CoInitializeEx(None, 2)
2025-03-19 14:31:22 INFO app_bar.py:103: Bar Created on Screen: EA232WMi [Bar Height: 50px, DPI Scale: 1.0, Scale Screen: True, Screen Geometry: X: 0, Y: 0, Screen Width: 1920, Screen Height: 1080]
2025-03-19 14:31:22 INFO event_listener.py:52: Created named pipe yasb-11032cc4-04be-11f0-a58b-58cdc9ee9bc0
2025-03-19 14:31:22 INFO event_listener.py:106: Waiting for Komorebi to subscribe to named pipe yasb-11032cc4-04be-11f0-a58b-58cdc9ee9bc0
2025-03-19 14:31:22 INFO watcher.py:39: Created file watcher for path C:\Users\bilay\.config\yasb
2025-03-19 14:31:22 DEBUG _windows.py:213: Starting (proactor: <_IocpProactor overlapped#=0 result#=0>)...
2025-03-19 14:31:22 DEBUG _windows.py:192: Thread started
2025-03-19 14:31:22 INFO event_listener.py:118: Komorebi connected to named pipe: yasb-11032cc4-04be-11f0-a58b-58cdc9ee9bc0
2025-03-19 16:01:24 WARNING event_listener.py:83: Pipe has been ended: (109, 'PeekNamedPipe', 'The pipe has been ended.')
2025-03-19 16:01:24 INFO event_listener.py:93: Attempting to reconnect...
2025-03-19 16:01:29 INFO event_listener.py:52: Created named pipe yasb-11032cc4-04be-11f0-a58b-58cdc9ee9bc0
2025-03-19 16:01:29 INFO event_listener.py:106: Waiting for Komorebi to subscribe to named pipe yasb-11032cc4-04be-11f0-a58b-58cdc9ee9bc0
2025-03-19 16:01:29 WARNING event_listener.py:111: Komorebi failed to subscribe named pipe. Waiting for subscription...
2025-03-19 16:02:13 INFO tray.py:247: Exiting Application...
2025-03-19 16:02:13 DEBUG _windows.py:218: Stopping worker thread...
2025-03-19 16:02:13 DEBUG _windows.py:201: Exiting thread
2025-03-19 16:02:13 DEBUG _windows.py:75: Closing
2025-03-19 16:02:46 INFO log.py:21: Yasb v1.6.5
2025-03-19 16:02:46 DEBUG win32.py:55: Looking up time zone info from registry
2025-03-19 16:02:47 DEBUG __init__.py:149: CoInitializeEx(None, 2)
2025-03-19 16:02:48 INFO app_bar.py:103: Bar Created on Screen: EA232WMi [Bar Height: 50px, DPI Scale: 1.0, Scale Screen: True, Screen Geometry: X: 0, Y: 0, Screen Width: 1920, Screen Height: 1080]
2025-03-19 16:02:48 INFO event_listener.py:52: Created named pipe yasb-d6d17f82-04ca-11f0-90ba-58cdc9ee9bc0
2025-03-19 16:02:48 INFO event_listener.py:106: Waiting for Komorebi to subscribe to named pipe yasb-d6d17f82-04ca-11f0-90ba-58cdc9ee9bc0
2025-03-19 16:02:48 INFO watcher.py:39: Created file watcher for path C:\Users\bilay\.config\yasb
2025-03-19 16:02:48 DEBUG _windows.py:213: Starting (proactor: <_IocpProactor overlapped#=0 result#=0>)...
2025-03-19 16:02:48 DEBUG _windows.py:192: Thread started
2025-03-19 16:02:48 INFO event_listener.py:118: Komorebi connected to named pipe: yasb-d6d17f82-04ca-11f0-90ba-58cdc9ee9bc0
2025-03-19 16:14:12 WARNING event_listener.py:83: Pipe has been ended: (109, 'PeekNamedPipe', 'The pipe has been ended.')
2025-03-19 16:14:12 INFO event_listener.py:93: Attempting to reconnect...
2025-03-19 16:14:12 INFO tray.py:241: Reloading Application...
2025-03-19 16:14:12 INFO log.py:21: Yasb v1.6.5
2025-03-19 16:14:12 DEBUG win32.py:55: Looking up time zone info from registry
2025-03-19 16:14:13 DEBUG __init__.py:149: CoInitializeEx(None, 2)
2025-03-19 16:14:13 INFO app_bar.py:103: Bar Created on Screen: EA232WMi [Bar Height: 50px, DPI Scale: 1.0, Scale Screen: True, Screen Geometry: X: 0, Y: 0, Screen Width: 1920, Screen Height: 1080]
2025-03-19 16:14:13 INFO event_listener.py:52: Created named pipe yasb-6f2e07bc-04cc-11f0-8798-58cdc9ee9bc0
2025-03-19 16:14:13 INFO event_listener.py:106: Waiting for Komorebi to subscribe to named pipe yasb-6f2e07bc-04cc-11f0-8798-58cdc9ee9bc0
2025-03-19 16:14:13 INFO watcher.py:39: Created file watcher for path C:\Users\bilay\.config\yasb
2025-03-19 16:14:13 DEBUG _windows.py:213: Starting (proactor: <_IocpProactor overlapped#=0 result#=0>)...
2025-03-19 16:14:13 DEBUG _windows.py:192: Thread started
2025-03-19 16:14:13 INFO event_listener.py:118: Komorebi connected to named pipe: yasb-6f2e07bc-04cc-11f0-8798-58cdc9ee9bc0
2025-03-19 16:14:17 INFO log.py:21: Yasb v1.6.5
2025-03-19 16:14:17 ERROR main.py:82: Another instance of the YASB is already running.
2025-03-19 16:14:27 WARNING event_listener.py:83: Pipe has been ended: (109, 'PeekNamedPipe', 'The pipe has been ended.')
2025-03-19 16:14:27 INFO event_listener.py:93: Attempting to reconnect...
2025-03-19 16:14:27 INFO tray.py:241: Reloading Application...
2025-03-19 16:14:27 INFO log.py:21: Yasb v1.6.5
2025-03-19 16:14:27 DEBUG win32.py:55: Looking up time zone info from registry
2025-03-19 16:14:27 DEBUG __init__.py:149: CoInitializeEx(None, 2)
2025-03-19 16:14:27 INFO app_bar.py:103: Bar Created on Screen: EA232WMi [Bar Height: 50px, DPI Scale: 1.0, Scale Screen: True, Screen Geometry: X: 0, Y: 0, Screen Width: 1920, Screen Height: 1080]
2025-03-19 16:14:28 INFO event_listener.py:52: Created named pipe yasb-77fc09a7-04cc-11f0-a9e7-58cdc9ee9bc0
2025-03-19 16:14:28 INFO event_listener.py:106: Waiting for Komorebi to subscribe to named pipe yasb-77fc09a7-04cc-11f0-a9e7-58cdc9ee9bc0
2025-03-19 16:14:28 INFO watcher.py:39: Created file watcher for path C:\Users\bilay\.config\yasb
2025-03-19 16:14:28 DEBUG _windows.py:213: Starting (proactor: <_IocpProactor overlapped#=0 result#=0>)...
2025-03-19 16:14:28 DEBUG _windows.py:192: Thread started
2025-03-19 16:14:28 INFO event_listener.py:118: Komorebi connected to named pipe: yasb-77fc09a7-04cc-11f0-a9e7-58cdc9ee9bc0
2025-03-19 16:14:32 INFO log.py:21: Yasb v1.6.5
2025-03-19 16:14:32 ERROR main.py:82: Another instance of the YASB is already running.
2025-03-19 16:36:24 INFO log.py:21: Yasb v1.6.5
2025-03-19 16:36:24 ERROR main.py:82: Another instance of the YASB is already running.
2025-03-19 16:45:09 INFO log.py:21: Yasb v1.6.5
2025-03-19 16:45:09 ERROR main.py:82: Another instance of the YASB is already running.
2025-03-19 16:45:12 INFO log.py:21: Yasb v1.6.5
2025-03-19 16:45:12 ERROR main.py:82: Another instance of the YASB is already running.
2025-03-19 17:47:04 INFO log.py:21: Yasb v1.6.5
2025-03-19 17:47:04 ERROR main.py:82: Another instance of the YASB is already running.
2025-03-19 17:50:44 INFO log.py:21: Yasb v1.6.5
2025-03-19 17:50:44 ERROR main.py:82: Another instance of the YASB is already running.
2025-03-19 17:56:00 WARNING event_listener.py:83: Pipe has been ended: (109, 'PeekNamedPipe', 'The pipe has been ended.')
2025-03-19 17:56:00 INFO event_listener.py:93: Attempting to reconnect...
2025-03-19 17:56:00 INFO tray.py:241: Reloading Application...
2025-03-19 17:56:01 INFO log.py:21: Yasb v1.6.5
2025-03-19 17:56:01 DEBUG win32.py:55: Looking up time zone info from registry
2025-03-19 17:56:01 DEBUG __init__.py:149: CoInitializeEx(None, 2)
2025-03-19 17:56:01 INFO app_bar.py:103: Bar Created on Screen: EA232WMi [Bar Height: 50px, DPI Scale: 1.0, Scale Screen: True, Screen Geometry: X: 0, Y: 0, Screen Width: 1920, Screen Height: 1080]
2025-03-19 17:56:01 INFO event_listener.py:52: Created named pipe yasb-a7f97c41-04da-11f0-a790-58cdc9ee9bc0
2025-03-19 17:56:01 INFO event_listener.py:106: Waiting for Komorebi to subscribe to named pipe yasb-a7f97c41-04da-11f0-a790-58cdc9ee9bc0
2025-03-19 17:56:01 INFO watcher.py:39: Created file watcher for path C:\Users\bilay\.config\yasb
2025-03-19 17:56:01 DEBUG _windows.py:213: Starting (proactor: <_IocpProactor overlapped#=0 result#=0>)...
2025-03-19 17:56:01 DEBUG _windows.py:192: Thread started
2025-03-19 17:56:01 INFO event_listener.py:118: Komorebi connected to named pipe: yasb-a7f97c41-04da-11f0-a790-58cdc9ee9bc0
2025-03-19 17:56:05 INFO log.py:21: Yasb v1.6.5
2025-03-19 17:56:05 ERROR main.py:82: Another instance of the YASB is already running.
2025-03-19 18:09:52 WARNING event_listener.py:83: Pipe has been ended: (109, 'PeekNamedPipe', 'The pipe has been ended.')
2025-03-19 18:09:52 INFO event_listener.py:93: Attempting to reconnect...
2025-03-19 18:19:21 INFO log.py:21: Yasb v1.6.5
2025-03-19 18:19:21 DEBUG win32.py:55: Looking up time zone info from registry
2025-03-19 18:19:22 DEBUG __init__.py:149: CoInitializeEx(None, 2)
2025-03-19 18:19:22 INFO app_bar.py:103: Bar Created on Screen: EA232WMi [Bar Height: 50px, DPI Scale: 1.0, Scale Screen: True, Screen Geometry: X: 0, Y: 0, Screen Width: 1920, Screen Height: 1080]
2025-03-19 18:19:23 INFO event_listener.py:52: Created named pipe yasb-eb7e99f3-04dd-11f0-8c32-58cdc9ee9bc0
2025-03-19 18:19:23 INFO event_listener.py:106: Waiting for Komorebi to subscribe to named pipe yasb-eb7e99f3-04dd-11f0-8c32-58cdc9ee9bc0
2025-03-19 18:19:23 INFO watcher.py:39: Created file watcher for path C:\Users\bilay\.config\yasb
2025-03-19 18:19:23 DEBUG _windows.py:213: Starting (proactor: <_IocpProactor overlapped#=0 result#=0>)...
2025-03-19 18:19:23 DEBUG _windows.py:192: Thread started
2025-03-19 18:19:23 INFO event_listener.py:118: Komorebi connected to named pipe: yasb-eb7e99f3-04dd-11f0-8c32-58cdc9ee9bc0
2025-03-19 18:37:44 WARNING event_listener.py:83: Pipe has been ended: (109, 'PeekNamedPipe', 'The pipe has been ended.')
2025-03-19 18:37:44 INFO event_listener.py:93: Attempting to reconnect...
2025-03-19 18:37:45 INFO tray.py:241: Reloading Application...
2025-03-19 18:37:45 INFO log.py:21: Yasb v1.6.5
2025-03-19 18:37:45 DEBUG win32.py:55: Looking up time zone info from registry
2025-03-19 18:37:47 DEBUG __init__.py:149: CoInitializeEx(None, 2)
2025-03-19 18:37:47 INFO app_bar.py:103: Bar Created on Screen: EA232WMi [Bar Height: 50px, DPI Scale: 1.0, Scale Screen: True, Screen Geometry: X: 0, Y: 0, Screen Width: 1920, Screen Height: 1080]
2025-03-19 18:37:47 INFO event_listener.py:52: Created named pipe yasb-7da6eb02-04e0-11f0-8d9e-58cdc9ee9bc0
2025-03-19 18:37:47 INFO event_listener.py:106: Waiting for Komorebi to subscribe to named pipe yasb-7da6eb02-04e0-11f0-8d9e-58cdc9ee9bc0
2025-03-19 18:37:47 INFO watcher.py:39: Created file watcher for path C:\Users\bilay\.config\yasb
2025-03-19 18:37:47 DEBUG _windows.py:213: Starting (proactor: <_IocpProactor overlapped#=0 result#=0>)...
2025-03-19 18:37:47 DEBUG _windows.py:192: Thread started
2025-03-19 18:37:47 INFO event_listener.py:118: Komorebi connected to named pipe: yasb-7da6eb02-04e0-11f0-8d9e-58cdc9ee9bc0
2025-03-19 18:37:49 INFO log.py:21: Yasb v1.6.5
2025-03-19 18:37:49 ERROR main.py:82: Another instance of the YASB is already running.
2025-03-19 18:37:51 WARNING event_listener.py:83: Pipe has been ended: (109, 'PeekNamedPipe', 'The pipe has been ended.')
2025-03-19 18:37:51 INFO event_listener.py:93: Attempting to reconnect...
2025-03-19 18:37:52 INFO tray.py:241: Reloading Application...
2025-03-19 18:37:52 INFO log.py:21: Yasb v1.6.5
2025-03-19 18:37:52 DEBUG win32.py:55: Looking up time zone info from registry
2025-03-19 18:37:52 DEBUG __init__.py:149: CoInitializeEx(None, 2)
2025-03-19 18:37:52 INFO app_bar.py:103: Bar Created on Screen: EA232WMi [Bar Height: 50px, DPI Scale: 1.0, Scale Screen: True, Screen Geometry: X: 0, Y: 0, Screen Width: 1920, Screen Height: 1080]
2025-03-19 18:37:52 INFO event_listener.py:52: Created named pipe yasb-80af3b7b-04e0-11f0-af6c-58cdc9ee9bc0
2025-03-19 18:37:52 INFO event_listener.py:106: Waiting for Komorebi to subscribe to named pipe yasb-80af3b7b-04e0-11f0-af6c-58cdc9ee9bc0
2025-03-19 18:37:52 INFO watcher.py:39: Created file watcher for path C:\Users\bilay\.config\yasb
2025-03-19 18:37:52 DEBUG _windows.py:213: Starting (proactor: <_IocpProactor overlapped#=0 result#=0>)...
2025-03-19 18:37:52 DEBUG _windows.py:192: Thread started
2025-03-19 18:37:52 INFO event_listener.py:118: Komorebi connected to named pipe: yasb-80af3b7b-04e0-11f0-af6c-58cdc9ee9bc0
2025-03-19 18:37:56 INFO log.py:21: Yasb v1.6.5
2025-03-19 18:37:56 ERROR main.py:82: Another instance of the YASB is already running.
2025-03-19 18:37:57 WARNING event_listener.py:83: Pipe has been ended: (109, 'PeekNamedPipe', 'The pipe has been ended.')
2025-03-19 18:37:57 INFO event_listener.py:93: Attempting to reconnect...
2025-03-19 18:37:58 INFO tray.py:241: Reloading Application...
2025-03-19 18:37:58 INFO log.py:21: Yasb v1.6.5
2025-03-19 18:37:58 DEBUG win32.py:55: Looking up time zone info from registry
2025-03-19 18:37:58 DEBUG __init__.py:149: CoInitializeEx(None, 2)
2025-03-19 18:37:58 INFO app_bar.py:103: Bar Created on Screen: EA232WMi [Bar Height: 50px, DPI Scale: 1.0, Scale Screen: True, Screen Geometry: X: 0, Y: 0, Screen Width: 1920, Screen Height: 1080]
2025-03-19 18:37:58 INFO event_listener.py:52: Created named pipe yasb-843e155d-04e0-11f0-b123-58cdc9ee9bc0
2025-03-19 18:37:58 INFO event_listener.py:106: Waiting for Komorebi to subscribe to named pipe yasb-843e155d-04e0-11f0-b123-58cdc9ee9bc0
2025-03-19 18:37:58 INFO watcher.py:39: Created file watcher for path C:\Users\bilay\.config\yasb
2025-03-19 18:37:58 DEBUG _windows.py:213: Starting (proactor: <_IocpProactor overlapped#=0 result#=0>)...
2025-03-19 18:37:58 DEBUG _windows.py:192: Thread started
2025-03-19 18:37:58 INFO event_listener.py:118: Komorebi connected to named pipe: yasb-843e155d-04e0-11f0-b123-58cdc9ee9bc0
2025-03-19 18:38:02 INFO log.py:21: Yasb v1.6.5
2025-03-19 18:38:02 ERROR main.py:82: Another instance of the YASB is already running.
2025-03-19 18:57:31 INFO log.py:21: Yasb v1.6.5
2025-03-19 18:57:31 DEBUG win32.py:55: Looking up time zone info from registry
2025-03-19 18:57:33 DEBUG __init__.py:149: CoInitializeEx(None, 2)
2025-03-19 18:57:33 INFO app_bar.py:103: Bar Created on Screen: EA232WMi [Bar Height: 50px, DPI Scale: 1.0, Scale Screen: True, Screen Geometry: X: 0, Y: 0, Screen Width: 1920, Screen Height: 1080]
2025-03-19 18:57:33 INFO event_listener.py:52: Created named pipe yasb-40bf4777-04e3-11f0-8f37-58cdc9ee9bc0
2025-03-19 18:57:33 INFO event_listener.py:106: Waiting for Komorebi to subscribe to named pipe yasb-40bf4777-04e3-11f0-8f37-58cdc9ee9bc0
2025-03-19 18:57:33 INFO watcher.py:39: Created file watcher for path C:\Users\bilay\.config\yasb
2025-03-19 18:57:33 DEBUG _windows.py:213: Starting (proactor: <_IocpProactor overlapped#=0 result#=0>)...
2025-03-19 18:57:33 DEBUG _windows.py:192: Thread started
2025-03-19 18:57:33 INFO event_listener.py:118: Komorebi connected to named pipe: yasb-40bf4777-04e3-11f0-8f37-58cdc9ee9bc0
2025-03-19 19:22:19 WARNING event_listener.py:83: Pipe has been ended: (109, 'PeekNamedPipe', 'The pipe has been ended.')
2025-03-19 19:22:19 INFO event_listener.py:93: Attempting to reconnect...
2025-03-19 19:22:19 INFO tray.py:241: Reloading Application...
2025-03-19 19:22:19 INFO log.py:21: Yasb v1.6.5
2025-03-19 19:22:19 DEBUG win32.py:55: Looking up time zone info from registry
2025-03-19 19:22:19 DEBUG __init__.py:149: CoInitializeEx(None, 2)
2025-03-19 19:22:19 INFO app_bar.py:103: Bar Created on Screen: EA232WMi [Bar Height: 50px, DPI Scale: 1.0, Scale Screen: True, Screen Geometry: X: 0, Y: 0, Screen Width: 1920, Screen Height: 1080]
2025-03-19 19:22:20 INFO event_listener.py:52: Created named pipe yasb-b69b78ea-04e6-11f0-932c-58cdc9ee9bc0
2025-03-19 19:22:20 INFO event_listener.py:106: Waiting for Komorebi to subscribe to named pipe yasb-b69b78ea-04e6-11f0-932c-58cdc9ee9bc0
2025-03-19 19:22:20 INFO watcher.py:39: Created file watcher for path C:\Users\bilay\.config\yasb
2025-03-19 19:22:20 DEBUG _windows.py:213: Starting (proactor: <_IocpProactor overlapped#=0 result#=0>)...
2025-03-19 19:22:20 DEBUG _windows.py:192: Thread started
2025-03-19 19:22:20 INFO event_listener.py:118: Komorebi connected to named pipe: yasb-b69b78ea-04e6-11f0-932c-58cdc9ee9bc0
2025-03-19 19:22:23 INFO log.py:21: Yasb v1.6.5
2025-03-19 19:22:23 ERROR main.py:82: Another instance of the YASB is already running.
2025-03-19 19:22:44 WARNING event_listener.py:83: Pipe has been ended: (109, 'PeekNamedPipe', 'The pipe has been ended.')
2025-03-19 19:22:44 INFO event_listener.py:93: Attempting to reconnect...
2025-03-19 19:22:44 INFO tray.py:241: Reloading Application...
2025-03-19 19:22:44 INFO log.py:21: Yasb v1.6.5
2025-03-19 19:22:44 DEBUG win32.py:55: Looking up time zone info from registry
2025-03-19 19:22:44 DEBUG __init__.py:149: CoInitializeEx(None, 2)
2025-03-19 19:22:45 INFO app_bar.py:103: Bar Created on Screen: EA232WMi [Bar Height: 50px, DPI Scale: 1.0, Scale Screen: True, Screen Geometry: X: 0, Y: 0, Screen Width: 1920, Screen Height: 1080]
2025-03-19 19:22:45 INFO event_listener.py:52: Created named pipe yasb-c58e23f4-04e6-11f0-8163-58cdc9ee9bc0
2025-03-19 19:22:45 INFO event_listener.py:106: Waiting for Komorebi to subscribe to named pipe yasb-c58e23f4-04e6-11f0-8163-58cdc9ee9bc0
2025-03-19 19:22:45 INFO watcher.py:39: Created file watcher for path C:\Users\bilay\.config\yasb
2025-03-19 19:22:45 DEBUG _windows.py:213: Starting (proactor: <_IocpProactor overlapped#=0 result#=0>)...
2025-03-19 19:22:45 DEBUG _windows.py:192: Thread started
2025-03-19 19:22:45 INFO event_listener.py:118: Komorebi connected to named pipe: yasb-c58e23f4-04e6-11f0-8163-58cdc9ee9bc0
2025-03-19 19:22:49 INFO log.py:21: Yasb v1.6.5
2025-03-19 19:22:49 ERROR main.py:82: Another instance of the YASB is already running.
2025-03-19 20:22:50 WARNING event_listener.py:83: Pipe has been ended: (109, 'PeekNamedPipe', 'The pipe has been ended.')
2025-03-19 20:22:50 INFO event_listener.py:93: Attempting to reconnect...
2025-03-19 20:22:50 INFO tray.py:247: Exiting Application...
2025-03-19 20:22:50 DEBUG _windows.py:218: Stopping worker thread...
2025-03-19 20:22:50 DEBUG _windows.py:201: Exiting thread
2025-03-19 20:22:50 DEBUG _windows.py:75: Closing
2025-03-19 20:29:04 INFO log.py:21: Yasb v1.6.5
2025-03-19 20:29:04 DEBUG win32.py:55: Looking up time zone info from registry
2025-03-19 20:29:04 DEBUG __init__.py:149: CoInitializeEx(None, 2)
2025-03-19 20:29:05 INFO app_bar.py:103: Bar Created on Screen: EA232WMi [Bar Height: 50px, DPI Scale: 1.0, Scale Screen: True, Screen Geometry: X: 0, Y: 0, Screen Width: 1920, Screen Height: 1080]
2025-03-19 20:29:05 INFO event_listener.py:52: Created named pipe yasb-09d4eef0-04f0-11f0-8609-58cdc9ee9bc0
2025-03-19 20:29:05 INFO event_listener.py:106: Waiting for Komorebi to subscribe to named pipe yasb-09d4eef0-04f0-11f0-8609-58cdc9ee9bc0
2025-03-19 20:29:05 INFO watcher.py:39: Created file watcher for path C:\Users\bilay\.config\yasb
2025-03-19 20:29:05 DEBUG _windows.py:213: Starting (proactor: <_IocpProactor overlapped#=0 result#=0>)...
2025-03-19 20:29:05 DEBUG _windows.py:192: Thread started
2025-03-19 20:29:05 INFO event_listener.py:118: Komorebi connected to named pipe: yasb-09d4eef0-04f0-11f0-8609-58cdc9ee9bc0
2025-03-19 20:29:25 WARNING event_listener.py:83: Pipe has been ended: (109, 'PeekNamedPipe', 'The pipe has been ended.')
2025-03-19 20:29:25 INFO event_listener.py:93: Attempting to reconnect...
2025-03-19 20:29:26 INFO tray.py:241: Reloading Application...
2025-03-19 20:29:26 INFO log.py:21: Yasb v1.6.5
2025-03-19 20:29:26 DEBUG win32.py:55: Looking up time zone info from registry
2025-03-19 20:29:26 DEBUG __init__.py:149: CoInitializeEx(None, 2)
2025-03-19 20:29:26 INFO app_bar.py:103: Bar Created on Screen: EA232WMi [Bar Height: 50px, DPI Scale: 1.0, Scale Screen: True, Screen Geometry: X: 0, Y: 0, Screen Width: 1920, Screen Height: 1080]
2025-03-19 20:29:26 INFO event_listener.py:52: Created named pipe yasb-16af81c7-04f0-11f0-b0b1-58cdc9ee9bc0
2025-03-19 20:29:26 INFO event_listener.py:106: Waiting for Komorebi to subscribe to named pipe yasb-16af81c7-04f0-11f0-b0b1-58cdc9ee9bc0
2025-03-19 20:29:26 INFO watcher.py:39: Created file watcher for path C:\Users\bilay\.config\yasb
2025-03-19 20:29:26 DEBUG _windows.py:213: Starting (proactor: <_IocpProactor overlapped#=0 result#=0>)...
2025-03-19 20:29:26 DEBUG _windows.py:192: Thread started
2025-03-19 20:29:26 INFO event_listener.py:118: Komorebi connected to named pipe: yasb-16af81c7-04f0-11f0-b0b1-58cdc9ee9bc0
2025-03-19 20:29:30 INFO log.py:21: Yasb v1.6.5
2025-03-19 20:29:30 ERROR main.py:82: Another instance of the YASB is already running.
2025-03-19 21:06:43 WARNING event_listener.py:83: Pipe has been ended: (109, 'PeekNamedPipe', 'The pipe has been ended.')
2025-03-19 21:06:43 INFO event_listener.py:93: Attempting to reconnect...
2025-03-20 12:10:07 INFO log.py:21: Yasb v1.6.5
2025-03-20 12:10:08 DEBUG win32.py:55: Looking up time zone info from registry
2025-03-20 12:10:09 DEBUG __init__.py:149: CoInitializeEx(None, 2)
2025-03-20 12:10:09 INFO app_bar.py:103: Bar Created on Screen: EA232WMi [Bar Height: 50px, DPI Scale: 1.0, Scale Screen: True, Screen Geometry: X: 0, Y: 0, Screen Width: 1920, Screen Height: 1080]
2025-03-20 12:10:10 INFO event_listener.py:52: Created named pipe yasb-819ba0d8-0573-11f0-81a1-58cdc9ee9bc0
2025-03-20 12:10:10 INFO event_listener.py:106: Waiting for Komorebi to subscribe to named pipe yasb-819ba0d8-0573-11f0-81a1-58cdc9ee9bc0
2025-03-20 12:10:10 INFO watcher.py:39: Created file watcher for path C:\Users\bilay\.config\yasb
2025-03-20 12:10:10 DEBUG _windows.py:213: Starting (proactor: <_IocpProactor overlapped#=0 result#=0>)...
2025-03-20 12:10:10 DEBUG _windows.py:192: Thread started
2025-03-20 12:10:10 INFO event_listener.py:118: Komorebi connected to named pipe: yasb-819ba0d8-0573-11f0-81a1-58cdc9ee9bc0
2025-03-20 12:10:12 WARNING event_listener.py:83: Pipe has been ended: (109, 'PeekNamedPipe', 'The pipe has been ended.')
2025-03-20 12:10:12 INFO event_listener.py:93: Attempting to reconnect...
2025-03-20 12:10:12 INFO tray.py:241: Reloading Application...
2025-03-20 12:10:12 INFO log.py:21: Yasb v1.6.5
2025-03-20 12:10:12 DEBUG win32.py:55: Looking up time zone info from registry
2025-03-20 12:10:13 DEBUG __init__.py:149: CoInitializeEx(None, 2)
2025-03-20 12:10:13 INFO app_bar.py:103: Bar Created on Screen: EA232WMi [Bar Height: 50px, DPI Scale: 1.0, Scale Screen: True, Screen Geometry: X: 0, Y: 0, Screen Width: 1920, Screen Height: 1080]
2025-03-20 12:10:13 INFO event_listener.py:52: Created named pipe yasb-836caf6c-0573-11f0-b8ba-58cdc9ee9bc0
2025-03-20 12:10:13 INFO event_listener.py:106: Waiting for Komorebi to subscribe to named pipe yasb-836caf6c-0573-11f0-b8ba-58cdc9ee9bc0
2025-03-20 12:10:13 INFO watcher.py:39: Created file watcher for path C:\Users\bilay\.config\yasb
2025-03-20 12:10:13 DEBUG _windows.py:213: Starting (proactor: <_IocpProactor overlapped#=0 result#=0>)...
2025-03-20 12:10:13 DEBUG _windows.py:192: Thread started
2025-03-20 12:10:13 INFO event_listener.py:118: Komorebi connected to named pipe: yasb-836caf6c-0573-11f0-b8ba-58cdc9ee9bc0
2025-03-20 12:10:16 INFO log.py:21: Yasb v1.6.5
2025-03-20 12:10:16 ERROR main.py:82: Another instance of the YASB is already running.
2025-03-20 12:12:27 WARNING event_listener.py:83: Pipe has been ended: (109, 'PeekNamedPipe', 'The pipe has been ended.')
2025-03-20 12:12:27 INFO event_listener.py:93: Attempting to reconnect...
2025-03-20 12:12:32 INFO event_listener.py:52: Created named pipe yasb-836caf6c-0573-11f0-b8ba-58cdc9ee9bc0
2025-03-20 12:12:32 INFO event_listener.py:106: Waiting for Komorebi to subscribe to named pipe yasb-836caf6c-0573-11f0-b8ba-58cdc9ee9bc0
2025-03-20 12:12:32 WARNING event_listener.py:111: Komorebi failed to subscribe named pipe. Waiting for subscription...
2025-03-20 12:12:33 INFO tray.py:247: Exiting Application...
2025-03-20 12:12:33 DEBUG _windows.py:218: Stopping worker thread...
2025-03-20 12:12:33 DEBUG _windows.py:201: Exiting thread
2025-03-20 12:12:33 DEBUG _windows.py:75: Closing
2025-03-20 12:13:57 INFO log.py:21: Yasb v1.6.5
2025-03-20 12:13:57 DEBUG win32.py:55: Looking up time zone info from registry
2025-03-20 12:13:58 DEBUG __init__.py:149: CoInitializeEx(None, 2)
2025-03-20 12:13:58 INFO app_bar.py:103: Bar Created on Screen: EA232WMi [Bar Height: 50px, DPI Scale: 1.0, Scale Screen: True, Screen Geometry: X: 0, Y: 0, Screen Width: 1920, Screen Height: 1080]
2025-03-20 12:13:58 INFO event_listener.py:52: Created named pipe yasb-09854711-0574-11f0-9ba7-58cdc9ee9bc0
2025-03-20 12:13:58 INFO event_listener.py:106: Waiting for Komorebi to subscribe to named pipe yasb-09854711-0574-11f0-9ba7-58cdc9ee9bc0
2025-03-20 12:13:58 INFO watcher.py:39: Created file watcher for path C:\Users\bilay\.config\yasb
2025-03-20 12:13:58 DEBUG _windows.py:213: Starting (proactor: <_IocpProactor overlapped#=0 result#=0>)...
2025-03-20 12:13:58 DEBUG _windows.py:192: Thread started
2025-03-20 12:13:58 INFO event_listener.py:118: Komorebi connected to named pipe: yasb-09854711-0574-11f0-9ba7-58cdc9ee9bc0
2025-03-20 12:35:49 WARNING event_listener.py:83: Pipe has been ended: (109, 'PeekNamedPipe', 'The pipe has been ended.')
2025-03-20 12:35:49 INFO event_listener.py:93: Attempting to reconnect...
2025-03-20 12:35:50 INFO tray.py:241: Reloading Application...
2025-03-20 12:35:50 INFO log.py:21: Yasb v1.6.5
2025-03-20 12:35:51 DEBUG win32.py:55: Looking up time zone info from registry
2025-03-20 12:35:52 DEBUG __init__.py:149: CoInitializeEx(None, 2)
2025-03-20 12:35:52 INFO app_bar.py:103: Bar Created on Screen: EA232WMi [Bar Height: 50px, DPI Scale: 1.0, Scale Screen: True, Screen Geometry: X: 0, Y: 0, Screen Width: 1920, Screen Height: 1080]
2025-03-20 12:35:52 INFO event_listener.py:52: Created named pipe yasb-190ba565-0577-11f0-a4f8-58cdc9ee9bc0
2025-03-20 12:35:52 INFO event_listener.py:106: Waiting for Komorebi to subscribe to named pipe yasb-190ba565-0577-11f0-a4f8-58cdc9ee9bc0
2025-03-20 12:35:52 INFO watcher.py:39: Created file watcher for path C:\Users\bilay\.config\yasb
2025-03-20 12:35:52 DEBUG _windows.py:213: Starting (proactor: <_IocpProactor overlapped#=0 result#=0>)...
2025-03-20 12:35:52 DEBUG _windows.py:192: Thread started
2025-03-20 12:35:52 INFO event_listener.py:118: Komorebi connected to named pipe: yasb-190ba565-0577-11f0-a4f8-58cdc9ee9bc0
2025-03-20 12:35:55 INFO log.py:21: Yasb v1.6.5
2025-03-20 12:35:55 ERROR main.py:82: Another instance of the YASB is already running.
2025-03-20 12:36:00 WARNING event_listener.py:83: Pipe has been ended: (109, 'PeekNamedPipe', 'The pipe has been ended.')
2025-03-20 12:36:00 INFO event_listener.py:93: Attempting to reconnect...
2025-03-20 12:36:00 INFO tray.py:247: Exiting Application...
2025-03-20 12:36:00 DEBUG _windows.py:218: Stopping worker thread...
2025-03-20 12:36:00 DEBUG _windows.py:201: Exiting thread
2025-03-20 12:36:00 DEBUG _windows.py:75: Closing
2025-03-20 12:36:11 INFO log.py:21: Yasb v1.6.5
2025-03-20 12:36:11 DEBUG win32.py:55: Looking up time zone info from registry
2025-03-20 12:36:11 DEBUG __init__.py:149: CoInitializeEx(None, 2)
2025-03-20 12:36:11 INFO app_bar.py:103: Bar Created on Screen: EA232WMi [Bar Height: 50px, DPI Scale: 1.0, Scale Screen: True, Screen Geometry: X: 0, Y: 0, Screen Width: 1920, Screen Height: 1080]
2025-03-20 12:36:12 INFO event_listener.py:52: Created named pipe yasb-248608cf-0577-11f0-9a26-58cdc9ee9bc0
2025-03-20 12:36:12 INFO event_listener.py:106: Waiting for Komorebi to subscribe to named pipe yasb-248608cf-0577-11f0-9a26-58cdc9ee9bc0
2025-03-20 12:36:12 INFO watcher.py:39: Created file watcher for path C:\Users\bilay\.config\yasb
2025-03-20 12:36:12 DEBUG _windows.py:213: Starting (proactor: <_IocpProactor overlapped#=0 result#=0>)...
2025-03-20 12:36:12 DEBUG _windows.py:192: Thread started
2025-03-20 12:36:12 INFO event_listener.py:118: Komorebi connected to named pipe: yasb-248608cf-0577-11f0-9a26-58cdc9ee9bc0
2025-03-20 15:15:51 WARNING event_listener.py:83: Pipe has been ended: (109, 'PeekNamedPipe', 'The pipe has been ended.')
2025-03-20 15:15:51 INFO event_listener.py:93: Attempting to reconnect...
2025-03-20 15:42:10 INFO log.py:21: Yasb v1.6.5
2025-03-20 15:42:10 DEBUG win32.py:55: Looking up time zone info from registry
2025-03-20 15:42:12 DEBUG __init__.py:149: CoInitializeEx(None, 2)
2025-03-20 15:42:12 INFO app_bar.py:103: Bar Created on Screen: EA232WMi [Bar Height: 50px, DPI Scale: 1.0, Scale Screen: True, Screen Geometry: X: 0, Y: 0, Screen Width: 1920, Screen Height: 1080]
2025-03-20 15:42:12 INFO event_listener.py:52: Created named pipe yasb-20d9218b-0591-11f0-b56a-58cdc9ee9bc0
2025-03-20 15:42:12 INFO event_listener.py:106: Waiting for Komorebi to subscribe to named pipe yasb-20d9218b-0591-11f0-b56a-58cdc9ee9bc0
2025-03-20 15:42:12 INFO watcher.py:39: Created file watcher for path C:\Users\bilay\.config\yasb
2025-03-20 15:42:12 DEBUG _windows.py:213: Starting (proactor: <_IocpProactor overlapped#=0 result#=0>)...
2025-03-20 15:42:12 DEBUG _windows.py:192: Thread started
2025-03-20 15:42:12 INFO event_listener.py:118: Komorebi connected to named pipe: yasb-20d9218b-0591-11f0-b56a-58cdc9ee9bc0
2025-03-20 16:13:38 WARNING event_listener.py:83: Pipe has been ended: (109, 'PeekNamedPipe', 'The pipe has been ended.')
2025-03-20 16:13:38 INFO event_listener.py:93: Attempting to reconnect...
2025-03-20 18:47:51 INFO log.py:21: Yasb v1.6.5
2025-03-20 18:47:51 DEBUG win32.py:55: Looking up time zone info from registry
2025-03-20 18:47:52 DEBUG __init__.py:149: CoInitializeEx(None, 2)
2025-03-20 18:47:53 INFO app_bar.py:103: Bar Created on Screen: EA232WMi [Bar Height: 50px, DPI Scale: 1.0, Scale Screen: True, Screen Geometry: X: 0, Y: 0, Screen Width: 1920, Screen Height: 1080]
2025-03-20 18:47:53 INFO event_listener.py:52: Created named pipe yasb-112d32fa-05ab-11f0-94ff-58cdc9ee9bc0
2025-03-20 18:47:53 INFO event_listener.py:106: Waiting for Komorebi to subscribe to named pipe yasb-112d32fa-05ab-11f0-94ff-58cdc9ee9bc0
2025-03-20 18:47:53 INFO watcher.py:39: Created file watcher for path C:\Users\bilay\.config\yasb
2025-03-20 18:47:53 DEBUG _windows.py:213: Starting (proactor: <_IocpProactor overlapped#=0 result#=0>)...
2025-03-20 18:47:53 DEBUG _windows.py:192: Thread started
2025-03-20 18:47:53 INFO event_listener.py:118: Komorebi connected to named pipe: yasb-112d32fa-05ab-11f0-94ff-58cdc9ee9bc0
2025-03-21 10:32:31 INFO log.py:21: Yasb v1.6.5
2025-03-21 10:32:32 DEBUG win32.py:55: Looking up time zone info from registry
2025-03-21 10:32:33 DEBUG __init__.py:149: CoInitializeEx(None, 2)
2025-03-21 10:32:33 INFO app_bar.py:103: Bar Created on Screen: EA232WMi [Bar Height: 50px, DPI Scale: 1.0, Scale Screen: True, Screen Geometry: X: 0, Y: 0, Screen Width: 1920, Screen Height: 1080]
2025-03-21 10:32:34 INFO event_listener.py:52: Created named pipe yasb-0979830b-062f-11f0-8ea3-58cdc9ee9bc0
2025-03-21 10:32:34 INFO event_listener.py:106: Waiting for Komorebi to subscribe to named pipe yasb-0979830b-062f-11f0-8ea3-58cdc9ee9bc0
2025-03-21 10:32:34 INFO watcher.py:39: Created file watcher for path C:\Users\bilay\.config\yasb
2025-03-21 10:32:34 DEBUG _windows.py:213: Starting (proactor: <_IocpProactor overlapped#=0 result#=0>)...
2025-03-21 10:32:34 DEBUG _windows.py:192: Thread started
2025-03-21 10:32:34 INFO event_listener.py:118: Komorebi connected to named pipe: yasb-0979830b-062f-11f0-8ea3-58cdc9ee9bc0
2025-03-21 11:29:20 INFO log.py:21: Yasb v1.6.5
2025-03-21 11:29:20 DEBUG win32.py:55: Looking up time zone info from registry
2025-03-21 11:29:21 DEBUG __init__.py:149: CoInitializeEx(None, 2)
2025-03-21 11:29:21 INFO app_bar.py:103: Bar Created on Screen: EA232WMi [Bar Height: 50px, DPI Scale: 1.0, Scale Screen: True, Screen Geometry: X: 0, Y: 0, Screen Width: 1920, Screen Height: 1080]
2025-03-21 11:29:21 INFO event_listener.py:52: Created named pipe yasb-f84e9fd2-0636-11f0-bc1d-58cdc9ee9bc0
2025-03-21 11:29:21 INFO event_listener.py:106: Waiting for Komorebi to subscribe to named pipe yasb-f84e9fd2-0636-11f0-bc1d-58cdc9ee9bc0
2025-03-21 11:29:21 INFO watcher.py:39: Created file watcher for path C:\Users\bilay\.config\yasb
2025-03-21 11:29:21 DEBUG _windows.py:213: Starting (proactor: <_IocpProactor overlapped#=0 result#=0>)...
2025-03-21 11:29:21 DEBUG _windows.py:192: Thread started
2025-03-21 11:29:21 INFO event_listener.py:118: Komorebi connected to named pipe: yasb-f84e9fd2-0636-11f0-bc1d-58cdc9ee9bc0
2025-03-21 11:30:27 INFO log.py:21: Yasb v1.6.5
2025-03-21 11:30:27 DEBUG win32.py:55: Looking up time zone info from registry
2025-03-21 11:30:28 DEBUG __init__.py:149: CoInitializeEx(None, 2)
2025-03-21 11:30:28 INFO app_bar.py:103: Bar Created on Screen: EA232WMi [Bar Height: 50px, DPI Scale: 1.0, Scale Screen: True, Screen Geometry: X: 0, Y: 0, Screen Width: 1920, Screen Height: 1080]
2025-03-21 11:30:28 INFO event_listener.py:52: Created named pipe yasb-204ef1be-0637-11f0-bcbb-58cdc9ee9bc0
2025-03-21 11:30:28 INFO event_listener.py:106: Waiting for Komorebi to subscribe to named pipe yasb-204ef1be-0637-11f0-bcbb-58cdc9ee9bc0
2025-03-21 11:30:28 INFO watcher.py:39: Created file watcher for path C:\Users\bilay\.config\yasb
2025-03-21 11:30:28 DEBUG _windows.py:213: Starting (proactor: <_IocpProactor overlapped#=0 result#=0>)...
2025-03-21 11:30:28 DEBUG _windows.py:192: Thread started
2025-03-21 11:30:28 INFO event_listener.py:118: Komorebi connected to named pipe: yasb-204ef1be-0637-11f0-bcbb-58cdc9ee9bc0
2025-03-21 11:30:49 INFO log.py:21: Yasb v1.6.5
2025-03-21 11:30:49 DEBUG win32.py:55: Looking up time zone info from registry
2025-03-21 11:30:49 ERROR widget_builder.py:64: Failed to import widget with type yasb.systray.SystrayWidget
Traceback (most recent call last):
  File "D:\a\yasb\yasb\src\core\utils\widget_builder.py", line 42, in _build_widget
  File "C:\hostedtoolcache\windows\Python\3.12.9\x64\Lib\importlib\__init__.py", line 90, in import_module
  File "<frozen importlib._bootstrap>", line 1387, in _gcd_import
  File "<frozen importlib._bootstrap>", line 1360, in _find_and_load
  File "<frozen importlib._bootstrap>", line 1324, in _find_and_load_unlocked
ModuleNotFoundError: No module named 'core.widgets.yasb.systray'
2025-03-21 11:30:49 DEBUG __init__.py:149: CoInitializeEx(None, 2)
2025-03-21 11:30:49 INFO app_bar.py:103: Bar Created on Screen: EA232WMi [Bar Height: 50px, DPI Scale: 1.0, Scale Screen: True, Screen Geometry: X: 0, Y: 0, Screen Width: 1920, Screen Height: 1080]
2025-03-21 11:30:49 ERROR widget_builder.py:101: Failed to build widget(s) due to unknown widget type(s)  - systray has unknown type "yasb.systray.SystrayWidget"
2025-03-21 11:30:49 INFO event_listener.py:52: Created named pipe yasb-2ce60793-0637-11f0-ae79-58cdc9ee9bc0
2025-03-21 11:30:49 INFO event_listener.py:106: Waiting for Komorebi to subscribe to named pipe yasb-2ce60793-0637-11f0-ae79-58cdc9ee9bc0
2025-03-21 11:30:49 INFO event_listener.py:118: Komorebi connected to named pipe: yasb-2ce60793-0637-11f0-ae79-58cdc9ee9bc0
2025-03-21 11:30:52 INFO watcher.py:39: Created file watcher for path C:\Users\bilay\.config\yasb
2025-03-21 11:30:52 DEBUG _windows.py:213: Starting (proactor: <_IocpProactor overlapped#=0 result#=0>)...
2025-03-21 11:30:52 DEBUG _windows.py:192: Thread started
2025-03-21 11:31:51 INFO log.py:21: Yasb v1.6.5
2025-03-21 11:31:51 ERROR main.py:82: Another instance of the YASB is already running.
2025-03-21 11:31:54 INFO log.py:21: Yasb v1.6.5
2025-03-21 11:31:54 ERROR main.py:82: Another instance of the YASB is already running.
2025-03-21 11:34:02 INFO tray.py:241: Reloading Application...
2025-03-21 11:34:02 INFO log.py:21: Yasb v1.6.5
2025-03-21 11:34:02 DEBUG win32.py:55: Looking up time zone info from registry
2025-03-21 11:34:02 ERROR widget_builder.py:64: Failed to import widget with type yasb.systray.SystrayWidget
Traceback (most recent call last):
  File "D:\a\yasb\yasb\src\core\utils\widget_builder.py", line 42, in _build_widget
  File "C:\hostedtoolcache\windows\Python\3.12.9\x64\Lib\importlib\__init__.py", line 90, in import_module
  File "<frozen importlib._bootstrap>", line 1387, in _gcd_import
  File "<frozen importlib._bootstrap>", line 1360, in _find_and_load
  File "<frozen importlib._bootstrap>", line 1324, in _find_and_load_unlocked
ModuleNotFoundError: No module named 'core.widgets.yasb.systray'
2025-03-21 11:34:02 DEBUG __init__.py:149: CoInitializeEx(None, 2)
2025-03-21 11:34:02 INFO app_bar.py:103: Bar Created on Screen: EA232WMi [Bar Height: 50px, DPI Scale: 1.0, Scale Screen: True, Screen Geometry: X: 0, Y: 0, Screen Width: 1920, Screen Height: 1080]
2025-03-21 11:34:02 INFO event_listener.py:52: Created named pipe yasb-a02aa128-0637-11f0-a220-58cdc9ee9bc0
2025-03-21 11:34:02 INFO event_listener.py:106: Waiting for Komorebi to subscribe to named pipe yasb-a02aa128-0637-11f0-a220-58cdc9ee9bc0
2025-03-21 11:34:02 ERROR widget_builder.py:101: Failed to build widget(s) due to unknown widget type(s)  - systray has unknown type "yasb.systray.SystrayWidget"
2025-03-21 11:34:02 INFO event_listener.py:118: Komorebi connected to named pipe: yasb-a02aa128-0637-11f0-a220-58cdc9ee9bc0
2025-03-21 11:34:13 INFO watcher.py:39: Created file watcher for path C:\Users\bilay\.config\yasb
2025-03-21 11:34:13 DEBUG _windows.py:213: Starting (proactor: <_IocpProactor overlapped#=0 result#=0>)...
2025-03-21 11:34:13 DEBUG _windows.py:192: Thread started
2025-03-21 11:36:45 DEBUG _windows.py:218: Stopping worker thread...
2025-03-21 11:36:45 DEBUG _windows.py:201: Exiting thread
2025-03-21 11:36:45 DEBUG _windows.py:75: Closing
2025-03-21 11:41:33 INFO log.py:21: Yasb v1.6.5
2025-03-21 11:41:33 DEBUG win32.py:55: Looking up time zone info from registry
2025-03-21 11:41:35 ERROR widget_builder.py:64: Failed to import widget with type yasb.systray.SystrayWidget
Traceback (most recent call last):
  File "D:\a\yasb\yasb\src\core\utils\widget_builder.py", line 42, in _build_widget
  File "C:\hostedtoolcache\windows\Python\3.12.9\x64\Lib\importlib\__init__.py", line 90, in import_module
  File "<frozen importlib._bootstrap>", line 1387, in _gcd_import
  File "<frozen importlib._bootstrap>", line 1360, in _find_and_load
  File "<frozen importlib._bootstrap>", line 1324, in _find_and_load_unlocked
ModuleNotFoundError: No module named 'core.widgets.yasb.systray'
2025-03-21 11:41:35 DEBUG __init__.py:149: CoInitializeEx(None, 2)
2025-03-21 11:41:35 INFO app_bar.py:103: Bar Created on Screen: EA232WMi [Bar Height: 50px, DPI Scale: 1.0, Scale Screen: True, Screen Geometry: X: 0, Y: 0, Screen Width: 1920, Screen Height: 1080]
2025-03-21 11:41:35 ERROR widget_builder.py:101: Failed to build widget(s) due to unknown widget type(s)  - systray has unknown type "yasb.systray.SystrayWidget"
2025-03-21 11:41:35 INFO event_listener.py:52: Created named pipe yasb-ade3caaa-0638-11f0-b471-58cdc9ee9bc0
2025-03-21 11:41:35 INFO event_listener.py:106: Waiting for Komorebi to subscribe to named pipe yasb-ade3caaa-0638-11f0-b471-58cdc9ee9bc0
2025-03-21 11:41:35 INFO event_listener.py:118: Komorebi connected to named pipe: yasb-ade3caaa-0638-11f0-b471-58cdc9ee9bc0
2025-03-21 11:41:38 INFO watcher.py:39: Created file watcher for path C:\Users\bilay\.config\yasb
2025-03-21 11:41:38 DEBUG _windows.py:213: Starting (proactor: <_IocpProactor overlapped#=0 result#=0>)...
2025-03-21 11:41:38 DEBUG _windows.py:192: Thread started
2025-03-21 11:44:13 INFO log.py:21: Yasb v1.6.5
2025-03-21 11:44:14 DEBUG win32.py:55: Looking up time zone info from registry
2025-03-21 11:44:14 DEBUG __init__.py:149: CoInitializeEx(None, 2)
2025-03-21 11:44:14 INFO app_bar.py:103: Bar Created on Screen: EA232WMi [Bar Height: 50px, DPI Scale: 1.0, Scale Screen: True, Screen Geometry: X: 0, Y: 0, Screen Width: 1920, Screen Height: 1080]
2025-03-21 11:44:14 INFO event_listener.py:52: Created named pipe yasb-0ca770e1-0639-11f0-8e78-58cdc9ee9bc0
2025-03-21 11:44:14 INFO event_listener.py:106: Waiting for Komorebi to subscribe to named pipe yasb-0ca770e1-0639-11f0-8e78-58cdc9ee9bc0
2025-03-21 11:44:14 INFO watcher.py:39: Created file watcher for path C:\Users\bilay\.config\yasb
2025-03-21 11:44:14 DEBUG _windows.py:213: Starting (proactor: <_IocpProactor overlapped#=0 result#=0>)...
2025-03-21 11:44:14 DEBUG _windows.py:192: Thread started
2025-03-21 11:44:14 INFO event_listener.py:118: Komorebi connected to named pipe: yasb-0ca770e1-0639-11f0-8e78-58cdc9ee9bc0
2025-03-21 11:46:48 INFO log.py:21: Yasb v1.6.5
2025-03-21 11:46:48 DEBUG win32.py:55: Looking up time zone info from registry
2025-03-21 11:46:49 DEBUG __init__.py:149: CoInitializeEx(None, 2)
2025-03-21 11:46:49 INFO app_bar.py:103: Bar Created on Screen: EA232WMi [Bar Height: 50px, DPI Scale: 1.0, Scale Screen: True, Screen Geometry: X: 0, Y: 0, Screen Width: 1920, Screen Height: 1080]
2025-03-21 11:46:49 INFO event_listener.py:52: Created named pipe yasb-68f6e074-0639-11f0-b0ba-58cdc9ee9bc0
2025-03-21 11:46:49 INFO event_listener.py:106: Waiting for Komorebi to subscribe to named pipe yasb-68f6e074-0639-11f0-b0ba-58cdc9ee9bc0
2025-03-21 11:46:49 INFO watcher.py:39: Created file watcher for path C:\Users\bilay\.config\yasb
2025-03-21 11:46:49 DEBUG _windows.py:213: Starting (proactor: <_IocpProactor overlapped#=0 result#=0>)...
2025-03-21 11:46:49 DEBUG _windows.py:192: Thread started
2025-03-21 11:46:49 INFO event_listener.py:118: Komorebi connected to named pipe: yasb-68f6e074-0639-11f0-b0ba-58cdc9ee9bc0
2025-03-21 11:54:42 INFO log.py:21: Yasb v1.6.5
2025-03-21 11:54:43 DEBUG win32.py:55: Looking up time zone info from registry
2025-03-21 11:54:43 DEBUG __init__.py:149: CoInitializeEx(None, 2)
2025-03-21 11:54:43 INFO app_bar.py:103: Bar Created on Screen: EA232WMi [Bar Height: 50px, DPI Scale: 1.0, Scale Screen: True, Screen Geometry: X: 0, Y: 0, Screen Width: 1920, Screen Height: 1080]
2025-03-21 11:54:44 INFO event_listener.py:52: Created named pipe yasb-84057e49-063a-11f0-ab0d-58cdc9ee9bc0
2025-03-21 11:54:44 INFO event_listener.py:106: Waiting for Komorebi to subscribe to named pipe yasb-84057e49-063a-11f0-ab0d-58cdc9ee9bc0
2025-03-21 11:54:44 INFO watcher.py:39: Created file watcher for path C:\Users\bilay\.config\yasb
2025-03-21 11:54:44 DEBUG _windows.py:213: Starting (proactor: <_IocpProactor overlapped#=0 result#=0>)...
2025-03-21 11:54:44 DEBUG _windows.py:192: Thread started
2025-03-21 11:54:44 INFO event_listener.py:118: Komorebi connected to named pipe: yasb-84057e49-063a-11f0-ab0d-58cdc9ee9bc0
2025-03-21 11:54:47 INFO log.py:21: Yasb v1.6.5
2025-03-21 11:54:48 DEBUG win32.py:55: Looking up time zone info from registry
2025-03-21 11:54:48 DEBUG __init__.py:149: CoInitializeEx(None, 2)
2025-03-21 11:54:48 INFO app_bar.py:103: Bar Created on Screen: EA232WMi [Bar Height: 50px, DPI Scale: 1.0, Scale Screen: True, Screen Geometry: X: 0, Y: 0, Screen Width: 1920, Screen Height: 1080]
2025-03-21 11:54:48 INFO event_listener.py:52: Created named pipe yasb-8691be3d-063a-11f0-b019-58cdc9ee9bc0
2025-03-21 11:54:48 INFO event_listener.py:106: Waiting for Komorebi to subscribe to named pipe yasb-8691be3d-063a-11f0-b019-58cdc9ee9bc0
2025-03-21 11:54:48 INFO watcher.py:39: Created file watcher for path C:\Users\bilay\.config\yasb
2025-03-21 11:54:48 DEBUG _windows.py:213: Starting (proactor: <_IocpProactor overlapped#=0 result#=0>)...
2025-03-21 11:54:48 DEBUG _windows.py:192: Thread started
2025-03-21 11:54:48 INFO event_listener.py:118: Komorebi connected to named pipe: yasb-8691be3d-063a-11f0-b019-58cdc9ee9bc0
2025-03-21 11:54:55 INFO log.py:21: Yasb v1.6.5
2025-03-21 11:54:55 DEBUG win32.py:55: Looking up time zone info from registry
2025-03-21 11:54:55 DEBUG __init__.py:149: CoInitializeEx(None, 2)
2025-03-21 11:54:55 INFO app_bar.py:103: Bar Created on Screen: EA232WMi [Bar Height: 50px, DPI Scale: 1.0, Scale Screen: True, Screen Geometry: X: 0, Y: 0, Screen Width: 1920, Screen Height: 1080]
2025-03-21 11:54:56 INFO event_listener.py:52: Created named pipe yasb-8b2c5fbb-063a-11f0-adf7-58cdc9ee9bc0
2025-03-21 11:54:56 INFO event_listener.py:106: Waiting for Komorebi to subscribe to named pipe yasb-8b2c5fbb-063a-11f0-adf7-58cdc9ee9bc0
2025-03-21 11:54:56 INFO watcher.py:39: Created file watcher for path C:\Users\bilay\.config\yasb
2025-03-21 11:54:56 DEBUG _windows.py:213: Starting (proactor: <_IocpProactor overlapped#=0 result#=0>)...
2025-03-21 11:54:56 DEBUG _windows.py:192: Thread started
2025-03-21 11:54:56 INFO event_listener.py:118: Komorebi connected to named pipe: yasb-8b2c5fbb-063a-11f0-adf7-58cdc9ee9bc0
2025-03-21 11:54:59 INFO log.py:21: Yasb v1.6.5
2025-03-21 11:54:59 DEBUG win32.py:55: Looking up time zone info from registry
2025-03-21 11:54:59 DEBUG __init__.py:149: CoInitializeEx(None, 2)
2025-03-21 11:54:59 INFO app_bar.py:103: Bar Created on Screen: EA232WMi [Bar Height: 50px, DPI Scale: 1.0, Scale Screen: True, Screen Geometry: X: 0, Y: 0, Screen Width: 1920, Screen Height: 1080]
2025-03-21 11:54:59 INFO event_listener.py:52: Created named pipe yasb-8d76f330-063a-11f0-8da5-58cdc9ee9bc0
2025-03-21 11:54:59 INFO event_listener.py:106: Waiting for Komorebi to subscribe to named pipe yasb-8d76f330-063a-11f0-8da5-58cdc9ee9bc0
2025-03-21 11:55:00 INFO watcher.py:39: Created file watcher for path C:\Users\bilay\.config\yasb
2025-03-21 11:55:00 DEBUG _windows.py:213: Starting (proactor: <_IocpProactor overlapped#=0 result#=0>)...
2025-03-21 11:55:00 DEBUG _windows.py:192: Thread started
2025-03-21 11:55:00 INFO event_listener.py:118: Komorebi connected to named pipe: yasb-8d76f330-063a-11f0-8da5-58cdc9ee9bc0
2025-03-21 11:56:00 INFO bar_manager.py:46: Successfully loaded updated stylesheet and applied to all bars.
2025-03-21 11:56:10 INFO bar_manager.py:46: Successfully loaded updated stylesheet and applied to all bars.
2025-03-21 11:56:19 INFO bar_manager.py:46: Successfully loaded updated stylesheet and applied to all bars.
2025-03-21 11:56:36 INFO bar_manager.py:46: Successfully loaded updated stylesheet and applied to all bars.
2025-03-21 11:56:41 INFO bar_manager.py:46: Successfully loaded updated stylesheet and applied to all bars.
2025-03-21 11:56:46 INFO bar_manager.py:46: Successfully loaded updated stylesheet and applied to all bars.
2025-03-21 11:56:54 INFO bar_manager.py:46: Successfully loaded updated stylesheet and applied to all bars.
2025-03-21 11:56:56 INFO bar_manager.py:46: Successfully loaded updated stylesheet and applied to all bars.
2025-03-21 11:56:59 INFO bar_manager.py:46: Successfully loaded updated stylesheet and applied to all bars.
2025-03-21 11:57:17 INFO bar_manager.py:46: Successfully loaded updated stylesheet and applied to all bars.
2025-03-21 11:57:20 INFO bar_manager.py:46: Successfully loaded updated stylesheet and applied to all bars.
2025-03-21 11:57:22 INFO bar_manager.py:46: Successfully loaded updated stylesheet and applied to all bars.
2025-03-21 11:57:24 INFO bar_manager.py:46: Successfully loaded updated stylesheet and applied to all bars.
2025-03-21 11:57:28 INFO bar_manager.py:46: Successfully loaded updated stylesheet and applied to all bars.
2025-03-21 11:57:42 INFO bar_manager.py:46: Successfully loaded updated stylesheet and applied to all bars.
2025-03-21 11:58:13 INFO bar_manager.py:46: Successfully loaded updated stylesheet and applied to all bars.
2025-03-21 11:58:27 INFO bar_manager.py:46: Successfully loaded updated stylesheet and applied to all bars.
2025-03-21 11:58:33 INFO bar_manager.py:46: Successfully loaded updated stylesheet and applied to all bars.
2025-03-21 11:58:39 INFO bar_manager.py:46: Successfully loaded updated stylesheet and applied to all bars.
2025-03-21 11:58:53 INFO bar_manager.py:46: Successfully loaded updated stylesheet and applied to all bars.
2025-03-21 11:58:58 INFO bar_manager.py:46: Successfully loaded updated stylesheet and applied to all bars.
2025-03-21 11:59:07 INFO bar_manager.py:46: Successfully loaded updated stylesheet and applied to all bars.
2025-03-21 12:00:50 INFO bar_manager.py:46: Successfully loaded updated stylesheet and applied to all bars.
2025-03-21 12:00:54 INFO bar_manager.py:46: Successfully loaded updated stylesheet and applied to all bars.
2025-03-21 12:00:59 INFO bar_manager.py:46: Successfully loaded updated stylesheet and applied to all bars.
2025-03-21 12:01:04 INFO bar_manager.py:46: Successfully loaded updated stylesheet and applied to all bars.
2025-03-21 12:01:30 INFO bar_manager.py:46: Successfully loaded updated stylesheet and applied to all bars.
2025-03-21 12:01:34 INFO bar_manager.py:46: Successfully loaded updated stylesheet and applied to all bars.
2025-03-21 12:01:37 INFO bar_manager.py:46: Successfully loaded updated stylesheet and applied to all bars.
2025-03-21 12:01:42 INFO bar_manager.py:46: Successfully loaded updated stylesheet and applied to all bars.
2025-03-21 12:01:48 INFO bar_manager.py:46: Successfully loaded updated stylesheet and applied to all bars.
2025-03-21 12:01:58 INFO bar_manager.py:46: Successfully loaded updated stylesheet and applied to all bars.
2025-03-21 12:05:03 ERROR config.py:89: The config file 'C:\Users\bilay\.config\yasb\config.yaml' contains validation errors. Please fix:
bars:
- secondary:
  - alignment:
    - position:
      - unallowed value left

2025-03-21 12:05:03 ERROR config.py:89: The config file 'C:\Users\bilay\.config\yasb\config.yaml' contains validation errors. Please fix:
bars:
- secondary:
  - alignment:
    - position:
      - unallowed value left

2025-03-21 12:05:03 ERROR config.py:89: The config file 'C:\Users\bilay\.config\yasb\config.yaml' contains validation errors. Please fix:
bars:
- secondary:
  - alignment:
    - position:
      - unallowed value left

2025-03-21 12:05:23 INFO log.py:21: Yasb v1.6.5
2025-03-21 12:05:23 DEBUG win32.py:55: Looking up time zone info from registry
2025-03-21 12:05:24 DEBUG __init__.py:149: CoInitializeEx(None, 2)
2025-03-21 12:05:24 INFO app_bar.py:103: Bar Created on Screen: EA232WMi [Bar Height: 50px, DPI Scale: 1.0, Scale Screen: True, Screen Geometry: X: 0, Y: 0, Screen Width: 1920, Screen Height: 1080]
2025-03-21 12:05:24 INFO app_bar.py:103: Bar Created on Screen: EA232WMi [Bar Height: 50px, DPI Scale: 1.0, Scale Screen: True, Screen Geometry: X: 0, Y: 0, Screen Width: 1920, Screen Height: 1080]
2025-03-21 12:05:24 INFO event_listener.py:52: Created named pipe yasb-019b6d31-063c-11f0-a4cb-58cdc9ee9bc0
2025-03-21 12:05:24 INFO event_listener.py:106: Waiting for Komorebi to subscribe to named pipe yasb-019b6d31-063c-11f0-a4cb-58cdc9ee9bc0
2025-03-21 12:05:24 INFO watcher.py:39: Created file watcher for path C:\Users\bilay\.config\yasb
2025-03-21 12:05:24 DEBUG _windows.py:213: Starting (proactor: <_IocpProactor overlapped#=0 result#=0>)...
2025-03-21 12:05:24 DEBUG _windows.py:192: Thread started
2025-03-21 12:05:25 INFO event_listener.py:118: Komorebi connected to named pipe: yasb-019b6d31-063c-11f0-a4cb-58cdc9ee9bc0
2025-03-21 12:05:53 INFO log.py:21: Yasb v1.6.5
2025-03-21 12:05:53 DEBUG win32.py:55: Looking up time zone info from registry
2025-03-21 12:05:54 DEBUG __init__.py:149: CoInitializeEx(None, 2)
2025-03-21 12:05:54 INFO app_bar.py:103: Bar Created on Screen: EA232WMi [Bar Height: 50px, DPI Scale: 1.0, Scale Screen: True, Screen Geometry: X: 0, Y: 0, Screen Width: 1920, Screen Height: 1080]
2025-03-21 12:05:54 INFO app_bar.py:103: Bar Created on Screen: EA232WMi [Bar Height: 50px, DPI Scale: 1.0, Scale Screen: True, Screen Geometry: X: 0, Y: 0, Screen Width: 1920, Screen Height: 1080]
2025-03-21 12:05:54 INFO event_listener.py:52: Created named pipe yasb-138a782b-063c-11f0-a943-58cdc9ee9bc0
2025-03-21 12:05:54 INFO event_listener.py:106: Waiting for Komorebi to subscribe to named pipe yasb-138a782b-063c-11f0-a943-58cdc9ee9bc0
2025-03-21 12:05:54 INFO watcher.py:39: Created file watcher for path C:\Users\bilay\.config\yasb
2025-03-21 12:05:54 DEBUG _windows.py:213: Starting (proactor: <_IocpProactor overlapped#=0 result#=0>)...
2025-03-21 12:05:54 DEBUG _windows.py:192: Thread started
2025-03-21 12:05:55 INFO event_listener.py:118: Komorebi connected to named pipe: yasb-138a782b-063c-11f0-a943-58cdc9ee9bc0
2025-03-21 12:06:22 INFO log.py:21: Yasb v1.6.5
2025-03-21 12:06:22 DEBUG win32.py:55: Looking up time zone info from registry
2025-03-21 12:06:22 DEBUG __init__.py:149: CoInitializeEx(None, 2)
2025-03-21 12:06:22 INFO app_bar.py:103: Bar Created on Screen: EA232WMi [Bar Height: 50px, DPI Scale: 1.0, Scale Screen: True, Screen Geometry: X: 0, Y: 0, Screen Width: 1920, Screen Height: 1080]
2025-03-21 12:06:22 INFO app_bar.py:103: Bar Created on Screen: EA232WMi [Bar Height: 50px, DPI Scale: 1.0, Scale Screen: True, Screen Geometry: X: 0, Y: 0, Screen Width: 1920, Screen Height: 1080]
2025-03-21 12:06:22 INFO event_listener.py:52: Created named pipe yasb-2469afcc-063c-11f0-b571-58cdc9ee9bc0
2025-03-21 12:06:22 INFO event_listener.py:106: Waiting for Komorebi to subscribe to named pipe yasb-2469afcc-063c-11f0-b571-58cdc9ee9bc0
2025-03-21 12:06:22 INFO watcher.py:39: Created file watcher for path C:\Users\bilay\.config\yasb
2025-03-21 12:06:22 DEBUG _windows.py:213: Starting (proactor: <_IocpProactor overlapped#=0 result#=0>)...
2025-03-21 12:06:22 DEBUG _windows.py:192: Thread started
2025-03-21 12:06:23 INFO event_listener.py:118: Komorebi connected to named pipe: yasb-2469afcc-063c-11f0-b571-58cdc9ee9bc0
2025-03-21 12:06:31 INFO log.py:21: Yasb v1.6.5
2025-03-21 12:06:31 DEBUG win32.py:55: Looking up time zone info from registry
2025-03-21 12:06:32 DEBUG __init__.py:149: CoInitializeEx(None, 2)
2025-03-21 12:06:32 INFO app_bar.py:103: Bar Created on Screen: EA232WMi [Bar Height: 50px, DPI Scale: 1.0, Scale Screen: True, Screen Geometry: X: 0, Y: 0, Screen Width: 1920, Screen Height: 1080]
2025-03-21 12:06:32 INFO app_bar.py:103: Bar Created on Screen: EA232WMi [Bar Height: 58px, DPI Scale: 1.0, Scale Screen: True, Screen Geometry: X: 0, Y: 0, Screen Width: 1920, Screen Height: 1080]
2025-03-21 12:06:32 INFO event_listener.py:52: Created named pipe yasb-2a33d25c-063c-11f0-935f-58cdc9ee9bc0
2025-03-21 12:06:32 INFO event_listener.py:106: Waiting for Komorebi to subscribe to named pipe yasb-2a33d25c-063c-11f0-935f-58cdc9ee9bc0
2025-03-21 12:06:32 INFO watcher.py:39: Created file watcher for path C:\Users\bilay\.config\yasb
2025-03-21 12:06:32 DEBUG _windows.py:213: Starting (proactor: <_IocpProactor overlapped#=0 result#=0>)...
2025-03-21 12:06:32 DEBUG _windows.py:192: Thread started
2025-03-21 12:06:32 INFO event_listener.py:118: Komorebi connected to named pipe: yasb-2a33d25c-063c-11f0-935f-58cdc9ee9bc0
2025-03-21 12:06:37 INFO log.py:21: Yasb v1.6.5
2025-03-21 12:06:37 DEBUG win32.py:55: Looking up time zone info from registry
2025-03-21 12:06:37 DEBUG __init__.py:149: CoInitializeEx(None, 2)
2025-03-21 12:06:37 INFO app_bar.py:103: Bar Created on Screen: EA232WMi [Bar Height: 50px, DPI Scale: 1.0, Scale Screen: True, Screen Geometry: X: 0, Y: 0, Screen Width: 1920, Screen Height: 1080]
2025-03-21 12:06:38 INFO app_bar.py:103: Bar Created on Screen: EA232WMi [Bar Height: 50px, DPI Scale: 1.0, Scale Screen: True, Screen Geometry: X: 0, Y: 0, Screen Width: 1920, Screen Height: 1080]
2025-03-21 12:06:38 INFO event_listener.py:52: Created named pipe yasb-2daba3a6-063c-11f0-bf68-58cdc9ee9bc0
2025-03-21 12:06:38 INFO event_listener.py:106: Waiting for Komorebi to subscribe to named pipe yasb-2daba3a6-063c-11f0-bf68-58cdc9ee9bc0
2025-03-21 12:06:38 INFO watcher.py:39: Created file watcher for path C:\Users\bilay\.config\yasb
2025-03-21 12:06:38 DEBUG _windows.py:213: Starting (proactor: <_IocpProactor overlapped#=0 result#=0>)...
2025-03-21 12:06:38 DEBUG _windows.py:192: Thread started
2025-03-21 12:06:38 INFO event_listener.py:118: Komorebi connected to named pipe: yasb-2daba3a6-063c-11f0-bf68-58cdc9ee9bc0
2025-03-21 12:06:52 INFO log.py:21: Yasb v1.6.5
2025-03-21 12:06:52 DEBUG win32.py:55: Looking up time zone info from registry
2025-03-21 12:06:53 DEBUG __init__.py:149: CoInitializeEx(None, 2)
2025-03-21 12:06:53 INFO app_bar.py:103: Bar Created on Screen: EA232WMi [Bar Height: 50px, DPI Scale: 1.0, Scale Screen: True, Screen Geometry: X: 0, Y: 0, Screen Width: 1920, Screen Height: 1080]
2025-03-21 12:06:53 INFO app_bar.py:103: Bar Created on Screen: EA232WMi [Bar Height: 50px, DPI Scale: 1.0, Scale Screen: True, Screen Geometry: X: 0, Y: 0, Screen Width: 1920, Screen Height: 1080]
2025-03-21 12:06:53 INFO event_listener.py:52: Created named pipe yasb-36ae822f-063c-11f0-8182-58cdc9ee9bc0
2025-03-21 12:06:53 INFO event_listener.py:106: Waiting for Komorebi to subscribe to named pipe yasb-36ae822f-063c-11f0-8182-58cdc9ee9bc0
2025-03-21 12:06:53 INFO watcher.py:39: Created file watcher for path C:\Users\bilay\.config\yasb
2025-03-21 12:06:53 DEBUG _windows.py:213: Starting (proactor: <_IocpProactor overlapped#=0 result#=0>)...
2025-03-21 12:06:53 DEBUG _windows.py:192: Thread started
2025-03-21 12:06:54 INFO event_listener.py:118: Komorebi connected to named pipe: yasb-36ae822f-063c-11f0-8182-58cdc9ee9bc0
2025-03-21 12:07:33 INFO log.py:21: Yasb v1.6.5
2025-03-21 12:07:33 DEBUG win32.py:55: Looking up time zone info from registry
2025-03-21 12:07:33 DEBUG __init__.py:149: CoInitializeEx(None, 2)
2025-03-21 12:07:33 INFO app_bar.py:103: Bar Created on Screen: EA232WMi [Bar Height: 50px, DPI Scale: 1.0, Scale Screen: True, Screen Geometry: X: 0, Y: 0, Screen Width: 1920, Screen Height: 1080]
2025-03-21 12:07:34 INFO app_bar.py:103: Bar Created on Screen: EA232WMi [Bar Height: 50px, DPI Scale: 1.0, Scale Screen: True, Screen Geometry: X: 0, Y: 0, Screen Width: 1920, Screen Height: 1080]
2025-03-21 12:07:34 INFO event_listener.py:52: Created named pipe yasb-4eee2463-063c-11f0-b3b7-58cdc9ee9bc0
2025-03-21 12:07:34 INFO event_listener.py:106: Waiting for Komorebi to subscribe to named pipe yasb-4eee2463-063c-11f0-b3b7-58cdc9ee9bc0
2025-03-21 12:07:34 INFO watcher.py:39: Created file watcher for path C:\Users\bilay\.config\yasb
2025-03-21 12:07:34 DEBUG _windows.py:213: Starting (proactor: <_IocpProactor overlapped#=0 result#=0>)...
2025-03-21 12:07:34 DEBUG _windows.py:192: Thread started
2025-03-21 12:07:34 INFO event_listener.py:118: Komorebi connected to named pipe: yasb-4eee2463-063c-11f0-b3b7-58cdc9ee9bc0
2025-03-21 12:07:44 INFO log.py:21: Yasb v1.6.5
2025-03-21 12:07:44 DEBUG win32.py:55: Looking up time zone info from registry
2025-03-21 12:07:44 DEBUG __init__.py:149: CoInitializeEx(None, 2)
2025-03-21 12:07:44 INFO app_bar.py:103: Bar Created on Screen: EA232WMi [Bar Height: 50px, DPI Scale: 1.0, Scale Screen: True, Screen Geometry: X: 0, Y: 0, Screen Width: 1920, Screen Height: 1080]
2025-03-21 12:07:44 INFO app_bar.py:103: Bar Created on Screen: EA232WMi [Bar Height: 76px, DPI Scale: 1.0, Scale Screen: True, Screen Geometry: X: 0, Y: 0, Screen Width: 1920, Screen Height: 1080]
2025-03-21 12:07:45 INFO event_listener.py:52: Created named pipe yasb-5576ce7a-063c-11f0-b815-58cdc9ee9bc0
2025-03-21 12:07:45 INFO event_listener.py:106: Waiting for Komorebi to subscribe to named pipe yasb-5576ce7a-063c-11f0-b815-58cdc9ee9bc0
2025-03-21 12:07:45 INFO watcher.py:39: Created file watcher for path C:\Users\bilay\.config\yasb
2025-03-21 12:07:45 DEBUG _windows.py:213: Starting (proactor: <_IocpProactor overlapped#=0 result#=0>)...
2025-03-21 12:07:45 DEBUG _windows.py:192: Thread started
2025-03-21 12:07:45 INFO event_listener.py:118: Komorebi connected to named pipe: yasb-5576ce7a-063c-11f0-b815-58cdc9ee9bc0
2025-03-21 12:07:57 INFO log.py:21: Yasb v1.6.5
2025-03-21 12:07:57 DEBUG win32.py:55: Looking up time zone info from registry
2025-03-21 12:07:57 DEBUG __init__.py:149: CoInitializeEx(None, 2)
2025-03-21 12:07:57 INFO app_bar.py:103: Bar Created on Screen: EA232WMi [Bar Height: 50px, DPI Scale: 1.0, Scale Screen: True, Screen Geometry: X: 0, Y: 0, Screen Width: 1920, Screen Height: 1080]
2025-03-21 12:07:57 INFO app_bar.py:103: Bar Created on Screen: EA232WMi [Bar Height: 68px, DPI Scale: 1.0, Scale Screen: True, Screen Geometry: X: 0, Y: 0, Screen Width: 1920, Screen Height: 1080]
2025-03-21 12:07:57 INFO event_listener.py:52: Created named pipe yasb-5d05e5d5-063c-11f0-ba1e-58cdc9ee9bc0
2025-03-21 12:07:57 INFO event_listener.py:106: Waiting for Komorebi to subscribe to named pipe yasb-5d05e5d5-063c-11f0-ba1e-58cdc9ee9bc0
2025-03-21 12:07:57 INFO watcher.py:39: Created file watcher for path C:\Users\bilay\.config\yasb
2025-03-21 12:07:57 DEBUG _windows.py:213: Starting (proactor: <_IocpProactor overlapped#=0 result#=0>)...
2025-03-21 12:07:57 DEBUG _windows.py:192: Thread started
2025-03-21 12:07:58 INFO event_listener.py:118: Komorebi connected to named pipe: yasb-5d05e5d5-063c-11f0-ba1e-58cdc9ee9bc0
2025-03-21 12:08:09 INFO log.py:21: Yasb v1.6.5
2025-03-21 12:08:09 DEBUG win32.py:55: Looking up time zone info from registry
2025-03-21 12:08:09 DEBUG __init__.py:149: CoInitializeEx(None, 2)
2025-03-21 12:08:09 INFO app_bar.py:103: Bar Created on Screen: EA232WMi [Bar Height: 50px, DPI Scale: 1.0, Scale Screen: True, Screen Geometry: X: 0, Y: 0, Screen Width: 1920, Screen Height: 1080]
2025-03-21 12:08:09 INFO app_bar.py:103: Bar Created on Screen: EA232WMi [Bar Height: 52px, DPI Scale: 1.0, Scale Screen: True, Screen Geometry: X: 0, Y: 0, Screen Width: 1920, Screen Height: 1080]
2025-03-21 12:08:09 INFO event_listener.py:52: Created named pipe yasb-6429cfa2-063c-11f0-853d-58cdc9ee9bc0
2025-03-21 12:08:09 INFO event_listener.py:106: Waiting for Komorebi to subscribe to named pipe yasb-6429cfa2-063c-11f0-853d-58cdc9ee9bc0
2025-03-21 12:08:09 INFO watcher.py:39: Created file watcher for path C:\Users\bilay\.config\yasb
2025-03-21 12:08:09 DEBUG _windows.py:213: Starting (proactor: <_IocpProactor overlapped#=0 result#=0>)...
2025-03-21 12:08:09 DEBUG _windows.py:192: Thread started
2025-03-21 12:08:10 INFO event_listener.py:118: Komorebi connected to named pipe: yasb-6429cfa2-063c-11f0-853d-58cdc9ee9bc0
2025-03-21 12:08:43 INFO log.py:21: Yasb v1.6.5
2025-03-21 12:08:43 DEBUG win32.py:55: Looking up time zone info from registry
2025-03-21 12:08:43 DEBUG __init__.py:149: CoInitializeEx(None, 2)
2025-03-21 12:08:43 INFO app_bar.py:103: Bar Created on Screen: EA232WMi [Bar Height: 50px, DPI Scale: 1.0, Scale Screen: True, Screen Geometry: X: 0, Y: 0, Screen Width: 1920, Screen Height: 1080]
2025-03-21 12:08:43 INFO app_bar.py:103: Bar Created on Screen: EA232WMi [Bar Height: 54px, DPI Scale: 1.0, Scale Screen: True, Screen Geometry: X: 0, Y: 0, Screen Width: 1920, Screen Height: 1080]
2025-03-21 12:08:43 INFO event_listener.py:52: Created named pipe yasb-78723dca-063c-11f0-ba95-58cdc9ee9bc0
2025-03-21 12:08:43 INFO event_listener.py:106: Waiting for Komorebi to subscribe to named pipe yasb-78723dca-063c-11f0-ba95-58cdc9ee9bc0
2025-03-21 12:08:43 INFO watcher.py:39: Created file watcher for path C:\Users\bilay\.config\yasb
2025-03-21 12:08:43 DEBUG _windows.py:213: Starting (proactor: <_IocpProactor overlapped#=0 result#=0>)...
2025-03-21 12:08:43 DEBUG _windows.py:192: Thread started
2025-03-21 12:08:44 INFO event_listener.py:118: Komorebi connected to named pipe: yasb-78723dca-063c-11f0-ba95-58cdc9ee9bc0
2025-03-21 12:08:48 INFO log.py:21: Yasb v1.6.5
2025-03-21 12:08:48 DEBUG win32.py:55: Looking up time zone info from registry
2025-03-21 12:08:48 DEBUG __init__.py:149: CoInitializeEx(None, 2)
2025-03-21 12:08:48 INFO app_bar.py:103: Bar Created on Screen: EA232WMi [Bar Height: 50px, DPI Scale: 1.0, Scale Screen: True, Screen Geometry: X: 0, Y: 0, Screen Width: 1920, Screen Height: 1080]
2025-03-21 12:08:48 INFO app_bar.py:103: Bar Created on Screen: EA232WMi [Bar Height: 58px, DPI Scale: 1.0, Scale Screen: True, Screen Geometry: X: 0, Y: 0, Screen Width: 1920, Screen Height: 1080]
2025-03-21 12:08:48 INFO event_listener.py:52: Created named pipe yasb-7b787aef-063c-11f0-8e96-58cdc9ee9bc0
2025-03-21 12:08:48 INFO event_listener.py:106: Waiting for Komorebi to subscribe to named pipe yasb-7b787aef-063c-11f0-8e96-58cdc9ee9bc0
2025-03-21 12:08:48 INFO watcher.py:39: Created file watcher for path C:\Users\bilay\.config\yasb
2025-03-21 12:08:48 DEBUG _windows.py:213: Starting (proactor: <_IocpProactor overlapped#=0 result#=0>)...
2025-03-21 12:08:48 DEBUG _windows.py:192: Thread started
2025-03-21 12:08:49 INFO event_listener.py:118: Komorebi connected to named pipe: yasb-7b787aef-063c-11f0-8e96-58cdc9ee9bc0
2025-03-21 12:08:53 INFO log.py:21: Yasb v1.6.5
2025-03-21 12:08:53 DEBUG win32.py:55: Looking up time zone info from registry
2025-03-21 12:08:53 DEBUG __init__.py:149: CoInitializeEx(None, 2)
2025-03-21 12:08:53 INFO app_bar.py:103: Bar Created on Screen: EA232WMi [Bar Height: 50px, DPI Scale: 1.0, Scale Screen: True, Screen Geometry: X: 0, Y: 0, Screen Width: 1920, Screen Height: 1080]
2025-03-21 12:08:53 INFO app_bar.py:103: Bar Created on Screen: EA232WMi [Bar Height: 52px, DPI Scale: 1.0, Scale Screen: True, Screen Geometry: X: 0, Y: 0, Screen Width: 1920, Screen Height: 1080]
2025-03-21 12:08:53 INFO event_listener.py:52: Created named pipe yasb-7e492a53-063c-11f0-a035-58cdc9ee9bc0
2025-03-21 12:08:53 INFO event_listener.py:106: Waiting for Komorebi to subscribe to named pipe yasb-7e492a53-063c-11f0-a035-58cdc9ee9bc0
2025-03-21 12:08:53 INFO watcher.py:39: Created file watcher for path C:\Users\bilay\.config\yasb
2025-03-21 12:08:53 DEBUG _windows.py:213: Starting (proactor: <_IocpProactor overlapped#=0 result#=0>)...
2025-03-21 12:08:53 DEBUG _windows.py:192: Thread started
2025-03-21 12:08:54 INFO event_listener.py:118: Komorebi connected to named pipe: yasb-7e492a53-063c-11f0-a035-58cdc9ee9bc0
2025-03-21 12:09:03 INFO log.py:21: Yasb v1.6.5
2025-03-21 12:09:03 DEBUG win32.py:55: Looking up time zone info from registry
2025-03-21 12:09:03 DEBUG __init__.py:149: CoInitializeEx(None, 2)
2025-03-21 12:09:03 INFO app_bar.py:103: Bar Created on Screen: EA232WMi [Bar Height: 50px, DPI Scale: 1.0, Scale Screen: True, Screen Geometry: X: 0, Y: 0, Screen Width: 1920, Screen Height: 1080]
2025-03-21 12:09:04 INFO app_bar.py:103: Bar Created on Screen: EA232WMi [Bar Height: 52px, DPI Scale: 1.0, Scale Screen: True, Screen Geometry: X: 0, Y: 0, Screen Width: 1920, Screen Height: 1080]
2025-03-21 12:09:04 INFO event_listener.py:52: Created named pipe yasb-84930423-063c-11f0-baec-58cdc9ee9bc0
2025-03-21 12:09:04 INFO event_listener.py:106: Waiting for Komorebi to subscribe to named pipe yasb-84930423-063c-11f0-baec-58cdc9ee9bc0
2025-03-21 12:09:04 INFO watcher.py:39: Created file watcher for path C:\Users\bilay\.config\yasb
2025-03-21 12:09:04 DEBUG _windows.py:213: Starting (proactor: <_IocpProactor overlapped#=0 result#=0>)...
2025-03-21 12:09:04 DEBUG _windows.py:192: Thread started
2025-03-21 12:09:04 INFO event_listener.py:118: Komorebi connected to named pipe: yasb-84930423-063c-11f0-baec-58cdc9ee9bc0
2025-03-21 12:09:48 INFO log.py:21: Yasb v1.6.5
2025-03-21 12:09:48 DEBUG win32.py:55: Looking up time zone info from registry
2025-03-21 12:09:48 DEBUG __init__.py:149: CoInitializeEx(None, 2)
2025-03-21 12:09:48 INFO app_bar.py:103: Bar Created on Screen: EA232WMi [Bar Height: 50px, DPI Scale: 1.0, Scale Screen: True, Screen Geometry: X: 0, Y: 0, Screen Width: 1920, Screen Height: 1080]
2025-03-21 12:09:48 INFO app_bar.py:103: Bar Created on Screen: EA232WMi [Bar Height: 52px, DPI Scale: 1.0, Scale Screen: True, Screen Geometry: X: 0, Y: 0, Screen Width: 1920, Screen Height: 1080]
2025-03-21 12:09:48 INFO event_listener.py:52: Created named pipe yasb-9f558f24-063c-11f0-9414-58cdc9ee9bc0
2025-03-21 12:09:48 INFO event_listener.py:106: Waiting for Komorebi to subscribe to named pipe yasb-9f558f24-063c-11f0-9414-58cdc9ee9bc0
2025-03-21 12:09:48 INFO watcher.py:39: Created file watcher for path C:\Users\bilay\.config\yasb
2025-03-21 12:09:48 DEBUG _windows.py:213: Starting (proactor: <_IocpProactor overlapped#=0 result#=0>)...
2025-03-21 12:09:48 DEBUG _windows.py:192: Thread started
2025-03-21 12:09:49 INFO event_listener.py:118: Komorebi connected to named pipe: yasb-9f558f24-063c-11f0-9414-58cdc9ee9bc0
2025-03-21 12:10:54 INFO bar_manager.py:46: Successfully loaded updated stylesheet and applied to all bars.
2025-03-21 12:11:24 INFO bar_manager.py:46: Successfully loaded updated stylesheet and applied to all bars.
2025-03-21 12:11:46 INFO bar_manager.py:46: Successfully loaded updated stylesheet and applied to all bars.
2025-03-21 12:12:08 INFO bar_manager.py:46: Successfully loaded updated stylesheet and applied to all bars.
2025-03-21 12:13:18 INFO log.py:21: Yasb v1.6.5
2025-03-21 12:13:18 DEBUG win32.py:55: Looking up time zone info from registry
2025-03-21 12:13:19 DEBUG __init__.py:149: CoInitializeEx(None, 2)
2025-03-21 12:13:19 INFO app_bar.py:103: Bar Created on Screen: EA232WMi [Bar Height: 50px, DPI Scale: 1.0, Scale Screen: True, Screen Geometry: X: 0, Y: 0, Screen Width: 1920, Screen Height: 1080]
2025-03-21 12:13:19 INFO app_bar.py:103: Bar Created on Screen: EA232WMi [Bar Height: 52px, DPI Scale: 1.0, Scale Screen: True, Screen Geometry: X: 0, Y: 0, Screen Width: 1920, Screen Height: 1080]
2025-03-21 12:13:19 INFO event_listener.py:52: Created named pipe yasb-1cb707b7-063d-11f0-a857-58cdc9ee9bc0
2025-03-21 12:13:19 INFO event_listener.py:106: Waiting for Komorebi to subscribe to named pipe yasb-1cb707b7-063d-11f0-a857-58cdc9ee9bc0
2025-03-21 12:13:19 INFO watcher.py:39: Created file watcher for path C:\Users\bilay\.config\yasb
2025-03-21 12:13:19 DEBUG _windows.py:213: Starting (proactor: <_IocpProactor overlapped#=0 result#=0>)...
2025-03-21 12:13:19 DEBUG _windows.py:192: Thread started
2025-03-21 12:13:19 INFO event_listener.py:118: Komorebi connected to named pipe: yasb-1cb707b7-063d-11f0-a857-58cdc9ee9bc0
2025-03-21 12:13:33 INFO bar_manager.py:46: Successfully loaded updated stylesheet and applied to all bars.
2025-03-21 12:13:59 INFO bar_manager.py:46: Successfully loaded updated stylesheet and applied to all bars.
2025-03-21 12:14:02 INFO bar_manager.py:46: Successfully loaded updated stylesheet and applied to all bars.
2025-03-21 12:14:07 INFO bar_manager.py:46: Successfully loaded updated stylesheet and applied to all bars.
2025-03-21 12:14:10 INFO bar_manager.py:46: Successfully loaded updated stylesheet and applied to all bars.
2025-03-21 12:14:12 INFO bar_manager.py:46: Successfully loaded updated stylesheet and applied to all bars.
2025-03-21 12:14:16 INFO bar_manager.py:46: Successfully loaded updated stylesheet and applied to all bars.
2025-03-21 12:14:20 INFO bar_manager.py:46: Successfully loaded updated stylesheet and applied to all bars.
2025-03-21 12:14:46 INFO bar_manager.py:46: Successfully loaded updated stylesheet and applied to all bars.
2025-03-21 12:14:51 INFO bar_manager.py:46: Successfully loaded updated stylesheet and applied to all bars.
2025-03-21 12:14:55 INFO bar_manager.py:46: Successfully loaded updated stylesheet and applied to all bars.
2025-03-21 12:14:58 INFO bar_manager.py:46: Successfully loaded updated stylesheet and applied to all bars.
2025-03-21 12:15:42 INFO bar_manager.py:46: Successfully loaded updated stylesheet and applied to all bars.
2025-03-21 12:15:50 INFO bar_manager.py:46: Successfully loaded updated stylesheet and applied to all bars.
2025-03-21 12:18:09 INFO tray.py:241: Reloading Application...
2025-03-21 12:18:09 INFO log.py:21: Yasb v1.6.5
2025-03-21 12:18:10 DEBUG win32.py:55: Looking up time zone info from registry
2025-03-21 12:18:10 DEBUG __init__.py:149: CoInitializeEx(None, 2)
2025-03-21 12:18:10 INFO app_bar.py:103: Bar Created on Screen: EA232WMi [Bar Height: 50px, DPI Scale: 1.0, Scale Screen: True, Screen Geometry: X: 0, Y: 0, Screen Width: 1920, Screen Height: 1080]
2025-03-21 12:18:10 INFO app_bar.py:103: Bar Created on Screen: EA232WMi [Bar Height: 52px, DPI Scale: 1.0, Scale Screen: True, Screen Geometry: X: 0, Y: 0, Screen Width: 1920, Screen Height: 1080]
2025-03-21 12:18:10 INFO event_listener.py:52: Created named pipe yasb-ca46af4b-063d-11f0-b66c-58cdc9ee9bc0
2025-03-21 12:18:10 INFO event_listener.py:106: Waiting for Komorebi to subscribe to named pipe yasb-ca46af4b-063d-11f0-b66c-58cdc9ee9bc0
2025-03-21 12:18:10 INFO watcher.py:39: Created file watcher for path C:\Users\bilay\.config\yasb
2025-03-21 12:18:10 DEBUG _windows.py:213: Starting (proactor: <_IocpProactor overlapped#=0 result#=0>)...
2025-03-21 12:18:10 DEBUG _windows.py:192: Thread started
2025-03-21 12:18:11 INFO event_listener.py:118: Komorebi connected to named pipe: yasb-ca46af4b-063d-11f0-b66c-58cdc9ee9bc0
2025-03-21 12:18:58 INFO bar_manager.py:46: Successfully loaded updated stylesheet and applied to all bars.
2025-03-21 12:19:01 INFO tray.py:241: Reloading Application...
2025-03-21 12:19:01 INFO log.py:21: Yasb v1.6.5
2025-03-21 12:19:01 DEBUG win32.py:55: Looking up time zone info from registry
2025-03-21 12:19:01 DEBUG __init__.py:149: CoInitializeEx(None, 2)
2025-03-21 12:19:01 INFO app_bar.py:103: Bar Created on Screen: EA232WMi [Bar Height: 50px, DPI Scale: 1.0, Scale Screen: True, Screen Geometry: X: 0, Y: 0, Screen Width: 1920, Screen Height: 1080]
2025-03-21 12:19:01 INFO app_bar.py:103: Bar Created on Screen: EA232WMi [Bar Height: 52px, DPI Scale: 1.0, Scale Screen: True, Screen Geometry: X: 0, Y: 0, Screen Width: 1920, Screen Height: 1080]
2025-03-21 12:19:01 INFO event_listener.py:52: Created named pipe yasb-e8c4f8ae-063d-11f0-ba1e-58cdc9ee9bc0
2025-03-21 12:19:01 INFO event_listener.py:106: Waiting for Komorebi to subscribe to named pipe yasb-e8c4f8ae-063d-11f0-ba1e-58cdc9ee9bc0
2025-03-21 12:19:01 INFO watcher.py:39: Created file watcher for path C:\Users\bilay\.config\yasb
2025-03-21 12:19:01 DEBUG _windows.py:213: Starting (proactor: <_IocpProactor overlapped#=0 result#=0>)...
2025-03-21 12:19:01 DEBUG _windows.py:192: Thread started
2025-03-21 12:19:02 INFO event_listener.py:118: Komorebi connected to named pipe: yasb-e8c4f8ae-063d-11f0-ba1e-58cdc9ee9bc0
2025-03-21 12:19:13 INFO bar_manager.py:46: Successfully loaded updated stylesheet and applied to all bars.
2025-03-21 12:19:19 INFO bar_manager.py:46: Successfully loaded updated stylesheet and applied to all bars.
2025-03-21 12:19:21 INFO tray.py:241: Reloading Application...
2025-03-21 12:19:21 INFO log.py:21: Yasb v1.6.5
2025-03-21 12:19:21 DEBUG win32.py:55: Looking up time zone info from registry
2025-03-21 12:19:21 DEBUG __init__.py:149: CoInitializeEx(None, 2)
2025-03-21 12:19:21 INFO app_bar.py:103: Bar Created on Screen: EA232WMi [Bar Height: 50px, DPI Scale: 1.0, Scale Screen: True, Screen Geometry: X: 0, Y: 0, Screen Width: 1920, Screen Height: 1080]
2025-03-21 12:19:22 INFO app_bar.py:103: Bar Created on Screen: EA232WMi [Bar Height: 52px, DPI Scale: 1.0, Scale Screen: True, Screen Geometry: X: 0, Y: 0, Screen Width: 1920, Screen Height: 1080]
2025-03-21 12:19:22 INFO event_listener.py:52: Created named pipe yasb-f4ff10fa-063d-11f0-a330-58cdc9ee9bc0
2025-03-21 12:19:22 INFO event_listener.py:106: Waiting for Komorebi to subscribe to named pipe yasb-f4ff10fa-063d-11f0-a330-58cdc9ee9bc0
2025-03-21 12:19:22 INFO watcher.py:39: Created file watcher for path C:\Users\bilay\.config\yasb
2025-03-21 12:19:22 DEBUG _windows.py:213: Starting (proactor: <_IocpProactor overlapped#=0 result#=0>)...
2025-03-21 12:19:22 DEBUG _windows.py:192: Thread started
2025-03-21 12:19:23 INFO event_listener.py:118: Komorebi connected to named pipe: yasb-f4ff10fa-063d-11f0-a330-58cdc9ee9bc0
2025-03-21 12:19:37 INFO log.py:21: Yasb v1.6.5
2025-03-21 12:19:37 DEBUG win32.py:55: Looking up time zone info from registry
2025-03-21 12:19:37 DEBUG __init__.py:149: CoInitializeEx(None, 2)
2025-03-21 12:19:37 INFO app_bar.py:103: Bar Created on Screen: EA232WMi [Bar Height: 50px, DPI Scale: 1.0, Scale Screen: True, Screen Geometry: X: 0, Y: 0, Screen Width: 1920, Screen Height: 1080]
2025-03-21 12:19:37 INFO app_bar.py:103: Bar Created on Screen: EA232WMi [Bar Height: 52px, DPI Scale: 1.0, Scale Screen: True, Screen Geometry: X: 0, Y: 0, Screen Width: 1920, Screen Height: 1080]
2025-03-21 12:19:37 INFO event_listener.py:52: Created named pipe yasb-fe3b02e7-063d-11f0-b9e5-58cdc9ee9bc0
2025-03-21 12:19:37 INFO event_listener.py:106: Waiting for Komorebi to subscribe to named pipe yasb-fe3b02e7-063d-11f0-b9e5-58cdc9ee9bc0
2025-03-21 12:19:37 INFO watcher.py:39: Created file watcher for path C:\Users\bilay\.config\yasb
2025-03-21 12:19:37 DEBUG _windows.py:213: Starting (proactor: <_IocpProactor overlapped#=0 result#=0>)...
2025-03-21 12:19:37 DEBUG _windows.py:192: Thread started
2025-03-21 12:19:37 INFO event_listener.py:118: Komorebi connected to named pipe: yasb-fe3b02e7-063d-11f0-b9e5-58cdc9ee9bc0
2025-03-21 12:20:00 INFO bar_manager.py:46: Successfully loaded updated stylesheet and applied to all bars.
2025-03-21 12:20:02 INFO tray.py:241: Reloading Application...
2025-03-21 12:20:03 INFO log.py:21: Yasb v1.6.5
2025-03-21 12:20:03 DEBUG win32.py:55: Looking up time zone info from registry
2025-03-21 12:20:03 DEBUG __init__.py:149: CoInitializeEx(None, 2)
2025-03-21 12:20:03 INFO app_bar.py:103: Bar Created on Screen: EA232WMi [Bar Height: 50px, DPI Scale: 1.0, Scale Screen: True, Screen Geometry: X: 0, Y: 0, Screen Width: 1920, Screen Height: 1080]
2025-03-21 12:20:03 INFO app_bar.py:103: Bar Created on Screen: EA232WMi [Bar Height: 52px, DPI Scale: 1.0, Scale Screen: True, Screen Geometry: X: 0, Y: 0, Screen Width: 1920, Screen Height: 1080]
2025-03-21 12:20:03 INFO event_listener.py:52: Created named pipe yasb-0db7b678-063e-11f0-b46e-58cdc9ee9bc0
2025-03-21 12:20:03 INFO event_listener.py:106: Waiting for Komorebi to subscribe to named pipe yasb-0db7b678-063e-11f0-b46e-58cdc9ee9bc0
2025-03-21 12:20:03 INFO watcher.py:39: Created file watcher for path C:\Users\bilay\.config\yasb
2025-03-21 12:20:03 DEBUG _windows.py:213: Starting (proactor: <_IocpProactor overlapped#=0 result#=0>)...
2025-03-21 12:20:03 DEBUG _windows.py:192: Thread started
2025-03-21 12:20:04 INFO event_listener.py:118: Komorebi connected to named pipe: yasb-0db7b678-063e-11f0-b46e-58cdc9ee9bc0
2025-03-21 12:20:08 INFO bar_manager.py:46: Successfully loaded updated stylesheet and applied to all bars.
2025-03-21 12:20:09 INFO tray.py:241: Reloading Application...
2025-03-21 12:20:10 INFO log.py:21: Yasb v1.6.5
2025-03-21 12:20:10 DEBUG win32.py:55: Looking up time zone info from registry
2025-03-21 12:20:10 DEBUG __init__.py:149: CoInitializeEx(None, 2)
2025-03-21 12:20:10 INFO app_bar.py:103: Bar Created on Screen: EA232WMi [Bar Height: 50px, DPI Scale: 1.0, Scale Screen: True, Screen Geometry: X: 0, Y: 0, Screen Width: 1920, Screen Height: 1080]
2025-03-21 12:20:10 INFO app_bar.py:103: Bar Created on Screen: EA232WMi [Bar Height: 52px, DPI Scale: 1.0, Scale Screen: True, Screen Geometry: X: 0, Y: 0, Screen Width: 1920, Screen Height: 1080]
2025-03-21 12:20:10 INFO event_listener.py:52: Created named pipe yasb-11d8effd-063e-11f0-a200-58cdc9ee9bc0
2025-03-21 12:20:10 INFO event_listener.py:106: Waiting for Komorebi to subscribe to named pipe yasb-11d8effd-063e-11f0-a200-58cdc9ee9bc0
2025-03-21 12:20:10 INFO watcher.py:39: Created file watcher for path C:\Users\bilay\.config\yasb
2025-03-21 12:20:10 DEBUG _windows.py:213: Starting (proactor: <_IocpProactor overlapped#=0 result#=0>)...
2025-03-21 12:20:10 DEBUG _windows.py:192: Thread started
2025-03-21 12:20:10 INFO event_listener.py:118: Komorebi connected to named pipe: yasb-11d8effd-063e-11f0-a200-58cdc9ee9bc0
2025-03-21 12:20:16 INFO bar_manager.py:46: Successfully loaded updated stylesheet and applied to all bars.
2025-03-21 12:20:18 INFO tray.py:241: Reloading Application...
2025-03-21 12:20:18 INFO log.py:21: Yasb v1.6.5
2025-03-21 12:20:18 DEBUG win32.py:55: Looking up time zone info from registry
2025-03-21 12:20:18 DEBUG __init__.py:149: CoInitializeEx(None, 2)
2025-03-21 12:20:18 INFO app_bar.py:103: Bar Created on Screen: EA232WMi [Bar Height: 50px, DPI Scale: 1.0, Scale Screen: True, Screen Geometry: X: 0, Y: 0, Screen Width: 1920, Screen Height: 1080]
2025-03-21 12:20:18 INFO app_bar.py:103: Bar Created on Screen: EA232WMi [Bar Height: 52px, DPI Scale: 1.0, Scale Screen: True, Screen Geometry: X: 0, Y: 0, Screen Width: 1920, Screen Height: 1080]
2025-03-21 12:20:18 INFO event_listener.py:52: Created named pipe yasb-16dc79ba-063e-11f0-ae33-58cdc9ee9bc0
2025-03-21 12:20:18 INFO event_listener.py:106: Waiting for Komorebi to subscribe to named pipe yasb-16dc79ba-063e-11f0-ae33-58cdc9ee9bc0
2025-03-21 12:20:19 INFO watcher.py:39: Created file watcher for path C:\Users\bilay\.config\yasb
2025-03-21 12:20:19 DEBUG _windows.py:213: Starting (proactor: <_IocpProactor overlapped#=0 result#=0>)...
2025-03-21 12:20:19 DEBUG _windows.py:192: Thread started
2025-03-21 12:20:19 INFO event_listener.py:118: Komorebi connected to named pipe: yasb-16dc79ba-063e-11f0-ae33-58cdc9ee9bc0
2025-03-21 12:20:30 INFO bar_manager.py:46: Successfully loaded updated stylesheet and applied to all bars.
2025-03-21 12:20:36 INFO bar_manager.py:46: Successfully loaded updated stylesheet and applied to all bars.
2025-03-21 12:20:38 INFO tray.py:241: Reloading Application...
2025-03-21 12:20:38 INFO log.py:21: Yasb v1.6.5
2025-03-21 12:20:38 DEBUG win32.py:55: Looking up time zone info from registry
2025-03-21 12:20:38 DEBUG __init__.py:149: CoInitializeEx(None, 2)
2025-03-21 12:20:38 INFO app_bar.py:103: Bar Created on Screen: EA232WMi [Bar Height: 50px, DPI Scale: 1.0, Scale Screen: True, Screen Geometry: X: 0, Y: 0, Screen Width: 1920, Screen Height: 1080]
2025-03-21 12:20:38 INFO app_bar.py:103: Bar Created on Screen: EA232WMi [Bar Height: 52px, DPI Scale: 1.0, Scale Screen: True, Screen Geometry: X: 0, Y: 0, Screen Width: 1920, Screen Height: 1080]
2025-03-21 12:20:38 INFO event_listener.py:52: Created named pipe yasb-22c898f8-063e-11f0-9a7c-58cdc9ee9bc0
2025-03-21 12:20:38 INFO event_listener.py:106: Waiting for Komorebi to subscribe to named pipe yasb-22c898f8-063e-11f0-9a7c-58cdc9ee9bc0
2025-03-21 12:20:39 INFO watcher.py:39: Created file watcher for path C:\Users\bilay\.config\yasb
2025-03-21 12:20:39 DEBUG _windows.py:213: Starting (proactor: <_IocpProactor overlapped#=0 result#=0>)...
2025-03-21 12:20:39 DEBUG _windows.py:192: Thread started
2025-03-21 12:20:39 INFO event_listener.py:118: Komorebi connected to named pipe: yasb-22c898f8-063e-11f0-9a7c-58cdc9ee9bc0
2025-03-21 12:20:44 INFO tray.py:241: Reloading Application...
2025-03-21 12:20:44 INFO log.py:21: Yasb v1.6.5
2025-03-21 12:20:44 DEBUG win32.py:55: Looking up time zone info from registry
2025-03-21 12:20:44 DEBUG __init__.py:149: CoInitializeEx(None, 2)
2025-03-21 12:20:44 INFO app_bar.py:103: Bar Created on Screen: EA232WMi [Bar Height: 50px, DPI Scale: 1.0, Scale Screen: True, Screen Geometry: X: 0, Y: 0, Screen Width: 1920, Screen Height: 1080]
2025-03-21 12:20:44 INFO app_bar.py:103: Bar Created on Screen: EA232WMi [Bar Height: 52px, DPI Scale: 1.0, Scale Screen: True, Screen Geometry: X: 0, Y: 0, Screen Width: 1920, Screen Height: 1080]
2025-03-21 12:20:44 INFO event_listener.py:52: Created named pipe yasb-2640bbbc-063e-11f0-9ce3-58cdc9ee9bc0
2025-03-21 12:20:44 INFO event_listener.py:106: Waiting for Komorebi to subscribe to named pipe yasb-2640bbbc-063e-11f0-9ce3-58cdc9ee9bc0
2025-03-21 12:20:44 INFO watcher.py:39: Created file watcher for path C:\Users\bilay\.config\yasb
2025-03-21 12:20:44 DEBUG _windows.py:213: Starting (proactor: <_IocpProactor overlapped#=0 result#=0>)...
2025-03-21 12:20:44 DEBUG _windows.py:192: Thread started
2025-03-21 12:20:45 INFO event_listener.py:118: Komorebi connected to named pipe: yasb-2640bbbc-063e-11f0-9ce3-58cdc9ee9bc0
2025-03-21 12:20:46 INFO bar_manager.py:46: Successfully loaded updated stylesheet and applied to all bars.
2025-03-21 12:23:58 INFO bar_manager.py:46: Successfully loaded updated stylesheet and applied to all bars.
2025-03-21 12:24:01 INFO tray.py:241: Reloading Application...
2025-03-21 12:24:01 INFO log.py:21: Yasb v1.6.5
2025-03-21 12:24:01 DEBUG win32.py:55: Looking up time zone info from registry
2025-03-21 12:24:01 DEBUG __init__.py:149: CoInitializeEx(None, 2)
2025-03-21 12:24:01 INFO app_bar.py:103: Bar Created on Screen: EA232WMi [Bar Height: 50px, DPI Scale: 1.0, Scale Screen: True, Screen Geometry: X: 0, Y: 0, Screen Width: 1920, Screen Height: 1080]
2025-03-21 12:24:01 INFO app_bar.py:103: Bar Created on Screen: EA232WMi [Bar Height: 52px, DPI Scale: 1.0, Scale Screen: True, Screen Geometry: X: 0, Y: 0, Screen Width: 1920, Screen Height: 1080]
2025-03-21 12:24:01 INFO event_listener.py:52: Created named pipe yasb-9ba7f39f-063e-11f0-a539-58cdc9ee9bc0
2025-03-21 12:24:01 INFO event_listener.py:106: Waiting for Komorebi to subscribe to named pipe yasb-9ba7f39f-063e-11f0-a539-58cdc9ee9bc0
2025-03-21 12:24:01 INFO watcher.py:39: Created file watcher for path C:\Users\bilay\.config\yasb
2025-03-21 12:24:01 DEBUG _windows.py:213: Starting (proactor: <_IocpProactor overlapped#=0 result#=0>)...
2025-03-21 12:24:01 DEBUG _windows.py:192: Thread started
2025-03-21 12:24:02 INFO event_listener.py:118: Komorebi connected to named pipe: yasb-9ba7f39f-063e-11f0-a539-58cdc9ee9bc0
2025-03-21 12:24:14 INFO bar_manager.py:46: Successfully loaded updated stylesheet and applied to all bars.
2025-03-21 12:24:29 INFO bar_manager.py:46: Successfully loaded updated stylesheet and applied to all bars.
2025-03-21 12:25:08 INFO log.py:21: Yasb v1.6.5
2025-03-21 12:25:08 DEBUG win32.py:55: Looking up time zone info from registry
2025-03-21 12:25:08 DEBUG __init__.py:149: CoInitializeEx(None, 2)
2025-03-21 12:25:08 INFO app_bar.py:103: Bar Created on Screen: EA232WMi [Bar Height: 50px, DPI Scale: 1.0, Scale Screen: True, Screen Geometry: X: 0, Y: 0, Screen Width: 1920, Screen Height: 1080]
2025-03-21 12:25:08 INFO app_bar.py:103: Bar Created on Screen: EA232WMi [Bar Height: 52px, DPI Scale: 1.0, Scale Screen: True, Screen Geometry: X: 0, Y: 0, Screen Width: 1920, Screen Height: 1080]
2025-03-21 12:25:08 INFO event_listener.py:52: Created named pipe yasb-c39811f9-063e-11f0-848e-58cdc9ee9bc0
2025-03-21 12:25:08 INFO event_listener.py:106: Waiting for Komorebi to subscribe to named pipe yasb-c39811f9-063e-11f0-848e-58cdc9ee9bc0
2025-03-21 12:25:08 INFO watcher.py:39: Created file watcher for path C:\Users\bilay\.config\yasb
2025-03-21 12:25:08 DEBUG _windows.py:213: Starting (proactor: <_IocpProactor overlapped#=0 result#=0>)...
2025-03-21 12:25:08 DEBUG _windows.py:192: Thread started
2025-03-21 12:25:08 INFO event_listener.py:118: Komorebi connected to named pipe: yasb-c39811f9-063e-11f0-848e-58cdc9ee9bc0
2025-03-21 12:25:23 INFO bar_manager.py:46: Successfully loaded updated stylesheet and applied to all bars.
2025-03-21 12:25:28 INFO tray.py:241: Reloading Application...
2025-03-21 12:25:28 INFO log.py:21: Yasb v1.6.5
2025-03-21 12:25:28 DEBUG win32.py:55: Looking up time zone info from registry
2025-03-21 12:25:28 DEBUG __init__.py:149: CoInitializeEx(None, 2)
2025-03-21 12:25:29 INFO app_bar.py:103: Bar Created on Screen: EA232WMi [Bar Height: 50px, DPI Scale: 1.0, Scale Screen: True, Screen Geometry: X: 0, Y: 0, Screen Width: 1920, Screen Height: 1080]
2025-03-21 12:25:29 INFO app_bar.py:103: Bar Created on Screen: EA232WMi [Bar Height: 52px, DPI Scale: 1.0, Scale Screen: True, Screen Geometry: X: 0, Y: 0, Screen Width: 1920, Screen Height: 1080]
2025-03-21 12:25:29 INFO event_listener.py:52: Created named pipe yasb-cfd0fcd8-063e-11f0-af1c-58cdc9ee9bc0
2025-03-21 12:25:29 INFO event_listener.py:106: Waiting for Komorebi to subscribe to named pipe yasb-cfd0fcd8-063e-11f0-af1c-58cdc9ee9bc0
2025-03-21 12:25:29 INFO watcher.py:39: Created file watcher for path C:\Users\bilay\.config\yasb
2025-03-21 12:25:29 DEBUG _windows.py:213: Starting (proactor: <_IocpProactor overlapped#=0 result#=0>)...
2025-03-21 12:25:29 DEBUG _windows.py:192: Thread started
2025-03-21 12:25:30 INFO event_listener.py:118: Komorebi connected to named pipe: yasb-cfd0fcd8-063e-11f0-af1c-58cdc9ee9bc0
2025-03-21 12:27:33 INFO bar_manager.py:46: Successfully loaded updated stylesheet and applied to all bars.
2025-03-21 12:27:42 INFO bar_manager.py:46: Successfully loaded updated stylesheet and applied to all bars.
2025-03-21 12:27:52 INFO log.py:21: Yasb v1.6.5
2025-03-21 12:27:52 DEBUG win32.py:55: Looking up time zone info from registry
2025-03-21 12:27:52 DEBUG __init__.py:149: CoInitializeEx(None, 2)
2025-03-21 12:27:53 INFO app_bar.py:103: Bar Created on Screen: EA232WMi [Bar Height: 50px, DPI Scale: 1.0, Scale Screen: True, Screen Geometry: X: 0, Y: 0, Screen Width: 1920, Screen Height: 1080]
2025-03-21 12:27:53 INFO app_bar.py:103: Bar Created on Screen: EA232WMi [Bar Height: 52px, DPI Scale: 1.0, Scale Screen: True, Screen Geometry: X: 0, Y: 0, Screen Width: 1920, Screen Height: 1080]
2025-03-21 12:27:53 INFO event_listener.py:52: Created named pipe yasb-25a3dc93-063f-11f0-98a9-58cdc9ee9bc0
2025-03-21 12:27:53 INFO event_listener.py:106: Waiting for Komorebi to subscribe to named pipe yasb-25a3dc93-063f-11f0-98a9-58cdc9ee9bc0
2025-03-21 12:27:53 INFO watcher.py:39: Created file watcher for path C:\Users\bilay\.config\yasb
2025-03-21 12:27:53 DEBUG _windows.py:213: Starting (proactor: <_IocpProactor overlapped#=0 result#=0>)...
2025-03-21 12:27:53 DEBUG _windows.py:192: Thread started
2025-03-21 12:27:53 INFO event_listener.py:118: Komorebi connected to named pipe: yasb-25a3dc93-063f-11f0-98a9-58cdc9ee9bc0
2025-03-21 12:28:31 INFO bar_manager.py:46: Successfully loaded updated stylesheet and applied to all bars.
2025-03-21 12:28:35 INFO bar_manager.py:46: Successfully loaded updated stylesheet and applied to all bars.
2025-03-21 12:28:37 INFO bar_manager.py:46: Successfully loaded updated stylesheet and applied to all bars.
2025-03-21 12:28:52 INFO bar_manager.py:46: Successfully loaded updated stylesheet and applied to all bars.
2025-03-21 12:29:13 INFO bar_manager.py:46: Successfully loaded updated stylesheet and applied to all bars.
2025-03-21 12:29:47 INFO bar_manager.py:46: Successfully loaded updated stylesheet and applied to all bars.
2025-03-21 12:30:12 INFO bar_manager.py:46: Successfully loaded updated stylesheet and applied to all bars.
2025-03-21 12:30:18 INFO bar_manager.py:46: Successfully loaded updated stylesheet and applied to all bars.
2025-03-21 12:30:20 INFO bar_manager.py:46: Successfully loaded updated stylesheet and applied to all bars.
2025-03-21 12:30:22 INFO tray.py:241: Reloading Application...
2025-03-21 12:30:22 INFO log.py:21: Yasb v1.6.5
2025-03-21 12:30:22 DEBUG win32.py:55: Looking up time zone info from registry
2025-03-21 12:30:22 DEBUG __init__.py:149: CoInitializeEx(None, 2)
2025-03-21 12:30:22 INFO app_bar.py:103: Bar Created on Screen: EA232WMi [Bar Height: 50px, DPI Scale: 1.0, Scale Screen: True, Screen Geometry: X: 0, Y: 0, Screen Width: 1920, Screen Height: 1080]
2025-03-21 12:30:23 INFO app_bar.py:103: Bar Created on Screen: EA232WMi [Bar Height: 52px, DPI Scale: 1.0, Scale Screen: True, Screen Geometry: X: 0, Y: 0, Screen Width: 1920, Screen Height: 1080]
2025-03-21 12:30:23 INFO event_listener.py:52: Created named pipe yasb-7eee217d-063f-11f0-a964-58cdc9ee9bc0
2025-03-21 12:30:23 INFO event_listener.py:106: Waiting for Komorebi to subscribe to named pipe yasb-7eee217d-063f-11f0-a964-58cdc9ee9bc0
2025-03-21 12:30:23 INFO watcher.py:39: Created file watcher for path C:\Users\bilay\.config\yasb
2025-03-21 12:30:23 DEBUG _windows.py:213: Starting (proactor: <_IocpProactor overlapped#=0 result#=0>)...
2025-03-21 12:30:23 DEBUG _windows.py:192: Thread started
2025-03-21 12:30:23 INFO event_listener.py:118: Komorebi connected to named pipe: yasb-7eee217d-063f-11f0-a964-58cdc9ee9bc0
2025-03-21 12:30:28 INFO bar_manager.py:46: Successfully loaded updated stylesheet and applied to all bars.
2025-03-21 12:30:30 INFO tray.py:241: Reloading Application...
2025-03-21 12:30:30 INFO log.py:21: Yasb v1.6.5
2025-03-21 12:30:30 DEBUG win32.py:55: Looking up time zone info from registry
2025-03-21 12:30:30 DEBUG __init__.py:149: CoInitializeEx(None, 2)
2025-03-21 12:30:30 INFO app_bar.py:103: Bar Created on Screen: EA232WMi [Bar Height: 50px, DPI Scale: 1.0, Scale Screen: True, Screen Geometry: X: 0, Y: 0, Screen Width: 1920, Screen Height: 1080]
2025-03-21 12:30:31 INFO app_bar.py:103: Bar Created on Screen: EA232WMi [Bar Height: 52px, DPI Scale: 1.0, Scale Screen: True, Screen Geometry: X: 0, Y: 0, Screen Width: 1920, Screen Height: 1080]
2025-03-21 12:30:31 INFO event_listener.py:52: Created named pipe yasb-83cb581e-063f-11f0-b822-58cdc9ee9bc0
2025-03-21 12:30:31 INFO event_listener.py:106: Waiting for Komorebi to subscribe to named pipe yasb-83cb581e-063f-11f0-b822-58cdc9ee9bc0
2025-03-21 12:30:31 INFO watcher.py:39: Created file watcher for path C:\Users\bilay\.config\yasb
2025-03-21 12:30:31 DEBUG _windows.py:213: Starting (proactor: <_IocpProactor overlapped#=0 result#=0>)...
2025-03-21 12:30:31 DEBUG _windows.py:192: Thread started
2025-03-21 12:30:31 INFO event_listener.py:118: Komorebi connected to named pipe: yasb-83cb581e-063f-11f0-b822-58cdc9ee9bc0
2025-03-21 12:30:44 INFO log.py:21: Yasb v1.6.5
2025-03-21 12:30:44 DEBUG win32.py:55: Looking up time zone info from registry
2025-03-21 12:30:44 DEBUG __init__.py:149: CoInitializeEx(None, 2)
2025-03-21 12:30:44 INFO app_bar.py:103: Bar Created on Screen: EA232WMi [Bar Height: 50px, DPI Scale: 1.0, Scale Screen: True, Screen Geometry: X: 0, Y: 0, Screen Width: 1920, Screen Height: 1080]
2025-03-21 12:30:44 INFO app_bar.py:103: Bar Created on Screen: EA232WMi [Bar Height: 54px, DPI Scale: 1.0, Scale Screen: True, Screen Geometry: X: 0, Y: 0, Screen Width: 1920, Screen Height: 1080]
2025-03-21 12:30:44 INFO event_listener.py:52: Created named pipe yasb-8bc4fad4-063f-11f0-9760-58cdc9ee9bc0
2025-03-21 12:30:44 INFO event_listener.py:106: Waiting for Komorebi to subscribe to named pipe yasb-8bc4fad4-063f-11f0-9760-58cdc9ee9bc0
2025-03-21 12:30:44 INFO watcher.py:39: Created file watcher for path C:\Users\bilay\.config\yasb
2025-03-21 12:30:44 DEBUG _windows.py:213: Starting (proactor: <_IocpProactor overlapped#=0 result#=0>)...
2025-03-21 12:30:44 DEBUG _windows.py:192: Thread started
2025-03-21 12:30:44 INFO event_listener.py:118: Komorebi connected to named pipe: yasb-8bc4fad4-063f-11f0-9760-58cdc9ee9bc0
2025-03-21 12:30:53 INFO log.py:21: Yasb v1.6.5
2025-03-21 12:30:53 DEBUG win32.py:55: Looking up time zone info from registry
2025-03-21 12:30:53 DEBUG __init__.py:149: CoInitializeEx(None, 2)
2025-03-21 12:30:53 INFO app_bar.py:103: Bar Created on Screen: EA232WMi [Bar Height: 50px, DPI Scale: 1.0, Scale Screen: True, Screen Geometry: X: 0, Y: 0, Screen Width: 1920, Screen Height: 1080]
2025-03-21 12:30:53 INFO app_bar.py:103: Bar Created on Screen: EA232WMi [Bar Height: 52px, DPI Scale: 1.0, Scale Screen: True, Screen Geometry: X: 0, Y: 0, Screen Width: 1920, Screen Height: 1080]
2025-03-21 12:30:53 INFO event_listener.py:52: Created named pipe yasb-91465873-063f-11f0-861a-58cdc9ee9bc0
2025-03-21 12:30:53 INFO event_listener.py:106: Waiting for Komorebi to subscribe to named pipe yasb-91465873-063f-11f0-861a-58cdc9ee9bc0
2025-03-21 12:30:53 INFO watcher.py:39: Created file watcher for path C:\Users\bilay\.config\yasb
2025-03-21 12:30:53 DEBUG _windows.py:213: Starting (proactor: <_IocpProactor overlapped#=0 result#=0>)...
2025-03-21 12:30:53 DEBUG _windows.py:192: Thread started
2025-03-21 12:30:53 INFO event_listener.py:118: Komorebi connected to named pipe: yasb-91465873-063f-11f0-861a-58cdc9ee9bc0
2025-03-21 12:30:57 INFO log.py:21: Yasb v1.6.5
2025-03-21 12:30:57 DEBUG win32.py:55: Looking up time zone info from registry
2025-03-21 12:30:57 DEBUG __init__.py:149: CoInitializeEx(None, 2)
2025-03-21 12:30:57 INFO app_bar.py:103: Bar Created on Screen: EA232WMi [Bar Height: 50px, DPI Scale: 1.0, Scale Screen: True, Screen Geometry: X: 0, Y: 0, Screen Width: 1920, Screen Height: 1080]
2025-03-21 12:30:57 INFO app_bar.py:103: Bar Created on Screen: EA232WMi [Bar Height: 54px, DPI Scale: 1.0, Scale Screen: True, Screen Geometry: X: 0, Y: 0, Screen Width: 1920, Screen Height: 1080]
2025-03-21 12:30:58 INFO event_listener.py:52: Created named pipe yasb-93c0b70c-063f-11f0-b644-58cdc9ee9bc0
2025-03-21 12:30:58 INFO event_listener.py:106: Waiting for Komorebi to subscribe to named pipe yasb-93c0b70c-063f-11f0-b644-58cdc9ee9bc0
2025-03-21 12:30:58 INFO watcher.py:39: Created file watcher for path C:\Users\bilay\.config\yasb
2025-03-21 12:30:58 DEBUG _windows.py:213: Starting (proactor: <_IocpProactor overlapped#=0 result#=0>)...
2025-03-21 12:30:58 DEBUG _windows.py:192: Thread started
2025-03-21 12:30:58 INFO event_listener.py:118: Komorebi connected to named pipe: yasb-93c0b70c-063f-11f0-b644-58cdc9ee9bc0
2025-03-21 12:31:49 INFO tray.py:241: Reloading Application...
2025-03-21 12:31:49 INFO log.py:21: Yasb v1.6.5
2025-03-21 12:31:49 DEBUG win32.py:55: Looking up time zone info from registry
2025-03-21 12:31:49 DEBUG __init__.py:149: CoInitializeEx(None, 2)
2025-03-21 12:31:49 INFO app_bar.py:103: Bar Created on Screen: EA232WMi [Bar Height: 50px, DPI Scale: 1.0, Scale Screen: True, Screen Geometry: X: 0, Y: 0, Screen Width: 1920, Screen Height: 1080]
2025-03-21 12:31:49 INFO app_bar.py:103: Bar Created on Screen: EA232WMi [Bar Height: 54px, DPI Scale: 1.0, Scale Screen: True, Screen Geometry: X: 0, Y: 0, Screen Width: 1920, Screen Height: 1080]
2025-03-21 12:31:49 INFO event_listener.py:52: Created named pipe yasb-b2b52b03-063f-11f0-97e8-58cdc9ee9bc0
2025-03-21 12:31:49 INFO event_listener.py:106: Waiting for Komorebi to subscribe to named pipe yasb-b2b52b03-063f-11f0-97e8-58cdc9ee9bc0
2025-03-21 12:31:50 INFO watcher.py:39: Created file watcher for path C:\Users\bilay\.config\yasb
2025-03-21 12:31:50 DEBUG _windows.py:213: Starting (proactor: <_IocpProactor overlapped#=0 result#=0>)...
2025-03-21 12:31:50 DEBUG _windows.py:192: Thread started
2025-03-21 12:31:50 INFO event_listener.py:118: Komorebi connected to named pipe: yasb-b2b52b03-063f-11f0-97e8-58cdc9ee9bc0
2025-03-21 12:32:03 INFO bar_manager.py:46: Successfully loaded updated stylesheet and applied to all bars.
2025-03-21 12:32:07 INFO tray.py:241: Reloading Application...
2025-03-21 12:32:07 INFO log.py:21: Yasb v1.6.5
2025-03-21 12:32:07 DEBUG win32.py:55: Looking up time zone info from registry
2025-03-21 12:32:07 DEBUG __init__.py:149: CoInitializeEx(None, 2)
2025-03-21 12:32:07 INFO app_bar.py:103: Bar Created on Screen: EA232WMi [Bar Height: 50px, DPI Scale: 1.0, Scale Screen: True, Screen Geometry: X: 0, Y: 0, Screen Width: 1920, Screen Height: 1080]
2025-03-21 12:32:07 INFO app_bar.py:103: Bar Created on Screen: EA232WMi [Bar Height: 54px, DPI Scale: 1.0, Scale Screen: True, Screen Geometry: X: 0, Y: 0, Screen Width: 1920, Screen Height: 1080]
2025-03-21 12:32:07 INFO event_listener.py:52: Created named pipe yasb-bd543826-063f-11f0-8594-58cdc9ee9bc0
2025-03-21 12:32:07 INFO event_listener.py:106: Waiting for Komorebi to subscribe to named pipe yasb-bd543826-063f-11f0-8594-58cdc9ee9bc0
2025-03-21 12:32:07 INFO watcher.py:39: Created file watcher for path C:\Users\bilay\.config\yasb
2025-03-21 12:32:07 DEBUG _windows.py:213: Starting (proactor: <_IocpProactor overlapped#=0 result#=0>)...
2025-03-21 12:32:07 DEBUG _windows.py:192: Thread started
2025-03-21 12:32:07 INFO event_listener.py:118: Komorebi connected to named pipe: yasb-bd543826-063f-11f0-8594-58cdc9ee9bc0
2025-03-21 12:32:16 INFO bar_manager.py:46: Successfully loaded updated stylesheet and applied to all bars.
2025-03-21 12:32:19 INFO tray.py:241: Reloading Application...
2025-03-21 12:32:19 INFO log.py:21: Yasb v1.6.5
2025-03-21 12:32:19 DEBUG win32.py:55: Looking up time zone info from registry
2025-03-21 12:32:19 DEBUG __init__.py:149: CoInitializeEx(None, 2)
2025-03-21 12:32:20 INFO app_bar.py:103: Bar Created on Screen: EA232WMi [Bar Height: 50px, DPI Scale: 1.0, Scale Screen: True, Screen Geometry: X: 0, Y: 0, Screen Width: 1920, Screen Height: 1080]
2025-03-21 12:32:20 INFO app_bar.py:103: Bar Created on Screen: EA232WMi [Bar Height: 54px, DPI Scale: 1.0, Scale Screen: True, Screen Geometry: X: 0, Y: 0, Screen Width: 1920, Screen Height: 1080]
2025-03-21 12:32:20 INFO event_listener.py:52: Created named pipe yasb-c4cc974e-063f-11f0-9c14-58cdc9ee9bc0
2025-03-21 12:32:20 INFO event_listener.py:106: Waiting for Komorebi to subscribe to named pipe yasb-c4cc974e-063f-11f0-9c14-58cdc9ee9bc0
2025-03-21 12:32:20 INFO watcher.py:39: Created file watcher for path C:\Users\bilay\.config\yasb
2025-03-21 12:32:20 DEBUG _windows.py:213: Starting (proactor: <_IocpProactor overlapped#=0 result#=0>)...
2025-03-21 12:32:20 DEBUG _windows.py:192: Thread started
2025-03-21 12:32:20 INFO event_listener.py:118: Komorebi connected to named pipe: yasb-c4cc974e-063f-11f0-9c14-58cdc9ee9bc0
2025-03-21 12:32:31 INFO bar_manager.py:46: Successfully loaded updated stylesheet and applied to all bars.
2025-03-21 12:32:34 INFO tray.py:241: Reloading Application...
2025-03-21 12:32:34 INFO log.py:21: Yasb v1.6.5
2025-03-21 12:32:34 DEBUG win32.py:55: Looking up time zone info from registry
2025-03-21 12:32:35 DEBUG __init__.py:149: CoInitializeEx(None, 2)
2025-03-21 12:32:35 INFO app_bar.py:103: Bar Created on Screen: EA232WMi [Bar Height: 50px, DPI Scale: 1.0, Scale Screen: True, Screen Geometry: X: 0, Y: 0, Screen Width: 1920, Screen Height: 1080]
2025-03-21 12:32:35 INFO app_bar.py:103: Bar Created on Screen: EA232WMi [Bar Height: 54px, DPI Scale: 1.0, Scale Screen: True, Screen Geometry: X: 0, Y: 0, Screen Width: 1920, Screen Height: 1080]
2025-03-21 12:32:35 INFO event_listener.py:52: Created named pipe yasb-cdc70780-063f-11f0-8c6f-58cdc9ee9bc0
2025-03-21 12:32:35 INFO event_listener.py:106: Waiting for Komorebi to subscribe to named pipe yasb-cdc70780-063f-11f0-8c6f-58cdc9ee9bc0
2025-03-21 12:32:35 INFO watcher.py:39: Created file watcher for path C:\Users\bilay\.config\yasb
2025-03-21 12:32:35 DEBUG _windows.py:213: Starting (proactor: <_IocpProactor overlapped#=0 result#=0>)...
2025-03-21 12:32:35 DEBUG _windows.py:192: Thread started
2025-03-21 12:32:35 INFO event_listener.py:118: Komorebi connected to named pipe: yasb-cdc70780-063f-11f0-8c6f-58cdc9ee9bc0
2025-03-21 12:33:04 INFO bar_manager.py:46: Successfully loaded updated stylesheet and applied to all bars.
2025-03-21 12:33:09 INFO bar_manager.py:46: Successfully loaded updated stylesheet and applied to all bars.
2025-03-21 12:33:21 INFO bar_manager.py:46: Successfully loaded updated stylesheet and applied to all bars.
2025-03-21 12:33:35 INFO log.py:21: Yasb v1.6.5
2025-03-21 12:33:35 DEBUG win32.py:55: Looking up time zone info from registry
2025-03-21 12:33:35 DEBUG __init__.py:149: CoInitializeEx(None, 2)
2025-03-21 12:33:35 INFO app_bar.py:103: Bar Created on Screen: EA232WMi [Bar Height: 50px, DPI Scale: 1.0, Scale Screen: True, Screen Geometry: X: 0, Y: 0, Screen Width: 1920, Screen Height: 1080]
2025-03-21 12:33:35 INFO app_bar.py:103: Bar Created on Screen: EA232WMi [Bar Height: 60px, DPI Scale: 1.0, Scale Screen: True, Screen Geometry: X: 0, Y: 0, Screen Width: 1920, Screen Height: 1080]
2025-03-21 12:33:35 INFO event_listener.py:52: Created named pipe yasb-f1d89d83-063f-11f0-88f9-58cdc9ee9bc0
2025-03-21 12:33:35 INFO event_listener.py:106: Waiting for Komorebi to subscribe to named pipe yasb-f1d89d83-063f-11f0-88f9-58cdc9ee9bc0
2025-03-21 12:33:35 INFO watcher.py:39: Created file watcher for path C:\Users\bilay\.config\yasb
2025-03-21 12:33:35 DEBUG _windows.py:213: Starting (proactor: <_IocpProactor overlapped#=0 result#=0>)...
2025-03-21 12:33:35 DEBUG _windows.py:192: Thread started
2025-03-21 12:33:35 INFO event_listener.py:118: Komorebi connected to named pipe: yasb-f1d89d83-063f-11f0-88f9-58cdc9ee9bc0
2025-03-21 12:33:38 INFO tray.py:241: Reloading Application...
2025-03-21 12:33:38 INFO log.py:21: Yasb v1.6.5
2025-03-21 12:33:38 DEBUG win32.py:55: Looking up time zone info from registry
2025-03-21 12:33:38 DEBUG __init__.py:149: CoInitializeEx(None, 2)
2025-03-21 12:33:38 INFO app_bar.py:103: Bar Created on Screen: EA232WMi [Bar Height: 50px, DPI Scale: 1.0, Scale Screen: True, Screen Geometry: X: 0, Y: 0, Screen Width: 1920, Screen Height: 1080]
2025-03-21 12:33:38 INFO app_bar.py:103: Bar Created on Screen: EA232WMi [Bar Height: 60px, DPI Scale: 1.0, Scale Screen: True, Screen Geometry: X: 0, Y: 0, Screen Width: 1920, Screen Height: 1080]
2025-03-21 12:33:38 INFO event_listener.py:52: Created named pipe yasb-f3b08707-063f-11f0-9246-58cdc9ee9bc0
2025-03-21 12:33:38 INFO event_listener.py:106: Waiting for Komorebi to subscribe to named pipe yasb-f3b08707-063f-11f0-9246-58cdc9ee9bc0
2025-03-21 12:33:39 INFO watcher.py:39: Created file watcher for path C:\Users\bilay\.config\yasb
2025-03-21 12:33:39 DEBUG _windows.py:213: Starting (proactor: <_IocpProactor overlapped#=0 result#=0>)...
2025-03-21 12:33:39 DEBUG _windows.py:192: Thread started
2025-03-21 12:33:39 INFO event_listener.py:118: Komorebi connected to named pipe: yasb-f3b08707-063f-11f0-9246-58cdc9ee9bc0
2025-03-21 12:33:49 INFO log.py:21: Yasb v1.6.5
2025-03-21 12:33:49 DEBUG win32.py:55: Looking up time zone info from registry
2025-03-21 12:33:49 DEBUG __init__.py:149: CoInitializeEx(None, 2)
2025-03-21 12:33:49 INFO app_bar.py:103: Bar Created on Screen: EA232WMi [Bar Height: 50px, DPI Scale: 1.0, Scale Screen: True, Screen Geometry: X: 0, Y: 0, Screen Width: 1920, Screen Height: 1080]
2025-03-21 12:33:49 INFO app_bar.py:103: Bar Created on Screen: EA232WMi [Bar Height: 60px, DPI Scale: 1.0, Scale Screen: True, Screen Geometry: X: 0, Y: 0, Screen Width: 1920, Screen Height: 1080]
2025-03-21 12:33:49 INFO event_listener.py:52: Created named pipe yasb-fa0e60ff-063f-11f0-b220-58cdc9ee9bc0
2025-03-21 12:33:49 INFO event_listener.py:106: Waiting for Komorebi to subscribe to named pipe yasb-fa0e60ff-063f-11f0-b220-58cdc9ee9bc0
2025-03-21 12:33:49 INFO watcher.py:39: Created file watcher for path C:\Users\bilay\.config\yasb
2025-03-21 12:33:49 DEBUG _windows.py:213: Starting (proactor: <_IocpProactor overlapped#=0 result#=0>)...
2025-03-21 12:33:49 DEBUG _windows.py:192: Thread started
2025-03-21 12:33:49 INFO event_listener.py:118: Komorebi connected to named pipe: yasb-fa0e60ff-063f-11f0-b220-58cdc9ee9bc0
2025-03-21 12:34:10 INFO log.py:21: Yasb v1.6.5
2025-03-21 12:34:10 DEBUG win32.py:55: Looking up time zone info from registry
2025-03-21 12:34:11 DEBUG __init__.py:149: CoInitializeEx(None, 2)
2025-03-21 12:34:11 INFO app_bar.py:103: Bar Created on Screen: EA232WMi [Bar Height: 50px, DPI Scale: 1.0, Scale Screen: True, Screen Geometry: X: 0, Y: 0, Screen Width: 1920, Screen Height: 1080]
2025-03-21 12:34:11 INFO app_bar.py:103: Bar Created on Screen: EA232WMi [Bar Height: 58px, DPI Scale: 1.0, Scale Screen: True, Screen Geometry: X: 0, Y: 0, Screen Width: 1920, Screen Height: 1080]
2025-03-21 12:34:11 INFO event_listener.py:52: Created named pipe yasb-06fd2f9e-0640-11f0-ba33-58cdc9ee9bc0
2025-03-21 12:34:11 INFO event_listener.py:106: Waiting for Komorebi to subscribe to named pipe yasb-06fd2f9e-0640-11f0-ba33-58cdc9ee9bc0
2025-03-21 12:34:11 INFO watcher.py:39: Created file watcher for path C:\Users\bilay\.config\yasb
2025-03-21 12:34:11 DEBUG _windows.py:213: Starting (proactor: <_IocpProactor overlapped#=0 result#=0>)...
2025-03-21 12:34:11 DEBUG _windows.py:192: Thread started
2025-03-21 12:34:11 INFO event_listener.py:118: Komorebi connected to named pipe: yasb-06fd2f9e-0640-11f0-ba33-58cdc9ee9bc0
2025-03-21 12:34:25 INFO log.py:21: Yasb v1.6.5
2025-03-21 12:34:25 DEBUG win32.py:55: Looking up time zone info from registry
2025-03-21 12:34:25 DEBUG __init__.py:149: CoInitializeEx(None, 2)
2025-03-21 12:34:25 INFO app_bar.py:103: Bar Created on Screen: EA232WMi [Bar Height: 50px, DPI Scale: 1.0, Scale Screen: True, Screen Geometry: X: 0, Y: 0, Screen Width: 1920, Screen Height: 1080]
2025-03-21 12:34:25 INFO app_bar.py:103: Bar Created on Screen: EA232WMi [Bar Height: 60px, DPI Scale: 1.0, Scale Screen: True, Screen Geometry: X: 0, Y: 0, Screen Width: 1920, Screen Height: 1080]
2025-03-21 12:34:25 INFO event_listener.py:52: Created named pipe yasb-0fa9b773-0640-11f0-ad8b-58cdc9ee9bc0
2025-03-21 12:34:25 INFO event_listener.py:106: Waiting for Komorebi to subscribe to named pipe yasb-0fa9b773-0640-11f0-ad8b-58cdc9ee9bc0
2025-03-21 12:34:25 INFO watcher.py:39: Created file watcher for path C:\Users\bilay\.config\yasb
2025-03-21 12:34:25 DEBUG _windows.py:213: Starting (proactor: <_IocpProactor overlapped#=0 result#=0>)...
2025-03-21 12:34:25 DEBUG _windows.py:192: Thread started
2025-03-21 12:34:25 INFO event_listener.py:118: Komorebi connected to named pipe: yasb-0fa9b773-0640-11f0-ad8b-58cdc9ee9bc0
2025-03-21 12:36:02 INFO log.py:21: Yasb v1.6.5
2025-03-21 12:36:02 DEBUG win32.py:55: Looking up time zone info from registry
2025-03-21 12:36:02 DEBUG __init__.py:149: CoInitializeEx(None, 2)
2025-03-21 12:36:02 INFO app_bar.py:103: Bar Created on Screen: EA232WMi [Bar Height: 50px, DPI Scale: 1.0, Scale Screen: True, Screen Geometry: X: 0, Y: 0, Screen Width: 1920, Screen Height: 1080]
2025-03-21 12:36:02 INFO app_bar.py:103: Bar Created on Screen: EA232WMi [Bar Height: 64px, DPI Scale: 1.0, Scale Screen: True, Screen Geometry: X: 0, Y: 0, Screen Width: 1920, Screen Height: 1080]
2025-03-21 12:36:02 INFO event_listener.py:52: Created named pipe yasb-49460bf4-0640-11f0-acf2-58cdc9ee9bc0
2025-03-21 12:36:02 INFO event_listener.py:106: Waiting for Komorebi to subscribe to named pipe yasb-49460bf4-0640-11f0-acf2-58cdc9ee9bc0
2025-03-21 12:36:02 INFO watcher.py:39: Created file watcher for path C:\Users\bilay\.config\yasb
2025-03-21 12:36:02 DEBUG _windows.py:213: Starting (proactor: <_IocpProactor overlapped#=0 result#=0>)...
2025-03-21 12:36:02 DEBUG _windows.py:192: Thread started
2025-03-21 12:36:02 INFO event_listener.py:118: Komorebi connected to named pipe: yasb-49460bf4-0640-11f0-acf2-58cdc9ee9bc0
2025-03-21 12:37:00 INFO log.py:21: Yasb v1.6.5
2025-03-21 12:37:00 DEBUG win32.py:55: Looking up time zone info from registry
2025-03-21 12:37:00 DEBUG __init__.py:149: CoInitializeEx(None, 2)
2025-03-21 12:37:00 INFO app_bar.py:103: Bar Created on Screen: EA232WMi [Bar Height: 50px, DPI Scale: 1.0, Scale Screen: True, Screen Geometry: X: 0, Y: 0, Screen Width: 1920, Screen Height: 1080]
2025-03-21 12:37:00 INFO app_bar.py:103: Bar Created on Screen: EA232WMi [Bar Height: 64px, DPI Scale: 1.0, Scale Screen: True, Screen Geometry: X: 0, Y: 0, Screen Width: 1920, Screen Height: 1080]
2025-03-21 12:37:00 INFO event_listener.py:52: Created named pipe yasb-6c0c2230-0640-11f0-9c09-58cdc9ee9bc0
2025-03-21 12:37:00 INFO event_listener.py:106: Waiting for Komorebi to subscribe to named pipe yasb-6c0c2230-0640-11f0-9c09-58cdc9ee9bc0
2025-03-21 12:37:00 INFO watcher.py:39: Created file watcher for path C:\Users\bilay\.config\yasb
2025-03-21 12:37:00 DEBUG _windows.py:213: Starting (proactor: <_IocpProactor overlapped#=0 result#=0>)...
2025-03-21 12:37:00 DEBUG _windows.py:192: Thread started
2025-03-21 12:37:00 INFO event_listener.py:118: Komorebi connected to named pipe: yasb-6c0c2230-0640-11f0-9c09-58cdc9ee9bc0
2025-03-21 12:39:09 INFO log.py:21: Yasb v1.6.5
2025-03-21 12:39:09 DEBUG win32.py:55: Looking up time zone info from registry
2025-03-21 12:39:09 DEBUG __init__.py:149: CoInitializeEx(None, 2)
2025-03-21 12:39:09 INFO app_bar.py:103: Bar Created on Screen: EA232WMi [Bar Height: 50px, DPI Scale: 1.0, Scale Screen: True, Screen Geometry: X: 0, Y: 0, Screen Width: 1920, Screen Height: 1080]
2025-03-21 12:39:10 INFO app_bar.py:103: Bar Created on Screen: EA232WMi [Bar Height: 64px, DPI Scale: 1.0, Scale Screen: True, Screen Geometry: X: 0, Y: 0, Screen Width: 1920, Screen Height: 1080]
2025-03-21 12:39:10 INFO event_listener.py:52: Created named pipe yasb-b920797e-0640-11f0-a838-58cdc9ee9bc0
2025-03-21 12:39:10 INFO event_listener.py:106: Waiting for Komorebi to subscribe to named pipe yasb-b920797e-0640-11f0-a838-58cdc9ee9bc0
2025-03-21 12:39:10 INFO watcher.py:39: Created file watcher for path C:\Users\bilay\.config\yasb
2025-03-21 12:39:10 DEBUG _windows.py:213: Starting (proactor: <_IocpProactor overlapped#=0 result#=0>)...
2025-03-21 12:39:10 DEBUG _windows.py:192: Thread started
2025-03-21 12:39:10 INFO event_listener.py:118: Komorebi connected to named pipe: yasb-b920797e-0640-11f0-a838-58cdc9ee9bc0
2025-03-21 12:39:32 INFO log.py:21: Yasb v1.6.5
2025-03-21 12:39:33 DEBUG win32.py:55: Looking up time zone info from registry
2025-03-21 12:39:33 DEBUG __init__.py:149: CoInitializeEx(None, 2)
2025-03-21 12:39:33 INFO app_bar.py:103: Bar Created on Screen: EA232WMi [Bar Height: 40px, DPI Scale: 1.0, Scale Screen: True, Screen Geometry: X: 0, Y: 0, Screen Width: 1920, Screen Height: 1080]
2025-03-21 12:39:33 INFO app_bar.py:103: Bar Created on Screen: EA232WMi [Bar Height: 64px, DPI Scale: 1.0, Scale Screen: True, Screen Geometry: X: 0, Y: 0, Screen Width: 1920, Screen Height: 1080]
2025-03-21 12:39:33 INFO event_listener.py:52: Created named pipe yasb-c7007617-0640-11f0-b717-58cdc9ee9bc0
2025-03-21 12:39:33 INFO event_listener.py:106: Waiting for Komorebi to subscribe to named pipe yasb-c7007617-0640-11f0-b717-58cdc9ee9bc0
2025-03-21 12:39:33 INFO watcher.py:39: Created file watcher for path C:\Users\bilay\.config\yasb
2025-03-21 12:39:33 DEBUG _windows.py:213: Starting (proactor: <_IocpProactor overlapped#=0 result#=0>)...
2025-03-21 12:39:33 DEBUG _windows.py:192: Thread started
2025-03-21 12:39:34 INFO event_listener.py:118: Komorebi connected to named pipe: yasb-c7007617-0640-11f0-b717-58cdc9ee9bc0
2025-03-21 12:40:04 INFO log.py:21: Yasb v1.6.5
2025-03-21 12:40:04 DEBUG win32.py:55: Looking up time zone info from registry
2025-03-21 12:40:04 DEBUG __init__.py:149: CoInitializeEx(None, 2)
2025-03-21 12:40:04 INFO app_bar.py:103: Bar Created on Screen: EA232WMi [Bar Height: 38px, DPI Scale: 1.0, Scale Screen: True, Screen Geometry: X: 0, Y: 0, Screen Width: 1920, Screen Height: 1080]
2025-03-21 12:40:04 INFO app_bar.py:103: Bar Created on Screen: EA232WMi [Bar Height: 64px, DPI Scale: 1.0, Scale Screen: True, Screen Geometry: X: 0, Y: 0, Screen Width: 1920, Screen Height: 1080]
2025-03-21 12:40:04 INFO event_listener.py:52: Created named pipe yasb-d9c25333-0640-11f0-90cf-58cdc9ee9bc0
2025-03-21 12:40:04 INFO event_listener.py:106: Waiting for Komorebi to subscribe to named pipe yasb-d9c25333-0640-11f0-90cf-58cdc9ee9bc0
2025-03-21 12:40:05 INFO watcher.py:39: Created file watcher for path C:\Users\bilay\.config\yasb
2025-03-21 12:40:05 DEBUG _windows.py:213: Starting (proactor: <_IocpProactor overlapped#=0 result#=0>)...
2025-03-21 12:40:05 DEBUG _windows.py:192: Thread started
2025-03-21 12:40:05 INFO event_listener.py:118: Komorebi connected to named pipe: yasb-d9c25333-0640-11f0-90cf-58cdc9ee9bc0
2025-03-21 12:40:55 WARNING event_listener.py:83: Pipe has been ended: (109, 'PeekNamedPipe', 'The pipe has been ended.')
2025-03-21 12:40:55 INFO event_listener.py:93: Attempting to reconnect...
2025-03-21 12:40:56 INFO tray.py:241: Reloading Application...
2025-03-21 12:40:56 INFO log.py:21: Yasb v1.6.5
2025-03-21 12:40:56 DEBUG win32.py:55: Looking up time zone info from registry
2025-03-21 12:40:56 DEBUG __init__.py:149: CoInitializeEx(None, 2)
2025-03-21 12:40:57 INFO app_bar.py:103: Bar Created on Screen: EA232WMi [Bar Height: 38px, DPI Scale: 1.0, Scale Screen: True, Screen Geometry: X: 0, Y: 0, Screen Width: 1920, Screen Height: 1080]
2025-03-21 12:40:57 INFO app_bar.py:103: Bar Created on Screen: EA232WMi [Bar Height: 64px, DPI Scale: 1.0, Scale Screen: True, Screen Geometry: X: 0, Y: 0, Screen Width: 1920, Screen Height: 1080]
2025-03-21 12:40:57 INFO event_listener.py:52: Created named pipe yasb-f8fb13e8-0640-11f0-9085-58cdc9ee9bc0
2025-03-21 12:40:57 INFO event_listener.py:106: Waiting for Komorebi to subscribe to named pipe yasb-f8fb13e8-0640-11f0-9085-58cdc9ee9bc0
2025-03-21 12:40:57 INFO watcher.py:39: Created file watcher for path C:\Users\bilay\.config\yasb
2025-03-21 12:40:57 DEBUG _windows.py:213: Starting (proactor: <_IocpProactor overlapped#=0 result#=0>)...
2025-03-21 12:40:57 DEBUG _windows.py:192: Thread started
2025-03-21 12:40:57 INFO event_listener.py:118: Komorebi connected to named pipe: yasb-f8fb13e8-0640-11f0-9085-58cdc9ee9bc0
2025-03-21 12:41:01 INFO log.py:21: Yasb v1.6.5
2025-03-21 12:41:01 ERROR main.py:82: Another instance of the YASB is already running.
2025-03-21 12:43:54 WARNING event_listener.py:83: Pipe has been ended: (109, 'PeekNamedPipe', 'The pipe has been ended.')
2025-03-21 12:43:54 INFO event_listener.py:93: Attempting to reconnect...
2025-03-21 12:43:55 INFO tray.py:241: Reloading Application...
2025-03-21 12:43:55 INFO log.py:21: Yasb v1.6.5
2025-03-21 12:43:55 DEBUG win32.py:55: Looking up time zone info from registry
2025-03-21 12:43:55 DEBUG __init__.py:149: CoInitializeEx(None, 2)
2025-03-21 12:43:55 INFO app_bar.py:103: Bar Created on Screen: EA232WMi [Bar Height: 38px, DPI Scale: 1.0, Scale Screen: True, Screen Geometry: X: 0, Y: 0, Screen Width: 1920, Screen Height: 1080]
2025-03-21 12:43:55 INFO app_bar.py:103: Bar Created on Screen: EA232WMi [Bar Height: 64px, DPI Scale: 1.0, Scale Screen: True, Screen Geometry: X: 0, Y: 0, Screen Width: 1920, Screen Height: 1080]
2025-03-21 12:43:55 INFO event_listener.py:52: Created named pipe yasb-63638fc5-0641-11f0-a5eb-58cdc9ee9bc0
2025-03-21 12:43:55 INFO event_listener.py:106: Waiting for Komorebi to subscribe to named pipe yasb-63638fc5-0641-11f0-a5eb-58cdc9ee9bc0
2025-03-21 12:43:55 INFO watcher.py:39: Created file watcher for path C:\Users\bilay\.config\yasb
2025-03-21 12:43:55 INFO event_listener.py:118: Komorebi connected to named pipe: yasb-63638fc5-0641-11f0-a5eb-58cdc9ee9bc0
2025-03-21 12:43:55 DEBUG _windows.py:213: Starting (proactor: <_IocpProactor overlapped#=0 result#=0>)...
2025-03-21 12:43:55 DEBUG _windows.py:192: Thread started
2025-03-21 12:43:59 INFO log.py:21: Yasb v1.6.5
2025-03-21 12:43:59 ERROR main.py:82: Another instance of the YASB is already running.
2025-03-21 12:45:00 INFO log.py:21: Yasb v1.6.5
2025-03-21 12:45:00 DEBUG win32.py:55: Looking up time zone info from registry
2025-03-21 12:45:00 DEBUG __init__.py:149: CoInitializeEx(None, 2)
2025-03-21 12:45:00 INFO app_bar.py:103: Bar Created on Screen: EA232WMi [Bar Height: 40px, DPI Scale: 1.0, Scale Screen: True, Screen Geometry: X: 0, Y: 0, Screen Width: 1920, Screen Height: 1080]
2025-03-21 12:45:01 INFO app_bar.py:103: Bar Created on Screen: EA232WMi [Bar Height: 64px, DPI Scale: 1.0, Scale Screen: True, Screen Geometry: X: 0, Y: 0, Screen Width: 1920, Screen Height: 1080]
2025-03-21 12:45:01 INFO event_listener.py:52: Created named pipe yasb-8a42451f-0641-11f0-bb22-58cdc9ee9bc0
2025-03-21 12:45:01 INFO event_listener.py:106: Waiting for Komorebi to subscribe to named pipe yasb-8a42451f-0641-11f0-bb22-58cdc9ee9bc0
2025-03-21 12:45:01 INFO watcher.py:39: Created file watcher for path C:\Users\bilay\.config\yasb
2025-03-21 12:45:01 DEBUG _windows.py:213: Starting (proactor: <_IocpProactor overlapped#=0 result#=0>)...
2025-03-21 12:45:01 DEBUG _windows.py:192: Thread started
2025-03-21 12:45:01 INFO event_listener.py:118: Komorebi connected to named pipe: yasb-8a42451f-0641-11f0-bb22-58cdc9ee9bc0
2025-03-21 12:45:03 INFO log.py:21: Yasb v1.6.5
2025-03-21 12:45:03 DEBUG win32.py:55: Looking up time zone info from registry
2025-03-21 12:45:03 DEBUG __init__.py:149: CoInitializeEx(None, 2)
2025-03-21 12:45:03 INFO app_bar.py:103: Bar Created on Screen: EA232WMi [Bar Height: 48px, DPI Scale: 1.0, Scale Screen: True, Screen Geometry: X: 0, Y: 0, Screen Width: 1920, Screen Height: 1080]
2025-03-21 12:45:03 INFO app_bar.py:103: Bar Created on Screen: EA232WMi [Bar Height: 64px, DPI Scale: 1.0, Scale Screen: True, Screen Geometry: X: 0, Y: 0, Screen Width: 1920, Screen Height: 1080]
2025-03-21 12:45:03 INFO event_listener.py:52: Created named pipe yasb-8be328d2-0641-11f0-84a4-58cdc9ee9bc0
2025-03-21 12:45:03 INFO event_listener.py:106: Waiting for Komorebi to subscribe to named pipe yasb-8be328d2-0641-11f0-84a4-58cdc9ee9bc0
2025-03-21 12:45:03 INFO watcher.py:39: Created file watcher for path C:\Users\bilay\.config\yasb
2025-03-21 12:45:03 DEBUG _windows.py:213: Starting (proactor: <_IocpProactor overlapped#=0 result#=0>)...
2025-03-21 12:45:03 DEBUG _windows.py:192: Thread started
2025-03-21 12:45:03 INFO event_listener.py:118: Komorebi connected to named pipe: yasb-8be328d2-0641-11f0-84a4-58cdc9ee9bc0
2025-03-21 12:45:12 INFO log.py:21: Yasb v1.6.5
2025-03-21 12:45:12 DEBUG win32.py:55: Looking up time zone info from registry
2025-03-21 12:45:12 DEBUG __init__.py:149: CoInitializeEx(None, 2)
2025-03-21 12:45:12 INFO app_bar.py:103: Bar Created on Screen: EA232WMi [Bar Height: 50px, DPI Scale: 1.0, Scale Screen: True, Screen Geometry: X: 0, Y: 0, Screen Width: 1920, Screen Height: 1080]
2025-03-21 12:45:12 INFO app_bar.py:103: Bar Created on Screen: EA232WMi [Bar Height: 64px, DPI Scale: 1.0, Scale Screen: True, Screen Geometry: X: 0, Y: 0, Screen Width: 1920, Screen Height: 1080]
2025-03-21 12:45:12 INFO event_listener.py:52: Created named pipe yasb-9157693a-0641-11f0-95b6-58cdc9ee9bc0
2025-03-21 12:45:12 INFO event_listener.py:106: Waiting for Komorebi to subscribe to named pipe yasb-9157693a-0641-11f0-95b6-58cdc9ee9bc0
2025-03-21 12:45:13 INFO watcher.py:39: Created file watcher for path C:\Users\bilay\.config\yasb
2025-03-21 12:45:13 DEBUG _windows.py:213: Starting (proactor: <_IocpProactor overlapped#=0 result#=0>)...
2025-03-21 12:45:13 DEBUG _windows.py:192: Thread started
2025-03-21 12:45:13 INFO event_listener.py:118: Komorebi connected to named pipe: yasb-9157693a-0641-11f0-95b6-58cdc9ee9bc0
2025-03-21 12:45:16 INFO log.py:21: Yasb v1.6.5
2025-03-21 12:45:17 DEBUG win32.py:55: Looking up time zone info from registry
2025-03-21 12:45:17 DEBUG __init__.py:149: CoInitializeEx(None, 2)
2025-03-21 12:45:17 INFO app_bar.py:103: Bar Created on Screen: EA232WMi [Bar Height: 50px, DPI Scale: 1.0, Scale Screen: True, Screen Geometry: X: 0, Y: 0, Screen Width: 1920, Screen Height: 1080]
2025-03-21 12:45:17 INFO app_bar.py:103: Bar Created on Screen: EA232WMi [Bar Height: 62px, DPI Scale: 1.0, Scale Screen: True, Screen Geometry: X: 0, Y: 0, Screen Width: 1920, Screen Height: 1080]
2025-03-21 12:45:17 INFO event_listener.py:52: Created named pipe yasb-9408f696-0641-11f0-b04d-58cdc9ee9bc0
2025-03-21 12:45:17 INFO event_listener.py:106: Waiting for Komorebi to subscribe to named pipe yasb-9408f696-0641-11f0-b04d-58cdc9ee9bc0
2025-03-21 12:45:17 INFO watcher.py:39: Created file watcher for path C:\Users\bilay\.config\yasb
2025-03-21 12:45:17 DEBUG _windows.py:213: Starting (proactor: <_IocpProactor overlapped#=0 result#=0>)...
2025-03-21 12:45:17 DEBUG _windows.py:192: Thread started
2025-03-21 12:45:17 INFO event_listener.py:118: Komorebi connected to named pipe: yasb-9408f696-0641-11f0-b04d-58cdc9ee9bc0
2025-03-21 12:45:21 INFO log.py:21: Yasb v1.6.5
2025-03-21 12:45:21 DEBUG win32.py:55: Looking up time zone info from registry
2025-03-21 12:45:21 DEBUG __init__.py:149: CoInitializeEx(None, 2)
2025-03-21 12:45:21 INFO app_bar.py:103: Bar Created on Screen: EA232WMi [Bar Height: 50px, DPI Scale: 1.0, Scale Screen: True, Screen Geometry: X: 0, Y: 0, Screen Width: 1920, Screen Height: 1080]
2025-03-21 12:45:21 INFO app_bar.py:103: Bar Created on Screen: EA232WMi [Bar Height: 52px, DPI Scale: 1.0, Scale Screen: True, Screen Geometry: X: 0, Y: 0, Screen Width: 1920, Screen Height: 1080]
2025-03-21 12:45:21 INFO event_listener.py:52: Created named pipe yasb-96addd8e-0641-11f0-b6ba-58cdc9ee9bc0
2025-03-21 12:45:21 INFO event_listener.py:106: Waiting for Komorebi to subscribe to named pipe yasb-96addd8e-0641-11f0-b6ba-58cdc9ee9bc0
2025-03-21 12:45:21 INFO watcher.py:39: Created file watcher for path C:\Users\bilay\.config\yasb
2025-03-21 12:45:21 DEBUG _windows.py:213: Starting (proactor: <_IocpProactor overlapped#=0 result#=0>)...
2025-03-21 12:45:21 DEBUG _windows.py:192: Thread started
2025-03-21 12:45:21 INFO event_listener.py:118: Komorebi connected to named pipe: yasb-96addd8e-0641-11f0-b6ba-58cdc9ee9bc0
2025-03-21 12:45:33 INFO log.py:21: Yasb v1.6.5
2025-03-21 12:45:33 DEBUG win32.py:55: Looking up time zone info from registry
2025-03-21 12:45:34 DEBUG __init__.py:149: CoInitializeEx(None, 2)
2025-03-21 12:45:34 INFO app_bar.py:103: Bar Created on Screen: EA232WMi [Bar Height: 50px, DPI Scale: 1.0, Scale Screen: True, Screen Geometry: X: 0, Y: 0, Screen Width: 1920, Screen Height: 1080]
2025-03-21 12:45:34 INFO app_bar.py:103: Bar Created on Screen: EA232WMi [Bar Height: 54px, DPI Scale: 1.0, Scale Screen: True, Screen Geometry: X: 0, Y: 0, Screen Width: 1920, Screen Height: 1080]
2025-03-21 12:45:34 INFO event_listener.py:52: Created named pipe yasb-9e13e462-0641-11f0-b5b1-58cdc9ee9bc0
2025-03-21 12:45:34 INFO event_listener.py:106: Waiting for Komorebi to subscribe to named pipe yasb-9e13e462-0641-11f0-b5b1-58cdc9ee9bc0
2025-03-21 12:45:34 INFO watcher.py:39: Created file watcher for path C:\Users\bilay\.config\yasb
2025-03-21 12:45:34 DEBUG _windows.py:213: Starting (proactor: <_IocpProactor overlapped#=0 result#=0>)...
2025-03-21 12:45:34 DEBUG _windows.py:192: Thread started
2025-03-21 12:45:34 INFO event_listener.py:118: Komorebi connected to named pipe: yasb-9e13e462-0641-11f0-b5b1-58cdc9ee9bc0
2025-03-21 12:45:37 INFO log.py:21: Yasb v1.6.5
2025-03-21 12:45:37 DEBUG win32.py:55: Looking up time zone info from registry
2025-03-21 12:45:38 DEBUG __init__.py:149: CoInitializeEx(None, 2)
2025-03-21 12:45:38 INFO app_bar.py:103: Bar Created on Screen: EA232WMi [Bar Height: 50px, DPI Scale: 1.0, Scale Screen: True, Screen Geometry: X: 0, Y: 0, Screen Width: 1920, Screen Height: 1080]
2025-03-21 12:45:38 INFO app_bar.py:103: Bar Created on Screen: EA232WMi [Bar Height: 56px, DPI Scale: 1.0, Scale Screen: True, Screen Geometry: X: 0, Y: 0, Screen Width: 1920, Screen Height: 1080]
2025-03-21 12:45:38 INFO event_listener.py:52: Created named pipe yasb-a07414a5-0641-11f0-82e3-58cdc9ee9bc0
2025-03-21 12:45:38 INFO event_listener.py:106: Waiting for Komorebi to subscribe to named pipe yasb-a07414a5-0641-11f0-82e3-58cdc9ee9bc0
2025-03-21 12:45:38 INFO watcher.py:39: Created file watcher for path C:\Users\bilay\.config\yasb
2025-03-21 12:45:38 DEBUG _windows.py:213: Starting (proactor: <_IocpProactor overlapped#=0 result#=0>)...
2025-03-21 12:45:38 DEBUG _windows.py:192: Thread started
2025-03-21 12:45:38 INFO event_listener.py:118: Komorebi connected to named pipe: yasb-a07414a5-0641-11f0-82e3-58cdc9ee9bc0
2025-03-21 12:45:58 INFO bar_manager.py:46: Successfully loaded updated stylesheet and applied to all bars.
2025-03-21 12:46:30 INFO log.py:21: Yasb v1.6.5
2025-03-21 12:46:30 DEBUG win32.py:55: Looking up time zone info from registry
2025-03-21 12:46:30 DEBUG __init__.py:149: CoInitializeEx(None, 2)
2025-03-21 12:46:30 INFO app_bar.py:103: Bar Created on Screen: EA232WMi [Bar Height: 50px, DPI Scale: 1.0, Scale Screen: True, Screen Geometry: X: 0, Y: 0, Screen Width: 1920, Screen Height: 1080]
2025-03-21 12:46:30 INFO app_bar.py:103: Bar Created on Screen: EA232WMi [Bar Height: 56px, DPI Scale: 1.0, Scale Screen: True, Screen Geometry: X: 0, Y: 0, Screen Width: 1920, Screen Height: 1080]
2025-03-21 12:46:30 INFO event_listener.py:52: Created named pipe yasb-bfadaae9-0641-11f0-bc21-58cdc9ee9bc0
2025-03-21 12:46:30 INFO event_listener.py:106: Waiting for Komorebi to subscribe to named pipe yasb-bfadaae9-0641-11f0-bc21-58cdc9ee9bc0
2025-03-21 12:46:30 INFO watcher.py:39: Created file watcher for path C:\Users\bilay\.config\yasb
2025-03-21 12:46:30 DEBUG _windows.py:213: Starting (proactor: <_IocpProactor overlapped#=0 result#=0>)...
2025-03-21 12:46:30 DEBUG _windows.py:192: Thread started
2025-03-21 12:46:30 INFO event_listener.py:118: Komorebi connected to named pipe: yasb-bfadaae9-0641-11f0-bc21-58cdc9ee9bc0
2025-03-21 15:03:48 INFO bar.py:100: Screen geometry changed. Updating position for bar (status-bar_EA232WMi_47a23b04)
2025-03-21 15:03:48 INFO app_bar.py:103: Bar Created on Screen: EA232WMi [Bar Height: 50px, DPI Scale: 1.0, Scale Screen: True, Screen Geometry: X: 0, Y: 0, Screen Width: 1280, Screen Height: 720]
2025-03-21 15:03:48 INFO bar.py:100: Screen geometry changed. Updating position for bar (secondary_EA232WMi_f48436a3)
2025-03-21 15:03:48 INFO app_bar.py:103: Bar Created on Screen: EA232WMi [Bar Height: 56px, DPI Scale: 1.0, Scale Screen: True, Screen Geometry: X: 0, Y: 0, Screen Width: 1280, Screen Height: 720]
2025-03-21 15:03:48 INFO bar.py:100: Screen geometry changed. Updating position for bar (status-bar_EA232WMi_47a23b04)
2025-03-21 15:03:48 INFO app_bar.py:103: Bar Created on Screen: EA232WMi [Bar Height: 50px, DPI Scale: 1.0, Scale Screen: True, Screen Geometry: X: 0, Y: 0, Screen Width: 1920, Screen Height: 1080]
2025-03-21 15:03:48 INFO bar.py:100: Screen geometry changed. Updating position for bar (secondary_EA232WMi_f48436a3)
2025-03-21 15:03:48 INFO app_bar.py:103: Bar Created on Screen: EA232WMi [Bar Height: 56px, DPI Scale: 1.0, Scale Screen: True, Screen Geometry: X: 0, Y: 0, Screen Width: 1920, Screen Height: 1080]
2025-03-21 15:19:06 WARNING taskbar.py:261: No widget found under cursor.
2025-03-21 15:19:06 WARNING taskbar.py:261: No widget found under cursor.
2025-03-21 15:24:57 WARNING taskbar.py:266: No hwnd found for widget.
2025-03-21 21:20:14 WARNING event_listener.py:83: Pipe has been ended: (109, 'PeekNamedPipe', 'The pipe has been ended.')
2025-03-21 21:20:14 INFO event_listener.py:93: Attempting to reconnect...
2025-03-21 21:20:14 INFO tray.py:241: Reloading Application...
2025-03-21 21:20:14 INFO log.py:21: Yasb v1.6.5
2025-03-21 21:20:14 DEBUG win32.py:55: Looking up time zone info from registry
2025-03-21 21:20:15 DEBUG __init__.py:149: CoInitializeEx(None, 2)
2025-03-21 21:20:15 INFO app_bar.py:103: Bar Created on Screen: EA232WMi [Bar Height: 50px, DPI Scale: 1.0, Scale Screen: True, Screen Geometry: X: 0, Y: 0, Screen Width: 1920, Screen Height: 1080]
2025-03-21 21:20:15 INFO app_bar.py:103: Bar Created on Screen: EA232WMi [Bar Height: 56px, DPI Scale: 1.0, Scale Screen: True, Screen Geometry: X: 0, Y: 0, Screen Width: 1920, Screen Height: 1080]
2025-03-21 21:20:15 INFO event_listener.py:52: Created named pipe yasb-84952eb3-0689-11f0-a66e-58cdc9ee9bc0
2025-03-21 21:20:15 INFO event_listener.py:106: Waiting for Komorebi to subscribe to named pipe yasb-84952eb3-0689-11f0-a66e-58cdc9ee9bc0
2025-03-21 21:20:15 INFO watcher.py:39: Created file watcher for path C:\Users\bilay\.config\yasb
2025-03-21 21:20:15 DEBUG _windows.py:213: Starting (proactor: <_IocpProactor overlapped#=0 result#=0>)...
2025-03-21 21:20:15 DEBUG _windows.py:192: Thread started
2025-03-21 21:20:15 WARNING event_listener.py:111: Komorebi failed to subscribe named pipe. Waiting for subscription...
2025-03-21 21:20:24 INFO log.py:21: Yasb v1.6.5
2025-03-21 21:20:24 ERROR main.py:82: Another instance of the YASB is already running.
2025-03-21 21:20:32 INFO tray.py:241: Reloading Application...
2025-03-21 21:20:32 INFO log.py:21: Yasb v1.6.5
2025-03-21 21:20:32 DEBUG win32.py:55: Looking up time zone info from registry
2025-03-21 21:20:32 DEBUG __init__.py:149: CoInitializeEx(None, 2)
2025-03-21 21:20:32 INFO app_bar.py:103: Bar Created on Screen: EA232WMi [Bar Height: 50px, DPI Scale: 1.0, Scale Screen: True, Screen Geometry: X: 0, Y: 0, Screen Width: 1920, Screen Height: 1080]
2025-03-21 21:20:32 INFO app_bar.py:103: Bar Created on Screen: EA232WMi [Bar Height: 56px, DPI Scale: 1.0, Scale Screen: True, Screen Geometry: X: 0, Y: 0, Screen Width: 1920, Screen Height: 1080]
2025-03-21 21:20:32 INFO event_listener.py:52: Created named pipe yasb-8f17a7f7-0689-11f0-8251-58cdc9ee9bc0
2025-03-21 21:20:32 INFO event_listener.py:106: Waiting for Komorebi to subscribe to named pipe yasb-8f17a7f7-0689-11f0-8251-58cdc9ee9bc0
2025-03-21 21:20:32 INFO watcher.py:39: Created file watcher for path C:\Users\bilay\.config\yasb
2025-03-21 21:20:33 DEBUG _windows.py:213: Starting (proactor: <_IocpProactor overlapped#=0 result#=0>)...
2025-03-21 21:20:33 DEBUG _windows.py:192: Thread started
2025-03-21 21:20:33 WARNING event_listener.py:111: Komorebi failed to subscribe named pipe. Waiting for subscription...
2025-03-21 21:20:42 INFO log.py:21: Yasb v1.6.5
2025-03-21 21:20:42 ERROR main.py:82: Another instance of the YASB is already running.
2025-03-21 21:20:58 INFO log.py:21: Yasb v1.6.5
2025-03-21 21:20:58 ERROR main.py:82: Another instance of the YASB is already running.
2025-03-21 21:21:53 INFO tray.py:241: Reloading Application...
2025-03-21 21:21:53 INFO log.py:21: Yasb v1.6.5
2025-03-21 21:21:53 DEBUG win32.py:55: Looking up time zone info from registry
2025-03-21 21:21:53 DEBUG __init__.py:149: CoInitializeEx(None, 2)
2025-03-21 21:21:53 INFO app_bar.py:103: Bar Created on Screen: EA232WMi [Bar Height: 50px, DPI Scale: 1.0, Scale Screen: True, Screen Geometry: X: 0, Y: 0, Screen Width: 1920, Screen Height: 1080]
2025-03-21 21:21:54 INFO app_bar.py:103: Bar Created on Screen: EA232WMi [Bar Height: 56px, DPI Scale: 1.0, Scale Screen: True, Screen Geometry: X: 0, Y: 0, Screen Width: 1920, Screen Height: 1080]
2025-03-21 21:21:54 INFO event_listener.py:52: Created named pipe yasb-bf8cb0c1-0689-11f0-85a0-58cdc9ee9bc0
2025-03-21 21:21:54 INFO event_listener.py:106: Waiting for Komorebi to subscribe to named pipe yasb-bf8cb0c1-0689-11f0-85a0-58cdc9ee9bc0
2025-03-21 21:21:54 INFO watcher.py:39: Created file watcher for path C:\Users\bilay\.config\yasb
2025-03-21 21:21:54 DEBUG _windows.py:213: Starting (proactor: <_IocpProactor overlapped#=0 result#=0>)...
2025-03-21 21:21:54 DEBUG _windows.py:192: Thread started
2025-03-21 21:21:54 INFO event_listener.py:118: Komorebi connected to named pipe: yasb-bf8cb0c1-0689-11f0-85a0-58cdc9ee9bc0
2025-03-21 21:21:57 INFO log.py:21: Yasb v1.6.5
2025-03-21 21:21:57 ERROR main.py:82: Another instance of the YASB is already running.
2025-03-21 21:22:46 WARNING event_listener.py:83: Pipe has been ended: (109, 'PeekNamedPipe', 'The pipe has been ended.')
2025-03-21 21:22:46 INFO event_listener.py:93: Attempting to reconnect...
2025-03-21 21:22:46 INFO tray.py:247: Exiting Application...
2025-03-21 21:22:46 DEBUG _windows.py:218: Stopping worker thread...
2025-03-21 21:22:46 DEBUG _windows.py:201: Exiting thread
2025-03-21 21:22:46 DEBUG _windows.py:75: Closing
2025-03-21 21:22:46 ERROR event_service.py:30: Failed to emit signal <bound PYQT_SIGNAL update_event of TaskbarWidget object at 0x0000022D0BF19D10>. Removing link to WinEvent.EventObjectDestroy.
2025-03-21 21:22:54 INFO log.py:21: Yasb v1.6.5
2025-03-21 21:22:54 DEBUG win32.py:55: Looking up time zone info from registry
2025-03-21 21:22:54 DEBUG __init__.py:149: CoInitializeEx(None, 2)
2025-03-21 21:22:54 INFO app_bar.py:103: Bar Created on Screen: EA232WMi [Bar Height: 50px, DPI Scale: 1.0, Scale Screen: True, Screen Geometry: X: 0, Y: 0, Screen Width: 1920, Screen Height: 1080]
2025-03-21 21:22:54 INFO app_bar.py:103: Bar Created on Screen: EA232WMi [Bar Height: 56px, DPI Scale: 1.0, Scale Screen: True, Screen Geometry: X: 0, Y: 0, Screen Width: 1920, Screen Height: 1080]
2025-03-21 21:22:54 INFO event_listener.py:52: Created named pipe yasb-e3b07b03-0689-11f0-b069-58cdc9ee9bc0
2025-03-21 21:22:54 INFO event_listener.py:106: Waiting for Komorebi to subscribe to named pipe yasb-e3b07b03-0689-11f0-b069-58cdc9ee9bc0
2025-03-21 21:22:54 INFO watcher.py:39: Created file watcher for path C:\Users\bilay\.config\yasb
2025-03-21 21:22:54 DEBUG _windows.py:213: Starting (proactor: <_IocpProactor overlapped#=0 result#=0>)...
2025-03-21 21:22:54 DEBUG _windows.py:192: Thread started
2025-03-21 21:22:54 INFO event_listener.py:118: Komorebi connected to named pipe: yasb-e3b07b03-0689-11f0-b069-58cdc9ee9bc0
2025-03-21 21:22:57 WARNING event_listener.py:83: Pipe has been ended: (109, 'PeekNamedPipe', 'The pipe has been ended.')
2025-03-21 21:22:57 INFO event_listener.py:93: Attempting to reconnect...
2025-03-21 21:25:20 INFO log.py:21: Yasb v1.6.5
2025-03-21 21:25:20 DEBUG win32.py:55: Looking up time zone info from registry
2025-03-21 21:25:22 DEBUG __init__.py:149: CoInitializeEx(None, 2)
2025-03-21 21:25:22 INFO app_bar.py:103: Bar Created on Screen: EA232WMi [Bar Height: 50px, DPI Scale: 1.0, Scale Screen: True, Screen Geometry: X: 0, Y: 0, Screen Width: 1920, Screen Height: 1080]
2025-03-21 21:25:23 INFO app_bar.py:103: Bar Created on Screen: EA232WMi [Bar Height: 56px, DPI Scale: 1.0, Scale Screen: True, Screen Geometry: X: 0, Y: 0, Screen Width: 1920, Screen Height: 1080]
2025-03-21 21:25:23 INFO event_listener.py:52: Created named pipe yasb-3c026ece-068a-11f0-8b24-58cdc9ee9bc0
2025-03-21 21:25:23 INFO event_listener.py:106: Waiting for Komorebi to subscribe to named pipe yasb-3c026ece-068a-11f0-8b24-58cdc9ee9bc0
2025-03-21 21:25:23 INFO watcher.py:39: Created file watcher for path C:\Users\bilay\.config\yasb
2025-03-21 21:25:23 INFO event_listener.py:118: Komorebi connected to named pipe: yasb-3c026ece-068a-11f0-8b24-58cdc9ee9bc0
2025-03-21 21:25:23 DEBUG _windows.py:213: Starting (proactor: <_IocpProactor overlapped#=0 result#=0>)...
2025-03-21 21:25:23 DEBUG _windows.py:192: Thread started
2025-03-21 21:27:29 WARNING event_listener.py:83: Pipe has been ended: (109, 'PeekNamedPipe', 'The pipe has been ended.')
2025-03-21 21:27:29 INFO event_listener.py:93: Attempting to reconnect...
2025-03-21 21:27:29 INFO tray.py:241: Reloading Application...
2025-03-21 21:27:29 INFO log.py:21: Yasb v1.6.5
2025-03-21 21:27:29 DEBUG win32.py:55: Looking up time zone info from registry
2025-03-21 21:27:30 DEBUG __init__.py:149: CoInitializeEx(None, 2)
2025-03-21 21:27:30 INFO app_bar.py:103: Bar Created on Screen: EA232WMi [Bar Height: 50px, DPI Scale: 1.0, Scale Screen: True, Screen Geometry: X: 0, Y: 0, Screen Width: 1920, Screen Height: 1080]
2025-03-21 21:27:30 INFO app_bar.py:103: Bar Created on Screen: EA232WMi [Bar Height: 56px, DPI Scale: 1.0, Scale Screen: True, Screen Geometry: X: 0, Y: 0, Screen Width: 1920, Screen Height: 1080]
2025-03-21 21:27:30 INFO event_listener.py:52: Created named pipe yasb-87f4c0fa-068a-11f0-ab12-58cdc9ee9bc0
2025-03-21 21:27:30 INFO event_listener.py:106: Waiting for Komorebi to subscribe to named pipe yasb-87f4c0fa-068a-11f0-ab12-58cdc9ee9bc0
2025-03-21 21:27:30 INFO watcher.py:39: Created file watcher for path C:\Users\bilay\.config\yasb
2025-03-21 21:27:30 DEBUG _windows.py:213: Starting (proactor: <_IocpProactor overlapped#=0 result#=0>)...
2025-03-21 21:27:30 DEBUG _windows.py:192: Thread started
2025-03-21 21:27:30 INFO event_listener.py:118: Komorebi connected to named pipe: yasb-87f4c0fa-068a-11f0-ab12-58cdc9ee9bc0
2025-03-21 21:27:34 INFO log.py:21: Yasb v1.6.5
2025-03-21 21:27:34 ERROR main.py:82: Another instance of the YASB is already running.
2025-03-21 21:27:47 WARNING event_listener.py:83: Pipe has been ended: (109, 'PeekNamedPipe', 'The pipe has been ended.')
2025-03-21 21:27:47 INFO event_listener.py:93: Attempting to reconnect...
2025-03-21 21:27:47 INFO tray.py:241: Reloading Application...
2025-03-21 21:27:47 INFO log.py:21: Yasb v1.6.5
2025-03-21 21:27:47 DEBUG win32.py:55: Looking up time zone info from registry
2025-03-21 21:27:48 DEBUG __init__.py:149: CoInitializeEx(None, 2)
2025-03-21 21:27:48 INFO app_bar.py:103: Bar Created on Screen: EA232WMi [Bar Height: 50px, DPI Scale: 1.0, Scale Screen: True, Screen Geometry: X: 0, Y: 0, Screen Width: 1920, Screen Height: 1080]
2025-03-21 21:27:48 INFO app_bar.py:103: Bar Created on Screen: EA232WMi [Bar Height: 56px, DPI Scale: 1.0, Scale Screen: True, Screen Geometry: X: 0, Y: 0, Screen Width: 1920, Screen Height: 1080]
2025-03-21 21:27:48 INFO event_listener.py:52: Created named pipe yasb-92a4f318-068a-11f0-81b7-58cdc9ee9bc0
2025-03-21 21:27:48 INFO event_listener.py:106: Waiting for Komorebi to subscribe to named pipe yasb-92a4f318-068a-11f0-81b7-58cdc9ee9bc0
2025-03-21 21:27:48 INFO watcher.py:39: Created file watcher for path C:\Users\bilay\.config\yasb
2025-03-21 21:27:48 DEBUG _windows.py:213: Starting (proactor: <_IocpProactor overlapped#=0 result#=0>)...
2025-03-21 21:27:48 DEBUG _windows.py:192: Thread started
2025-03-21 21:27:48 INFO event_listener.py:118: Komorebi connected to named pipe: yasb-92a4f318-068a-11f0-81b7-58cdc9ee9bc0
2025-03-21 21:27:51 INFO log.py:21: Yasb v1.6.5
2025-03-21 21:27:51 ERROR main.py:82: Another instance of the YASB is already running.
2025-03-21 21:28:11 WARNING event_listener.py:83: Pipe has been ended: (109, 'PeekNamedPipe', 'The pipe has been ended.')
2025-03-21 21:28:11 INFO event_listener.py:93: Attempting to reconnect...
2025-03-21 21:28:11 INFO tray.py:241: Reloading Application...
2025-03-21 21:28:11 INFO log.py:21: Yasb v1.6.5
2025-03-21 21:28:11 DEBUG win32.py:55: Looking up time zone info from registry
2025-03-21 21:28:11 DEBUG __init__.py:149: CoInitializeEx(None, 2)
2025-03-21 21:28:12 INFO app_bar.py:103: Bar Created on Screen: EA232WMi [Bar Height: 50px, DPI Scale: 1.0, Scale Screen: True, Screen Geometry: X: 0, Y: 0, Screen Width: 1920, Screen Height: 1080]
2025-03-21 21:28:12 INFO app_bar.py:103: Bar Created on Screen: EA232WMi [Bar Height: 56px, DPI Scale: 1.0, Scale Screen: True, Screen Geometry: X: 0, Y: 0, Screen Width: 1920, Screen Height: 1080]
2025-03-21 21:28:12 INFO event_listener.py:52: Created named pipe yasb-a0e8c3c3-068a-11f0-9060-58cdc9ee9bc0
2025-03-21 21:28:12 INFO event_listener.py:106: Waiting for Komorebi to subscribe to named pipe yasb-a0e8c3c3-068a-11f0-9060-58cdc9ee9bc0
2025-03-21 21:28:12 INFO watcher.py:39: Created file watcher for path C:\Users\bilay\.config\yasb
2025-03-21 21:28:12 DEBUG _windows.py:213: Starting (proactor: <_IocpProactor overlapped#=0 result#=0>)...
2025-03-21 21:28:12 DEBUG _windows.py:192: Thread started
2025-03-21 21:28:12 INFO event_listener.py:118: Komorebi connected to named pipe: yasb-a0e8c3c3-068a-11f0-9060-58cdc9ee9bc0
2025-03-21 21:28:16 INFO log.py:21: Yasb v1.6.5
2025-03-21 21:28:16 ERROR main.py:82: Another instance of the YASB is already running.
2025-03-21 21:28:27 WARNING event_listener.py:83: Pipe has been ended: (109, 'PeekNamedPipe', 'The pipe has been ended.')
2025-03-21 21:28:27 INFO event_listener.py:93: Attempting to reconnect...
2025-03-21 21:28:27 INFO tray.py:241: Reloading Application...
2025-03-21 21:28:27 INFO log.py:21: Yasb v1.6.5
2025-03-21 21:28:27 DEBUG win32.py:55: Looking up time zone info from registry
2025-03-21 21:28:27 DEBUG __init__.py:149: CoInitializeEx(None, 2)
2025-03-21 21:28:27 INFO app_bar.py:103: Bar Created on Screen: EA232WMi [Bar Height: 50px, DPI Scale: 1.0, Scale Screen: True, Screen Geometry: X: 0, Y: 0, Screen Width: 1920, Screen Height: 1080]
2025-03-21 21:28:28 INFO app_bar.py:103: Bar Created on Screen: EA232WMi [Bar Height: 56px, DPI Scale: 1.0, Scale Screen: True, Screen Geometry: X: 0, Y: 0, Screen Width: 1920, Screen Height: 1080]
2025-03-21 21:28:28 INFO event_listener.py:52: Created named pipe yasb-aa5bad77-068a-11f0-8659-58cdc9ee9bc0
2025-03-21 21:28:28 INFO event_listener.py:106: Waiting for Komorebi to subscribe to named pipe yasb-aa5bad77-068a-11f0-8659-58cdc9ee9bc0
2025-03-21 21:28:28 INFO watcher.py:39: Created file watcher for path C:\Users\bilay\.config\yasb
2025-03-21 21:28:28 DEBUG _windows.py:213: Starting (proactor: <_IocpProactor overlapped#=0 result#=0>)...
2025-03-21 21:28:28 DEBUG _windows.py:192: Thread started
2025-03-21 21:28:28 INFO event_listener.py:118: Komorebi connected to named pipe: yasb-aa5bad77-068a-11f0-8659-58cdc9ee9bc0
2025-03-21 21:28:31 INFO log.py:21: Yasb v1.6.5
2025-03-21 21:28:31 ERROR main.py:82: Another instance of the YASB is already running.
2025-03-21 21:28:35 WARNING event_listener.py:83: Pipe has been ended: (109, 'PeekNamedPipe', 'The pipe has been ended.')
2025-03-21 21:28:35 INFO event_listener.py:93: Attempting to reconnect...
2025-03-21 21:28:35 INFO tray.py:241: Reloading Application...
2025-03-21 21:28:35 INFO log.py:21: Yasb v1.6.5
2025-03-21 21:28:35 DEBUG win32.py:55: Looking up time zone info from registry
2025-03-21 21:28:36 DEBUG __init__.py:149: CoInitializeEx(None, 2)
2025-03-21 21:28:36 INFO app_bar.py:103: Bar Created on Screen: EA232WMi [Bar Height: 50px, DPI Scale: 1.0, Scale Screen: True, Screen Geometry: X: 0, Y: 0, Screen Width: 1920, Screen Height: 1080]
2025-03-21 21:28:36 INFO app_bar.py:103: Bar Created on Screen: EA232WMi [Bar Height: 56px, DPI Scale: 1.0, Scale Screen: True, Screen Geometry: X: 0, Y: 0, Screen Width: 1920, Screen Height: 1080]
2025-03-21 21:28:36 INFO event_listener.py:52: Created named pipe yasb-af44ca88-068a-11f0-9a36-58cdc9ee9bc0
2025-03-21 21:28:36 INFO event_listener.py:106: Waiting for Komorebi to subscribe to named pipe yasb-af44ca88-068a-11f0-9a36-58cdc9ee9bc0
2025-03-21 21:28:36 INFO watcher.py:39: Created file watcher for path C:\Users\bilay\.config\yasb
2025-03-21 21:28:36 DEBUG _windows.py:213: Starting (proactor: <_IocpProactor overlapped#=0 result#=0>)...
2025-03-21 21:28:36 DEBUG _windows.py:192: Thread started
2025-03-21 21:28:36 INFO event_listener.py:118: Komorebi connected to named pipe: yasb-af44ca88-068a-11f0-9a36-58cdc9ee9bc0
2025-03-21 21:28:39 INFO log.py:21: Yasb v1.6.5
2025-03-21 21:28:39 ERROR main.py:82: Another instance of the YASB is already running.
2025-03-21 21:28:51 WARNING event_listener.py:83: Pipe has been ended: (109, 'PeekNamedPipe', 'The pipe has been ended.')
2025-03-21 21:28:51 INFO event_listener.py:93: Attempting to reconnect...
2025-03-21 21:28:51 INFO tray.py:241: Reloading Application...
2025-03-21 21:28:51 INFO log.py:21: Yasb v1.6.5
2025-03-21 21:28:51 DEBUG win32.py:55: Looking up time zone info from registry
2025-03-21 21:28:51 DEBUG __init__.py:149: CoInitializeEx(None, 2)
2025-03-21 21:28:51 INFO app_bar.py:103: Bar Created on Screen: EA232WMi [Bar Height: 50px, DPI Scale: 1.0, Scale Screen: True, Screen Geometry: X: 0, Y: 0, Screen Width: 1920, Screen Height: 1080]
2025-03-21 21:28:52 INFO app_bar.py:103: Bar Created on Screen: EA232WMi [Bar Height: 56px, DPI Scale: 1.0, Scale Screen: True, Screen Geometry: X: 0, Y: 0, Screen Width: 1920, Screen Height: 1080]
2025-03-21 21:28:52 INFO event_listener.py:52: Created named pipe yasb-b8998de3-068a-11f0-be43-58cdc9ee9bc0
2025-03-21 21:28:52 INFO event_listener.py:106: Waiting for Komorebi to subscribe to named pipe yasb-b8998de3-068a-11f0-be43-58cdc9ee9bc0
2025-03-21 21:28:52 INFO watcher.py:39: Created file watcher for path C:\Users\bilay\.config\yasb
2025-03-21 21:28:52 DEBUG _windows.py:213: Starting (proactor: <_IocpProactor overlapped#=0 result#=0>)...
2025-03-21 21:28:52 DEBUG _windows.py:192: Thread started
2025-03-21 21:28:52 INFO event_listener.py:118: Komorebi connected to named pipe: yasb-b8998de3-068a-11f0-be43-58cdc9ee9bc0
2025-03-21 21:28:55 INFO log.py:21: Yasb v1.6.5
2025-03-21 21:28:55 ERROR main.py:82: Another instance of the YASB is already running.
2025-03-21 21:30:44 WARNING event_listener.py:83: Pipe has been ended: (109, 'PeekNamedPipe', 'The pipe has been ended.')
2025-03-21 21:30:44 INFO event_listener.py:93: Attempting to reconnect...
2025-03-21 21:30:45 INFO tray.py:241: Reloading Application...
2025-03-21 21:30:45 INFO log.py:21: Yasb v1.6.5
2025-03-21 21:30:45 DEBUG win32.py:55: Looking up time zone info from registry
2025-03-21 21:30:45 DEBUG __init__.py:149: CoInitializeEx(None, 2)
2025-03-21 21:30:45 INFO app_bar.py:103: Bar Created on Screen: EA232WMi [Bar Height: 50px, DPI Scale: 1.0, Scale Screen: True, Screen Geometry: X: 0, Y: 0, Screen Width: 1920, Screen Height: 1080]
2025-03-21 21:30:45 INFO app_bar.py:103: Bar Created on Screen: EA232WMi [Bar Height: 56px, DPI Scale: 1.0, Scale Screen: True, Screen Geometry: X: 0, Y: 0, Screen Width: 1920, Screen Height: 1080]
2025-03-21 21:30:45 INFO event_listener.py:52: Created named pipe yasb-fc53d1d6-068a-11f0-bec5-58cdc9ee9bc0
2025-03-21 21:30:45 INFO event_listener.py:106: Waiting for Komorebi to subscribe to named pipe yasb-fc53d1d6-068a-11f0-bec5-58cdc9ee9bc0
2025-03-21 21:30:45 INFO watcher.py:39: Created file watcher for path C:\Users\bilay\.config\yasb
2025-03-21 21:30:45 DEBUG _windows.py:213: Starting (proactor: <_IocpProactor overlapped#=0 result#=0>)...
2025-03-21 21:30:45 DEBUG _windows.py:192: Thread started
2025-03-21 21:30:45 INFO event_listener.py:118: Komorebi connected to named pipe: yasb-fc53d1d6-068a-11f0-bec5-58cdc9ee9bc0
2025-03-21 21:30:49 INFO log.py:21: Yasb v1.6.5
2025-03-21 21:30:49 ERROR main.py:82: Another instance of the YASB is already running.
2025-03-21 21:34:36 WARNING event_listener.py:83: Pipe has been ended: (109, 'PeekNamedPipe', 'The pipe has been ended.')
2025-03-21 21:34:36 INFO event_listener.py:93: Attempting to reconnect...
2025-03-21 21:34:38 INFO tray.py:241: Reloading Application...
2025-03-21 21:34:38 INFO log.py:21: Yasb v1.6.5
2025-03-21 21:34:38 DEBUG win32.py:55: Looking up time zone info from registry
2025-03-21 21:34:40 DEBUG __init__.py:149: CoInitializeEx(None, 2)
2025-03-21 21:34:40 INFO app_bar.py:103: Bar Created on Screen: EA232WMi [Bar Height: 50px, DPI Scale: 1.0, Scale Screen: True, Screen Geometry: X: 0, Y: 0, Screen Width: 1920, Screen Height: 1080]
2025-03-21 21:34:40 INFO app_bar.py:103: Bar Created on Screen: EA232WMi [Bar Height: 56px, DPI Scale: 1.0, Scale Screen: True, Screen Geometry: X: 0, Y: 0, Screen Width: 1920, Screen Height: 1080]
2025-03-21 21:34:40 INFO event_listener.py:52: Created named pipe yasb-885b5123-068b-11f0-b842-58cdc9ee9bc0
2025-03-21 21:34:40 INFO event_listener.py:106: Waiting for Komorebi to subscribe to named pipe yasb-885b5123-068b-11f0-b842-58cdc9ee9bc0
2025-03-21 21:34:40 INFO watcher.py:39: Created file watcher for path C:\Users\bilay\.config\yasb
2025-03-21 21:34:40 DEBUG _windows.py:213: Starting (proactor: <_IocpProactor overlapped#=0 result#=0>)...
2025-03-21 21:34:40 DEBUG _windows.py:192: Thread started
2025-03-21 21:34:40 INFO event_listener.py:118: Komorebi connected to named pipe: yasb-885b5123-068b-11f0-b842-58cdc9ee9bc0
2025-03-21 21:34:42 INFO log.py:21: Yasb v1.6.5
2025-03-21 21:34:42 ERROR main.py:82: Another instance of the YASB is already running.
2025-03-21 21:41:07 WARNING event_listener.py:83: Pipe has been ended: (109, 'PeekNamedPipe', 'The pipe has been ended.')
2025-03-21 21:41:07 INFO event_listener.py:93: Attempting to reconnect...
2025-03-21 21:41:08 INFO tray.py:241: Reloading Application...
2025-03-21 21:41:08 INFO log.py:21: Yasb v1.6.5
2025-03-21 21:41:08 DEBUG win32.py:55: Looking up time zone info from registry
2025-03-21 21:41:08 DEBUG __init__.py:149: CoInitializeEx(None, 2)
2025-03-21 21:41:08 INFO app_bar.py:103: Bar Created on Screen: EA232WMi [Bar Height: 50px, DPI Scale: 1.0, Scale Screen: True, Screen Geometry: X: 0, Y: 0, Screen Width: 1920, Screen Height: 1080]
2025-03-21 21:41:09 INFO app_bar.py:103: Bar Created on Screen: EA232WMi [Bar Height: 56px, DPI Scale: 1.0, Scale Screen: True, Screen Geometry: X: 0, Y: 0, Screen Width: 1920, Screen Height: 1080]
2025-03-21 21:41:09 INFO event_listener.py:52: Created named pipe yasb-6fe4b7b3-068c-11f0-9400-58cdc9ee9bc0
2025-03-21 21:41:09 INFO event_listener.py:106: Waiting for Komorebi to subscribe to named pipe yasb-6fe4b7b3-068c-11f0-9400-58cdc9ee9bc0
2025-03-21 21:41:09 INFO watcher.py:39: Created file watcher for path C:\Users\bilay\.config\yasb
2025-03-21 21:41:09 DEBUG _windows.py:213: Starting (proactor: <_IocpProactor overlapped#=0 result#=0>)...
2025-03-21 21:41:09 DEBUG _windows.py:192: Thread started
2025-03-21 21:41:09 INFO event_listener.py:118: Komorebi connected to named pipe: yasb-6fe4b7b3-068c-11f0-9400-58cdc9ee9bc0
2025-03-21 21:41:12 INFO log.py:21: Yasb v1.6.5
2025-03-21 21:41:12 ERROR main.py:82: Another instance of the YASB is already running.
2025-03-21 21:42:28 WARNING event_listener.py:83: Pipe has been ended: (109, 'PeekNamedPipe', 'The pipe has been ended.')
2025-03-21 21:42:28 INFO event_listener.py:93: Attempting to reconnect...
2025-03-21 21:42:28 INFO tray.py:241: Reloading Application...
2025-03-21 21:42:28 INFO log.py:21: Yasb v1.6.5
2025-03-21 21:42:28 DEBUG win32.py:55: Looking up time zone info from registry
2025-03-21 21:42:29 DEBUG __init__.py:149: CoInitializeEx(None, 2)
2025-03-21 21:42:29 INFO app_bar.py:103: Bar Created on Screen: EA232WMi [Bar Height: 50px, DPI Scale: 1.0, Scale Screen: True, Screen Geometry: X: 0, Y: 0, Screen Width: 1920, Screen Height: 1080]
2025-03-21 21:42:29 INFO app_bar.py:103: Bar Created on Screen: EA232WMi [Bar Height: 56px, DPI Scale: 1.0, Scale Screen: True, Screen Geometry: X: 0, Y: 0, Screen Width: 1920, Screen Height: 1080]
2025-03-21 21:42:29 INFO event_listener.py:52: Created named pipe yasb-9fbdc1d1-068c-11f0-aa4e-58cdc9ee9bc0
2025-03-21 21:42:29 INFO event_listener.py:106: Waiting for Komorebi to subscribe to named pipe yasb-9fbdc1d1-068c-11f0-aa4e-58cdc9ee9bc0
2025-03-21 21:42:29 INFO watcher.py:39: Created file watcher for path C:\Users\bilay\.config\yasb
2025-03-21 21:42:29 DEBUG _windows.py:213: Starting (proactor: <_IocpProactor overlapped#=0 result#=0>)...
2025-03-21 21:42:29 DEBUG _windows.py:192: Thread started
2025-03-21 21:42:29 INFO event_listener.py:118: Komorebi connected to named pipe: yasb-9fbdc1d1-068c-11f0-aa4e-58cdc9ee9bc0
2025-03-21 21:42:33 INFO log.py:21: Yasb v1.6.5
2025-03-21 21:42:33 ERROR main.py:82: Another instance of the YASB is already running.
2025-03-21 21:48:58 WARNING event_listener.py:83: Pipe has been ended: (109, 'PeekNamedPipe', 'The pipe has been ended.')
2025-03-21 21:48:58 INFO event_listener.py:93: Attempting to reconnect...
2025-03-21 21:48:58 INFO tray.py:241: Reloading Application...
2025-03-21 21:48:58 INFO log.py:21: Yasb v1.6.5
2025-03-21 21:48:58 DEBUG win32.py:55: Looking up time zone info from registry
2025-03-21 21:48:58 DEBUG __init__.py:149: CoInitializeEx(None, 2)
2025-03-21 21:48:58 INFO app_bar.py:103: Bar Created on Screen: EA232WMi [Bar Height: 50px, DPI Scale: 1.0, Scale Screen: True, Screen Geometry: X: 0, Y: 0, Screen Width: 1920, Screen Height: 1080]
2025-03-21 21:48:59 INFO app_bar.py:103: Bar Created on Screen: EA232WMi [Bar Height: 56px, DPI Scale: 1.0, Scale Screen: True, Screen Geometry: X: 0, Y: 0, Screen Width: 1920, Screen Height: 1080]
2025-03-21 21:48:59 INFO event_listener.py:52: Created named pipe yasb-88101ed0-068d-11f0-85cb-58cdc9ee9bc0
2025-03-21 21:48:59 INFO event_listener.py:106: Waiting for Komorebi to subscribe to named pipe yasb-88101ed0-068d-11f0-85cb-58cdc9ee9bc0
2025-03-21 21:48:59 INFO watcher.py:39: Created file watcher for path C:\Users\bilay\.config\yasb
2025-03-21 21:48:59 DEBUG _windows.py:213: Starting (proactor: <_IocpProactor overlapped#=0 result#=0>)...
2025-03-21 21:48:59 DEBUG _windows.py:192: Thread started
2025-03-21 21:48:59 INFO event_listener.py:118: Komorebi connected to named pipe: yasb-88101ed0-068d-11f0-85cb-58cdc9ee9bc0
2025-03-21 21:49:02 INFO log.py:21: Yasb v1.6.5
2025-03-21 21:49:02 ERROR main.py:82: Another instance of the YASB is already running.
2025-03-21 21:49:11 WARNING event_listener.py:83: Pipe has been ended: (109, 'PeekNamedPipe', 'The pipe has been ended.')
2025-03-21 21:49:11 INFO event_listener.py:93: Attempting to reconnect...
2025-03-21 21:49:12 INFO tray.py:241: Reloading Application...
2025-03-21 21:49:12 INFO log.py:21: Yasb v1.6.5
2025-03-21 21:49:12 DEBUG win32.py:55: Looking up time zone info from registry
2025-03-21 21:49:12 DEBUG __init__.py:149: CoInitializeEx(None, 2)
2025-03-21 21:49:12 INFO app_bar.py:103: Bar Created on Screen: EA232WMi [Bar Height: 50px, DPI Scale: 1.0, Scale Screen: True, Screen Geometry: X: 0, Y: 0, Screen Width: 1920, Screen Height: 1080]
2025-03-21 21:49:12 INFO app_bar.py:103: Bar Created on Screen: EA232WMi [Bar Height: 56px, DPI Scale: 1.0, Scale Screen: True, Screen Geometry: X: 0, Y: 0, Screen Width: 1920, Screen Height: 1080]
2025-03-21 21:49:12 INFO event_listener.py:52: Created named pipe yasb-90302a93-068d-11f0-aa04-58cdc9ee9bc0
2025-03-21 21:49:12 INFO event_listener.py:106: Waiting for Komorebi to subscribe to named pipe yasb-90302a93-068d-11f0-aa04-58cdc9ee9bc0
2025-03-21 21:49:12 INFO watcher.py:39: Created file watcher for path C:\Users\bilay\.config\yasb
2025-03-21 21:49:12 DEBUG _windows.py:213: Starting (proactor: <_IocpProactor overlapped#=0 result#=0>)...
2025-03-21 21:49:12 DEBUG _windows.py:192: Thread started
2025-03-21 21:49:12 INFO event_listener.py:118: Komorebi connected to named pipe: yasb-90302a93-068d-11f0-aa04-58cdc9ee9bc0
2025-03-21 21:49:16 INFO log.py:21: Yasb v1.6.5
2025-03-21 21:49:16 ERROR main.py:82: Another instance of the YASB is already running.
2025-03-21 21:50:45 DEBUG _windows.py:218: Stopping worker thread...
2025-03-21 21:50:45 DEBUG _windows.py:201: Exiting thread
2025-03-21 21:50:45 DEBUG _windows.py:75: Closing
2025-03-22 11:36:20 INFO log.py:21: Yasb v1.6.5
2025-03-22 11:36:20 DEBUG win32.py:55: Looking up time zone info from registry
2025-03-22 11:36:22 DEBUG __init__.py:149: CoInitializeEx(None, 2)
2025-03-22 11:36:22 INFO app_bar.py:103: Bar Created on Screen: EA232WMi [Bar Height: 50px, DPI Scale: 1.0, Scale Screen: True, Screen Geometry: X: 0, Y: 0, Screen Width: 1920, Screen Height: 1080]
2025-03-22 11:36:22 INFO app_bar.py:103: Bar Created on Screen: EA232WMi [Bar Height: 56px, DPI Scale: 1.0, Scale Screen: True, Screen Geometry: X: 0, Y: 0, Screen Width: 1920, Screen Height: 1080]
2025-03-22 11:36:22 INFO event_listener.py:52: Created named pipe yasb-1df17e56-0701-11f0-b9e8-58cdc9ee9bc0
2025-03-22 11:36:22 INFO event_listener.py:106: Waiting for Komorebi to subscribe to named pipe yasb-1df17e56-0701-11f0-b9e8-58cdc9ee9bc0
2025-03-22 11:36:22 INFO watcher.py:39: Created file watcher for path C:\Users\bilay\.config\yasb
2025-03-22 11:36:22 DEBUG _windows.py:213: Starting (proactor: <_IocpProactor overlapped#=0 result#=0>)...
2025-03-22 11:36:22 DEBUG _windows.py:192: Thread started
2025-03-22 11:36:22 INFO event_listener.py:118: Komorebi connected to named pipe: yasb-1df17e56-0701-11f0-b9e8-58cdc9ee9bc0
2025-03-22 11:46:00 WARNING event_listener.py:83: Pipe has been ended: (109, 'PeekNamedPipe', 'The pipe has been ended.')
2025-03-22 11:46:00 INFO event_listener.py:93: Attempting to reconnect...
2025-03-22 11:46:28 INFO log.py:21: Yasb v1.6.5
2025-03-22 11:46:28 DEBUG win32.py:55: Looking up time zone info from registry
2025-03-22 11:46:28 DEBUG __init__.py:149: CoInitializeEx(None, 2)
2025-03-22 11:46:28 INFO app_bar.py:103: Bar Created on Screen: EA232WMi [Bar Height: 50px, DPI Scale: 1.0, Scale Screen: True, Screen Geometry: X: 0, Y: 0, Screen Width: 1920, Screen Height: 1080]
2025-03-22 11:46:29 INFO app_bar.py:103: Bar Created on Screen: EA232WMi [Bar Height: 56px, DPI Scale: 1.0, Scale Screen: True, Screen Geometry: X: 0, Y: 0, Screen Width: 1920, Screen Height: 1080]
2025-03-22 11:46:29 INFO event_listener.py:52: Created named pipe yasb-876be187-0702-11f0-bcf4-58cdc9ee9bc0
2025-03-22 11:46:29 INFO event_listener.py:106: Waiting for Komorebi to subscribe to named pipe yasb-876be187-0702-11f0-bcf4-58cdc9ee9bc0
2025-03-22 11:46:29 INFO watcher.py:39: Created file watcher for path C:\Users\bilay\.config\yasb
2025-03-22 11:46:29 INFO event_listener.py:118: Komorebi connected to named pipe: yasb-876be187-0702-11f0-bcf4-58cdc9ee9bc0
2025-03-22 11:46:29 DEBUG _windows.py:213: Starting (proactor: <_IocpProactor overlapped#=0 result#=0>)...
2025-03-22 11:46:29 DEBUG _windows.py:192: Thread started
2025-03-22 11:48:25 WARNING event_listener.py:83: Pipe has been ended: (109, 'PeekNamedPipe', 'The pipe has been ended.')
2025-03-22 11:48:25 INFO event_listener.py:93: Attempting to reconnect...
2025-03-22 11:49:17 INFO log.py:21: Yasb v1.6.5
2025-03-22 11:49:17 DEBUG win32.py:55: Looking up time zone info from registry
2025-03-22 11:49:17 DEBUG __init__.py:149: CoInitializeEx(None, 2)
2025-03-22 11:49:17 INFO app_bar.py:103: Bar Created on Screen: EA232WMi [Bar Height: 50px, DPI Scale: 1.0, Scale Screen: True, Screen Geometry: X: 0, Y: 0, Screen Width: 1920, Screen Height: 1080]
2025-03-22 11:49:17 INFO app_bar.py:103: Bar Created on Screen: EA232WMi [Bar Height: 56px, DPI Scale: 1.0, Scale Screen: True, Screen Geometry: X: 0, Y: 0, Screen Width: 1920, Screen Height: 1080]
2025-03-22 11:49:17 INFO event_listener.py:52: Created named pipe yasb-ebca5234-0702-11f0-84da-58cdc9ee9bc0
2025-03-22 11:49:17 INFO event_listener.py:106: Waiting for Komorebi to subscribe to named pipe yasb-ebca5234-0702-11f0-84da-58cdc9ee9bc0
2025-03-22 11:49:17 INFO watcher.py:39: Created file watcher for path C:\Users\bilay\.config\yasb
2025-03-22 11:49:17 INFO event_listener.py:118: Komorebi connected to named pipe: yasb-ebca5234-0702-11f0-84da-58cdc9ee9bc0
2025-03-22 11:49:17 DEBUG _windows.py:213: Starting (proactor: <_IocpProactor overlapped#=0 result#=0>)...
2025-03-22 11:49:17 DEBUG _windows.py:192: Thread started
2025-03-22 11:52:27 WARNING event_listener.py:83: Pipe has been ended: (109, 'PeekNamedPipe', 'The pipe has been ended.')
2025-03-22 11:52:27 INFO event_listener.py:93: Attempting to reconnect...
2025-03-22 11:53:36 INFO log.py:21: Yasb v1.6.5
2025-03-22 11:53:36 DEBUG win32.py:55: Looking up time zone info from registry
2025-03-22 11:53:36 DEBUG __init__.py:149: CoInitializeEx(None, 2)
2025-03-22 11:53:36 INFO app_bar.py:103: Bar Created on Screen: EA232WMi [Bar Height: 50px, DPI Scale: 1.0, Scale Screen: True, Screen Geometry: X: 0, Y: 0, Screen Width: 1920, Screen Height: 1080]
2025-03-22 11:53:36 INFO app_bar.py:103: Bar Created on Screen: EA232WMi [Bar Height: 56px, DPI Scale: 1.0, Scale Screen: True, Screen Geometry: X: 0, Y: 0, Screen Width: 1920, Screen Height: 1080]
2025-03-22 11:53:36 INFO event_listener.py:52: Created named pipe yasb-863eca82-0703-11f0-ad2e-58cdc9ee9bc0
2025-03-22 11:53:36 INFO event_listener.py:106: Waiting for Komorebi to subscribe to named pipe yasb-863eca82-0703-11f0-ad2e-58cdc9ee9bc0
2025-03-22 11:53:36 INFO watcher.py:39: Created file watcher for path C:\Users\bilay\.config\yasb
2025-03-22 11:53:36 INFO event_listener.py:118: Komorebi connected to named pipe: yasb-863eca82-0703-11f0-ad2e-58cdc9ee9bc0
2025-03-22 11:53:36 DEBUG _windows.py:213: Starting (proactor: <_IocpProactor overlapped#=0 result#=0>)...
2025-03-22 11:53:36 DEBUG _windows.py:192: Thread started
2025-03-22 11:58:50 WARNING event_listener.py:83: Pipe has been ended: (109, 'PeekNamedPipe', 'The pipe has been ended.')
2025-03-22 11:58:50 INFO event_listener.py:93: Attempting to reconnect...
2025-03-22 12:00:19 INFO log.py:21: Yasb v1.6.5
2025-03-22 12:00:19 DEBUG win32.py:55: Looking up time zone info from registry
2025-03-22 12:00:20 DEBUG __init__.py:149: CoInitializeEx(None, 2)
2025-03-22 12:00:20 INFO app_bar.py:103: Bar Created on Screen: EA232WMi [Bar Height: 50px, DPI Scale: 1.0, Scale Screen: True, Screen Geometry: X: 0, Y: 0, Screen Width: 1920, Screen Height: 1080]
2025-03-22 12:00:21 INFO app_bar.py:103: Bar Created on Screen: EA232WMi [Bar Height: 56px, DPI Scale: 1.0, Scale Screen: True, Screen Geometry: X: 0, Y: 0, Screen Width: 1920, Screen Height: 1080]
2025-03-22 12:00:21 INFO event_listener.py:52: Created named pipe yasb-776ccca6-0704-11f0-a23f-58cdc9ee9bc0
2025-03-22 12:00:21 INFO event_listener.py:106: Waiting for Komorebi to subscribe to named pipe yasb-776ccca6-0704-11f0-a23f-58cdc9ee9bc0
2025-03-22 12:00:21 INFO watcher.py:39: Created file watcher for path C:\Users\bilay\.config\yasb
2025-03-22 12:00:21 INFO event_listener.py:118: Komorebi connected to named pipe: yasb-776ccca6-0704-11f0-a23f-58cdc9ee9bc0
2025-03-22 12:00:21 DEBUG _windows.py:213: Starting (proactor: <_IocpProactor overlapped#=0 result#=0>)...
2025-03-22 12:00:21 DEBUG _windows.py:192: Thread started
2025-03-22 13:05:57 WARNING event_listener.py:83: Pipe has been ended: (109, 'PeekNamedPipe', 'The pipe has been ended.')
2025-03-22 13:05:57 INFO event_listener.py:93: Attempting to reconnect...
2025-03-22 13:07:47 INFO log.py:21: Yasb v1.6.5
2025-03-22 13:07:48 DEBUG win32.py:55: Looking up time zone info from registry
2025-03-22 13:07:49 DEBUG __init__.py:149: CoInitializeEx(None, 2)
2025-03-22 13:07:49 INFO app_bar.py:103: Bar Created on Screen: EA232WMi [Bar Height: 50px, DPI Scale: 1.0, Scale Screen: True, Screen Geometry: X: 0, Y: 0, Screen Width: 1920, Screen Height: 1080]
2025-03-22 13:07:50 INFO app_bar.py:103: Bar Created on Screen: EA232WMi [Bar Height: 56px, DPI Scale: 1.0, Scale Screen: True, Screen Geometry: X: 0, Y: 0, Screen Width: 1920, Screen Height: 1080]
2025-03-22 13:07:50 INFO event_listener.py:52: Created named pipe yasb-e4a3d0b8-070d-11f0-9c34-58cdc9ee9bc0
2025-03-22 13:07:50 INFO event_listener.py:106: Waiting for Komorebi to subscribe to named pipe yasb-e4a3d0b8-070d-11f0-9c34-58cdc9ee9bc0
2025-03-22 13:07:50 INFO watcher.py:39: Created file watcher for path C:\Users\bilay\.config\yasb
2025-03-22 13:07:50 INFO event_listener.py:118: Komorebi connected to named pipe: yasb-e4a3d0b8-070d-11f0-9c34-58cdc9ee9bc0
2025-03-22 13:07:50 DEBUG _windows.py:213: Starting (proactor: <_IocpProactor overlapped#=0 result#=0>)...
2025-03-22 13:07:50 DEBUG _windows.py:192: Thread started
2025-03-22 14:26:22 WARNING event_listener.py:83: Pipe has been ended: (109, 'PeekNamedPipe', 'The pipe has been ended.')
2025-03-22 14:26:22 INFO event_listener.py:93: Attempting to reconnect...
2025-03-22 14:26:22 INFO tray.py:241: Reloading Application...
2025-03-22 14:26:22 INFO log.py:21: Yasb v1.6.5
2025-03-22 14:26:22 DEBUG win32.py:55: Looking up time zone info from registry
2025-03-22 14:26:22 DEBUG __init__.py:149: CoInitializeEx(None, 2)
2025-03-22 14:26:23 INFO app_bar.py:103: Bar Created on Screen: EA232WMi [Bar Height: 50px, DPI Scale: 1.0, Scale Screen: True, Screen Geometry: X: 0, Y: 0, Screen Width: 1920, Screen Height: 1080]
2025-03-22 14:26:23 INFO app_bar.py:103: Bar Created on Screen: EA232WMi [Bar Height: 56px, DPI Scale: 1.0, Scale Screen: True, Screen Geometry: X: 0, Y: 0, Screen Width: 1920, Screen Height: 1080]
2025-03-22 14:26:23 INFO event_listener.py:52: Created named pipe yasb-ddf30ed9-0718-11f0-9804-58cdc9ee9bc0
2025-03-22 14:26:23 INFO event_listener.py:106: Waiting for Komorebi to subscribe to named pipe yasb-ddf30ed9-0718-11f0-9804-58cdc9ee9bc0
2025-03-22 14:26:23 INFO watcher.py:39: Created file watcher for path C:\Users\bilay\.config\yasb
2025-03-22 14:26:23 DEBUG _windows.py:213: Starting (proactor: <_IocpProactor overlapped#=0 result#=0>)...
2025-03-22 14:26:23 DEBUG _windows.py:192: Thread started
2025-03-22 14:26:23 WARNING event_listener.py:111: Komorebi failed to subscribe named pipe. Waiting for subscription...
2025-03-22 14:26:28 INFO log.py:21: Yasb v1.6.5
2025-03-22 14:26:28 ERROR main.py:82: Another instance of the YASB is already running.
2025-03-22 14:26:33 INFO event_listener.py:118: Komorebi connected to named pipe: yasb-ddf30ed9-0718-11f0-9804-58cdc9ee9bc0
2025-03-22 14:26:37 WARNING event_listener.py:83: Pipe has been ended: (109, 'PeekNamedPipe', 'The pipe has been ended.')
2025-03-22 14:26:37 INFO event_listener.py:93: Attempting to reconnect...
2025-03-22 14:26:38 INFO tray.py:241: Reloading Application...
2025-03-22 14:26:38 INFO log.py:21: Yasb v1.6.5
2025-03-22 14:26:38 DEBUG win32.py:55: Looking up time zone info from registry
2025-03-22 14:26:38 DEBUG __init__.py:149: CoInitializeEx(None, 2)
2025-03-22 14:26:38 INFO app_bar.py:103: Bar Created on Screen: EA232WMi [Bar Height: 50px, DPI Scale: 1.0, Scale Screen: True, Screen Geometry: X: 0, Y: 0, Screen Width: 1920, Screen Height: 1080]
2025-03-22 14:26:38 INFO app_bar.py:103: Bar Created on Screen: EA232WMi [Bar Height: 56px, DPI Scale: 1.0, Scale Screen: True, Screen Geometry: X: 0, Y: 0, Screen Width: 1920, Screen Height: 1080]
2025-03-22 14:26:38 INFO event_listener.py:52: Created named pipe yasb-e71ee7b1-0718-11f0-8c83-58cdc9ee9bc0
2025-03-22 14:26:38 INFO event_listener.py:106: Waiting for Komorebi to subscribe to named pipe yasb-e71ee7b1-0718-11f0-8c83-58cdc9ee9bc0
2025-03-22 14:26:38 INFO watcher.py:39: Created file watcher for path C:\Users\bilay\.config\yasb
2025-03-22 14:26:38 DEBUG _windows.py:213: Starting (proactor: <_IocpProactor overlapped#=0 result#=0>)...
2025-03-22 14:26:38 DEBUG _windows.py:192: Thread started
2025-03-22 14:26:38 WARNING event_listener.py:111: Komorebi failed to subscribe named pipe. Waiting for subscription...
2025-03-22 14:26:43 INFO log.py:21: Yasb v1.6.5
2025-03-22 14:26:43 ERROR main.py:82: Another instance of the YASB is already running.
2025-03-22 14:26:48 INFO event_listener.py:118: Komorebi connected to named pipe: yasb-e71ee7b1-0718-11f0-8c83-58cdc9ee9bc0
2025-03-22 14:26:50 WARNING event_listener.py:83: Pipe has been ended: (109, 'PeekNamedPipe', 'The pipe has been ended.')
2025-03-22 14:26:50 INFO event_listener.py:93: Attempting to reconnect...
2025-03-22 14:26:51 INFO tray.py:241: Reloading Application...
2025-03-22 14:26:51 INFO log.py:21: Yasb v1.6.5
2025-03-22 14:26:51 DEBUG win32.py:55: Looking up time zone info from registry
2025-03-22 14:26:51 DEBUG __init__.py:149: CoInitializeEx(None, 2)
2025-03-22 14:26:51 INFO app_bar.py:103: Bar Created on Screen: EA232WMi [Bar Height: 50px, DPI Scale: 1.0, Scale Screen: True, Screen Geometry: X: 0, Y: 0, Screen Width: 1920, Screen Height: 1080]
2025-03-22 14:26:52 INFO app_bar.py:103: Bar Created on Screen: EA232WMi [Bar Height: 56px, DPI Scale: 1.0, Scale Screen: True, Screen Geometry: X: 0, Y: 0, Screen Width: 1920, Screen Height: 1080]
2025-03-22 14:26:52 INFO event_listener.py:52: Created named pipe yasb-ef1a4223-0718-11f0-832a-58cdc9ee9bc0
2025-03-22 14:26:52 INFO event_listener.py:106: Waiting for Komorebi to subscribe to named pipe yasb-ef1a4223-0718-11f0-832a-58cdc9ee9bc0
2025-03-22 14:26:52 INFO watcher.py:39: Created file watcher for path C:\Users\bilay\.config\yasb
2025-03-22 14:26:52 DEBUG _windows.py:213: Starting (proactor: <_IocpProactor overlapped#=0 result#=0>)...
2025-03-22 14:26:52 DEBUG _windows.py:192: Thread started
2025-03-22 14:26:52 WARNING event_listener.py:111: Komorebi failed to subscribe named pipe. Waiting for subscription...
2025-03-22 14:26:56 INFO log.py:21: Yasb v1.6.5
2025-03-22 14:26:56 ERROR main.py:82: Another instance of the YASB is already running.
2025-03-22 14:27:02 INFO event_listener.py:118: Komorebi connected to named pipe: yasb-ef1a4223-0718-11f0-832a-58cdc9ee9bc0
2025-03-22 14:27:05 WARNING event_listener.py:83: Pipe has been ended: (109, 'PeekNamedPipe', 'The pipe has been ended.')
2025-03-22 14:27:05 INFO event_listener.py:93: Attempting to reconnect...
2025-03-22 14:27:05 INFO tray.py:241: Reloading Application...
2025-03-22 14:27:05 INFO log.py:21: Yasb v1.6.5
2025-03-22 14:27:05 DEBUG win32.py:55: Looking up time zone info from registry
2025-03-22 14:27:05 DEBUG __init__.py:149: CoInitializeEx(None, 2)
2025-03-22 14:27:05 INFO app_bar.py:103: Bar Created on Screen: EA232WMi [Bar Height: 50px, DPI Scale: 1.0, Scale Screen: True, Screen Geometry: X: 0, Y: 0, Screen Width: 1920, Screen Height: 1080]
2025-03-22 14:27:06 INFO app_bar.py:103: Bar Created on Screen: EA232WMi [Bar Height: 56px, DPI Scale: 1.0, Scale Screen: True, Screen Geometry: X: 0, Y: 0, Screen Width: 1920, Screen Height: 1080]
2025-03-22 14:27:06 INFO event_listener.py:52: Created named pipe yasb-f772c620-0718-11f0-b02b-58cdc9ee9bc0
2025-03-22 14:27:06 INFO event_listener.py:106: Waiting for Komorebi to subscribe to named pipe yasb-f772c620-0718-11f0-b02b-58cdc9ee9bc0
2025-03-22 14:27:06 INFO watcher.py:39: Created file watcher for path C:\Users\bilay\.config\yasb
2025-03-22 14:27:06 DEBUG _windows.py:213: Starting (proactor: <_IocpProactor overlapped#=0 result#=0>)...
2025-03-22 14:27:06 DEBUG _windows.py:192: Thread started
2025-03-22 14:27:06 WARNING event_listener.py:111: Komorebi failed to subscribe named pipe. Waiting for subscription...
2025-03-22 14:27:10 INFO log.py:21: Yasb v1.6.5
2025-03-22 14:27:10 ERROR main.py:82: Another instance of the YASB is already running.
2025-03-22 14:27:16 INFO event_listener.py:118: Komorebi connected to named pipe: yasb-f772c620-0718-11f0-b02b-58cdc9ee9bc0
2025-03-22 14:27:21 WARNING event_listener.py:83: Pipe has been ended: (109, 'PeekNamedPipe', 'The pipe has been ended.')
2025-03-22 14:27:21 INFO event_listener.py:93: Attempting to reconnect...
2025-03-22 14:27:21 INFO tray.py:241: Reloading Application...
2025-03-22 14:27:22 INFO log.py:21: Yasb v1.6.5
2025-03-22 14:27:22 DEBUG win32.py:55: Looking up time zone info from registry
2025-03-22 14:27:22 DEBUG __init__.py:149: CoInitializeEx(None, 2)
2025-03-22 14:27:22 INFO app_bar.py:103: Bar Created on Screen: EA232WMi [Bar Height: 50px, DPI Scale: 1.0, Scale Screen: True, Screen Geometry: X: 0, Y: 0, Screen Width: 1920, Screen Height: 1080]
2025-03-22 14:27:22 INFO app_bar.py:103: Bar Created on Screen: EA232WMi [Bar Height: 56px, DPI Scale: 1.0, Scale Screen: True, Screen Geometry: X: 0, Y: 0, Screen Width: 1920, Screen Height: 1080]
2025-03-22 14:27:22 INFO event_listener.py:52: Created named pipe yasb-0156545f-0719-11f0-b136-58cdc9ee9bc0
2025-03-22 14:27:22 INFO event_listener.py:106: Waiting for Komorebi to subscribe to named pipe yasb-0156545f-0719-11f0-b136-58cdc9ee9bc0
2025-03-22 14:27:22 INFO watcher.py:39: Created file watcher for path C:\Users\bilay\.config\yasb
2025-03-22 14:27:22 DEBUG _windows.py:213: Starting (proactor: <_IocpProactor overlapped#=0 result#=0>)...
2025-03-22 14:27:22 DEBUG _windows.py:192: Thread started
2025-03-22 14:27:22 WARNING event_listener.py:111: Komorebi failed to subscribe named pipe. Waiting for subscription...
2025-03-22 14:27:27 INFO log.py:21: Yasb v1.6.5
2025-03-22 14:27:27 ERROR main.py:82: Another instance of the YASB is already running.
2025-03-22 14:27:32 INFO event_listener.py:118: Komorebi connected to named pipe: yasb-0156545f-0719-11f0-b136-58cdc9ee9bc0
2025-03-22 14:27:49 WARNING event_listener.py:83: Pipe has been ended: (109, 'PeekNamedPipe', 'The pipe has been ended.')
2025-03-22 14:27:49 INFO event_listener.py:93: Attempting to reconnect...
2025-03-22 14:27:50 INFO tray.py:241: Reloading Application...
2025-03-22 14:27:50 INFO log.py:21: Yasb v1.6.5
2025-03-22 14:27:50 DEBUG win32.py:55: Looking up time zone info from registry
2025-03-22 14:27:50 DEBUG __init__.py:149: CoInitializeEx(None, 2)
2025-03-22 14:27:50 INFO app_bar.py:103: Bar Created on Screen: EA232WMi [Bar Height: 50px, DPI Scale: 1.0, Scale Screen: True, Screen Geometry: X: 0, Y: 0, Screen Width: 1920, Screen Height: 1080]
2025-03-22 14:27:50 INFO app_bar.py:103: Bar Created on Screen: EA232WMi [Bar Height: 56px, DPI Scale: 1.0, Scale Screen: True, Screen Geometry: X: 0, Y: 0, Screen Width: 1920, Screen Height: 1080]
2025-03-22 14:27:50 INFO event_listener.py:52: Created named pipe yasb-1215d16b-0719-11f0-ba26-58cdc9ee9bc0
2025-03-22 14:27:50 INFO event_listener.py:106: Waiting for Komorebi to subscribe to named pipe yasb-1215d16b-0719-11f0-ba26-58cdc9ee9bc0
2025-03-22 14:27:50 INFO watcher.py:39: Created file watcher for path C:\Users\bilay\.config\yasb
2025-03-22 14:27:50 DEBUG _windows.py:213: Starting (proactor: <_IocpProactor overlapped#=0 result#=0>)...
2025-03-22 14:27:50 DEBUG _windows.py:192: Thread started
2025-03-22 14:27:50 WARNING event_listener.py:111: Komorebi failed to subscribe named pipe. Waiting for subscription...
2025-03-22 14:27:55 INFO log.py:21: Yasb v1.6.5
2025-03-22 14:27:55 ERROR main.py:82: Another instance of the YASB is already running.
2025-03-22 14:28:00 INFO event_listener.py:118: Komorebi connected to named pipe: yasb-1215d16b-0719-11f0-ba26-58cdc9ee9bc0
2025-03-22 15:48:08 WARNING event_listener.py:83: Pipe has been ended: (109, 'PeekNamedPipe', 'The pipe has been ended.')
2025-03-22 15:48:08 INFO event_listener.py:93: Attempting to reconnect...
2025-03-22 19:44:45 INFO log.py:21: Yasb v1.6.5
2025-03-22 19:44:45 DEBUG win32.py:55: Looking up time zone info from registry
2025-03-22 19:44:46 DEBUG __init__.py:149: CoInitializeEx(None, 2)
2025-03-22 19:44:46 INFO app_bar.py:103: Bar Created on Screen: EA232WMi [Bar Height: 50px, DPI Scale: 1.0, Scale Screen: True, Screen Geometry: X: 0, Y: 0, Screen Width: 1920, Screen Height: 1080]
2025-03-22 19:44:47 INFO app_bar.py:103: Bar Created on Screen: EA232WMi [Bar Height: 56px, DPI Scale: 1.0, Scale Screen: True, Screen Geometry: X: 0, Y: 0, Screen Width: 1920, Screen Height: 1080]
2025-03-22 19:44:47 INFO event_listener.py:52: Created named pipe yasb-58cdd79a-0745-11f0-88bc-58cdc9ee9bc0
2025-03-22 19:44:47 INFO event_listener.py:106: Waiting for Komorebi to subscribe to named pipe yasb-58cdd79a-0745-11f0-88bc-58cdc9ee9bc0
2025-03-22 19:44:47 INFO watcher.py:39: Created file watcher for path C:\Users\bilay\.config\yasb
2025-03-22 19:44:47 INFO event_listener.py:118: Komorebi connected to named pipe: yasb-58cdd79a-0745-11f0-88bc-58cdc9ee9bc0
2025-03-22 19:44:47 DEBUG _windows.py:213: Starting (proactor: <_IocpProactor overlapped#=0 result#=0>)...
2025-03-22 19:44:47 DEBUG _windows.py:192: Thread started
2025-03-22 21:29:14 WARNING event_listener.py:83: Pipe has been ended: (109, 'PeekNamedPipe', 'The pipe has been ended.')
2025-03-22 21:29:14 INFO event_listener.py:93: Attempting to reconnect...
2025-03-23 10:00:41 INFO log.py:21: Yasb v1.6.5
2025-03-23 10:00:41 DEBUG win32.py:55: Looking up time zone info from registry
2025-03-23 10:00:43 DEBUG __init__.py:149: CoInitializeEx(None, 2)
2025-03-23 10:00:43 INFO app_bar.py:103: Bar Created on Screen: EA232WMi [Bar Height: 50px, DPI Scale: 1.0, Scale Screen: True, Screen Geometry: X: 0, Y: 0, Screen Width: 1920, Screen Height: 1080]
2025-03-23 10:00:43 INFO app_bar.py:103: Bar Created on Screen: EA232WMi [Bar Height: 56px, DPI Scale: 1.0, Scale Screen: True, Screen Geometry: X: 0, Y: 0, Screen Width: 1920, Screen Height: 1080]
2025-03-23 10:00:43 INFO event_listener.py:52: Created named pipe yasb-eba387ac-07bc-11f0-8fe7-58cdc9ee9bc0
2025-03-23 10:00:43 INFO event_listener.py:106: Waiting for Komorebi to subscribe to named pipe yasb-eba387ac-07bc-11f0-8fe7-58cdc9ee9bc0
2025-03-23 10:00:43 INFO watcher.py:39: Created file watcher for path C:\Users\bilay\.config\yasb
2025-03-23 10:00:43 DEBUG _windows.py:213: Starting (proactor: <_IocpProactor overlapped#=0 result#=0>)...
2025-03-23 10:00:43 DEBUG _windows.py:192: Thread started
2025-03-23 10:00:43 INFO event_listener.py:118: Komorebi connected to named pipe: yasb-eba387ac-07bc-11f0-8fe7-58cdc9ee9bc0
2025-03-23 12:03:52 INFO bar.py:100: Screen geometry changed. Updating position for bar (status-bar_EA232WMi_929efc42)
2025-03-23 12:03:52 INFO app_bar.py:103: Bar Created on Screen: EA232WMi [Bar Height: 50px, DPI Scale: 1.0, Scale Screen: True, Screen Geometry: X: 0, Y: 0, Screen Width: 1280, Screen Height: 720]
2025-03-23 12:03:52 INFO bar.py:100: Screen geometry changed. Updating position for bar (secondary_EA232WMi_0853c514)
2025-03-23 12:03:52 INFO app_bar.py:103: Bar Created on Screen: EA232WMi [Bar Height: 56px, DPI Scale: 1.0, Scale Screen: True, Screen Geometry: X: 0, Y: 0, Screen Width: 1280, Screen Height: 720]
2025-03-23 12:03:52 INFO bar.py:100: Screen geometry changed. Updating position for bar (status-bar_EA232WMi_929efc42)
2025-03-23 12:03:53 INFO app_bar.py:103: Bar Created on Screen: EA232WMi [Bar Height: 50px, DPI Scale: 1.0, Scale Screen: True, Screen Geometry: X: 0, Y: 0, Screen Width: 1920, Screen Height: 1080]
2025-03-23 12:03:53 INFO bar.py:100: Screen geometry changed. Updating position for bar (secondary_EA232WMi_0853c514)
2025-03-23 12:03:53 INFO app_bar.py:103: Bar Created on Screen: EA232WMi [Bar Height: 56px, DPI Scale: 1.0, Scale Screen: True, Screen Geometry: X: 0, Y: 0, Screen Width: 1920, Screen Height: 1080]
2025-03-23 14:01:14 INFO bar.py:100: Screen geometry changed. Updating position for bar (status-bar_EA232WMi_929efc42)
2025-03-23 14:01:14 INFO app_bar.py:103: Bar Created on Screen: EA232WMi [Bar Height: 50px, DPI Scale: 1.0, Scale Screen: True, Screen Geometry: X: 0, Y: 0, Screen Width: 640, Screen Height: 480]
2025-03-23 14:01:14 INFO bar.py:100: Screen geometry changed. Updating position for bar (secondary_EA232WMi_0853c514)
2025-03-23 14:01:14 INFO app_bar.py:103: Bar Created on Screen: EA232WMi [Bar Height: 56px, DPI Scale: 1.0, Scale Screen: True, Screen Geometry: X: 0, Y: 0, Screen Width: 640, Screen Height: 480]
2025-03-23 14:01:15 INFO bar.py:100: Screen geometry changed. Updating position for bar (status-bar_EA232WMi_929efc42)
2025-03-23 14:01:15 INFO app_bar.py:103: Bar Created on Screen: EA232WMi [Bar Height: 50px, DPI Scale: 1.0, Scale Screen: True, Screen Geometry: X: 0, Y: 0, Screen Width: 1920, Screen Height: 1080]
2025-03-23 14:01:15 INFO bar.py:100: Screen geometry changed. Updating position for bar (secondary_EA232WMi_0853c514)
2025-03-23 14:01:15 INFO app_bar.py:103: Bar Created on Screen: EA232WMi [Bar Height: 56px, DPI Scale: 1.0, Scale Screen: True, Screen Geometry: X: 0, Y: 0, Screen Width: 1920, Screen Height: 1080]
2025-03-23 14:01:16 INFO bar.py:100: Screen geometry changed. Updating position for bar (status-bar_EA232WMi_929efc42)
2025-03-23 14:01:16 INFO app_bar.py:103: Bar Created on Screen: EA232WMi [Bar Height: 50px, DPI Scale: 1.0, Scale Screen: True, Screen Geometry: X: 0, Y: 0, Screen Width: 720, Screen Height: 576]
2025-03-23 14:01:16 INFO bar.py:100: Screen geometry changed. Updating position for bar (secondary_EA232WMi_0853c514)
2025-03-23 14:01:16 INFO app_bar.py:103: Bar Created on Screen: EA232WMi [Bar Height: 56px, DPI Scale: 1.0, Scale Screen: True, Screen Geometry: X: 0, Y: 0, Screen Width: 720, Screen Height: 576]
2025-03-23 14:01:17 INFO bar.py:100: Screen geometry changed. Updating position for bar (status-bar_EA232WMi_929efc42)
2025-03-23 14:01:17 INFO app_bar.py:103: Bar Created on Screen: EA232WMi [Bar Height: 50px, DPI Scale: 1.0, Scale Screen: True, Screen Geometry: X: 0, Y: 0, Screen Width: 1920, Screen Height: 1080]
2025-03-23 14:01:17 INFO bar.py:100: Screen geometry changed. Updating position for bar (secondary_EA232WMi_0853c514)
2025-03-23 14:01:17 INFO app_bar.py:103: Bar Created on Screen: EA232WMi [Bar Height: 56px, DPI Scale: 1.0, Scale Screen: True, Screen Geometry: X: 0, Y: 0, Screen Width: 1920, Screen Height: 1080]
2025-03-23 15:00:46 WARNING event_listener.py:83: Pipe has been ended: (109, 'PeekNamedPipe', 'The pipe has been ended.')
2025-03-23 15:00:46 INFO event_listener.py:93: Attempting to reconnect...
2025-03-24 18:28:01 INFO log.py:21: Yasb v1.6.5
2025-03-24 18:28:01 DEBUG win32.py:55: Looking up time zone info from registry
2025-03-24 18:28:03 DEBUG __init__.py:149: CoInitializeEx(None, 2)
2025-03-24 18:28:03 INFO app_bar.py:103: Bar Created on Screen: EA232WMi [Bar Height: 50px, DPI Scale: 1.0, Scale Screen: True, Screen Geometry: X: 0, Y: 0, Screen Width: 1920, Screen Height: 1080]
2025-03-24 18:28:03 INFO app_bar.py:103: Bar Created on Screen: EA232WMi [Bar Height: 56px, DPI Scale: 1.0, Scale Screen: True, Screen Geometry: X: 0, Y: 0, Screen Width: 1920, Screen Height: 1080]
2025-03-24 18:28:03 INFO event_listener.py:52: Created named pipe yasb-f5d28e2d-08cc-11f0-b47b-58cdc9ee9bc0
2025-03-24 18:28:03 INFO event_listener.py:106: Waiting for Komorebi to subscribe to named pipe yasb-f5d28e2d-08cc-11f0-b47b-58cdc9ee9bc0
2025-03-24 18:28:03 INFO watcher.py:39: Created file watcher for path C:\Users\bilay\.config\yasb
2025-03-24 18:28:03 DEBUG _windows.py:213: Starting (proactor: <_IocpProactor overlapped#=0 result#=0>)...
2025-03-24 18:28:03 DEBUG _windows.py:192: Thread started
2025-03-24 18:28:03 INFO event_listener.py:118: Komorebi connected to named pipe: yasb-f5d28e2d-08cc-11f0-b47b-58cdc9ee9bc0
2025-03-24 19:09:16 INFO bar.py:100: Screen geometry changed. Updating position for bar (status-bar_EA232WMi_d1fce526)
2025-03-24 19:09:16 INFO app_bar.py:103: Bar Created on Screen: EA232WMi [Bar Height: 50px, DPI Scale: 1.0, Scale Screen: True, Screen Geometry: X: 0, Y: 0, Screen Width: 1280, Screen Height: 720]
2025-03-24 19:09:16 INFO bar.py:100: Screen geometry changed. Updating position for bar (secondary_EA232WMi_dc0928bd)
2025-03-24 19:09:16 INFO app_bar.py:103: Bar Created on Screen: EA232WMi [Bar Height: 56px, DPI Scale: 1.0, Scale Screen: True, Screen Geometry: X: 0, Y: 0, Screen Width: 1280, Screen Height: 720]
2025-03-24 19:09:16 INFO bar.py:100: Screen geometry changed. Updating position for bar (status-bar_EA232WMi_d1fce526)
2025-03-24 19:09:16 INFO app_bar.py:103: Bar Created on Screen: EA232WMi [Bar Height: 50px, DPI Scale: 1.0, Scale Screen: True, Screen Geometry: X: 0, Y: 0, Screen Width: 1920, Screen Height: 1080]
2025-03-24 19:09:16 INFO bar.py:100: Screen geometry changed. Updating position for bar (secondary_EA232WMi_dc0928bd)
2025-03-24 19:09:16 INFO app_bar.py:103: Bar Created on Screen: EA232WMi [Bar Height: 56px, DPI Scale: 1.0, Scale Screen: True, Screen Geometry: X: 0, Y: 0, Screen Width: 1920, Screen Height: 1080]
2025-03-24 19:46:52 DEBUG volume.py:321: Attempting PolicyConfig interface with device: {0.0.0.00000000}.{ad16a32d-439f-49be-a1aa-c8ffd7ef2223}
2025-03-24 19:50:32 INFO log.py:21: Yasb v1.6.5
2025-03-24 19:50:33 DEBUG win32.py:55: Looking up time zone info from registry
2025-03-24 19:50:34 DEBUG __init__.py:149: CoInitializeEx(None, 2)
2025-03-24 19:50:34 INFO app_bar.py:103: Bar Created on Screen: EA232WMi [Bar Height: 50px, DPI Scale: 1.0, Scale Screen: True, Screen Geometry: X: 0, Y: 0, Screen Width: 1920, Screen Height: 1080]
2025-03-24 19:50:35 INFO app_bar.py:103: Bar Created on Screen: EA232WMi [Bar Height: 56px, DPI Scale: 1.0, Scale Screen: True, Screen Geometry: X: 0, Y: 0, Screen Width: 1920, Screen Height: 1080]
2025-03-24 19:50:35 INFO event_listener.py:52: Created named pipe yasb-7d37fc6e-08d8-11f0-838a-58cdc9ee9bc0
2025-03-24 19:50:35 INFO event_listener.py:106: Waiting for Komorebi to subscribe to named pipe yasb-7d37fc6e-08d8-11f0-838a-58cdc9ee9bc0
2025-03-24 19:50:35 INFO watcher.py:39: Created file watcher for path C:\Users\bilay\.config\yasb
2025-03-24 19:50:35 DEBUG _windows.py:213: Starting (proactor: <_IocpProactor overlapped#=0 result#=0>)...
2025-03-24 19:50:35 DEBUG _windows.py:192: Thread started
2025-03-24 19:50:35 INFO event_listener.py:118: Komorebi connected to named pipe: yasb-7d37fc6e-08d8-11f0-838a-58cdc9ee9bc0
2025-03-24 19:50:45 INFO log.py:21: Yasb v1.6.5
2025-03-24 19:50:45 DEBUG win32.py:55: Looking up time zone info from registry
2025-03-24 19:50:46 DEBUG __init__.py:149: CoInitializeEx(None, 2)
2025-03-24 19:50:46 INFO app_bar.py:103: Bar Created on Screen: EA232WMi [Bar Height: 50px, DPI Scale: 1.0, Scale Screen: True, Screen Geometry: X: 0, Y: 0, Screen Width: 1920, Screen Height: 1080]
2025-03-24 19:50:46 INFO event_listener.py:52: Created named pipe yasb-83d5aad7-08d8-11f0-800e-58cdc9ee9bc0
2025-03-24 19:50:46 INFO event_listener.py:106: Waiting for Komorebi to subscribe to named pipe yasb-83d5aad7-08d8-11f0-800e-58cdc9ee9bc0
2025-03-24 19:50:46 INFO watcher.py:39: Created file watcher for path C:\Users\bilay\.config\yasb
2025-03-24 19:50:46 DEBUG _windows.py:213: Starting (proactor: <_IocpProactor overlapped#=0 result#=0>)...
2025-03-24 19:50:46 DEBUG _windows.py:192: Thread started
2025-03-24 19:50:46 INFO event_listener.py:118: Komorebi connected to named pipe: yasb-83d5aad7-08d8-11f0-800e-58cdc9ee9bc0
2025-03-24 19:52:53 INFO tray.py:241: Reloading Application...
2025-03-24 19:52:53 INFO log.py:21: Yasb v1.6.5
2025-03-24 19:52:53 DEBUG win32.py:55: Looking up time zone info from registry
2025-03-24 19:52:53 DEBUG __init__.py:149: CoInitializeEx(None, 2)
2025-03-24 19:52:54 INFO app_bar.py:103: Bar Created on Screen: EA232WMi [Bar Height: 50px, DPI Scale: 1.0, Scale Screen: True, Screen Geometry: X: 0, Y: 0, Screen Width: 1920, Screen Height: 1080]
2025-03-24 19:52:54 INFO event_listener.py:52: Created named pipe yasb-cff975c7-08d8-11f0-a296-58cdc9ee9bc0
2025-03-24 19:52:54 INFO event_listener.py:106: Waiting for Komorebi to subscribe to named pipe yasb-cff975c7-08d8-11f0-a296-58cdc9ee9bc0
2025-03-24 19:52:54 INFO watcher.py:39: Created file watcher for path C:\Users\bilay\.config\yasb
2025-03-24 19:52:54 DEBUG _windows.py:213: Starting (proactor: <_IocpProactor overlapped#=0 result#=0>)...
2025-03-24 19:52:54 DEBUG _windows.py:192: Thread started
2025-03-24 19:52:54 INFO event_listener.py:118: Komorebi connected to named pipe: yasb-cff975c7-08d8-11f0-a296-58cdc9ee9bc0
2025-03-24 19:53:05 WARNING event_listener.py:83: Pipe has been ended: (109, 'PeekNamedPipe', 'The pipe has been ended.')
2025-03-24 19:53:05 INFO event_listener.py:93: Attempting to reconnect...
2025-03-24 19:53:05 ERROR event_service.py:30: Failed to emit signal <bound PYQT_SIGNAL window_name_change of ActiveWindowWidget object at 0x000001DF11955310>. Removing link to WinEvent.EventObjectNameChange.
2025-03-24 19:54:25 INFO log.py:21: Yasb v1.6.5
2025-03-24 19:54:25 DEBUG win32.py:55: Looking up time zone info from registry
2025-03-24 19:54:27 DEBUG __init__.py:149: CoInitializeEx(None, 2)
2025-03-24 19:54:27 INFO app_bar.py:103: Bar Created on Screen: EA232WMi [Bar Height: 50px, DPI Scale: 1.0, Scale Screen: True, Screen Geometry: X: 0, Y: 0, Screen Width: 1920, Screen Height: 1080]
2025-03-24 19:54:28 INFO event_listener.py:52: Created named pipe yasb-07d86fc8-08d9-11f0-b63f-58cdc9ee9bc0
2025-03-24 19:54:28 INFO event_listener.py:106: Waiting for Komorebi to subscribe to named pipe yasb-07d86fc8-08d9-11f0-b63f-58cdc9ee9bc0
2025-03-24 19:54:28 INFO watcher.py:39: Created file watcher for path C:\Users\bilay\.config\yasb
2025-03-24 19:54:28 DEBUG _windows.py:213: Starting (proactor: <_IocpProactor overlapped#=0 result#=0>)...
2025-03-24 19:54:28 DEBUG _windows.py:192: Thread started
2025-03-24 19:54:28 INFO event_listener.py:118: Komorebi connected to named pipe: yasb-07d86fc8-08d9-11f0-b63f-58cdc9ee9bc0
2025-03-24 19:55:52 WARNING event_listener.py:83: Pipe has been ended: (109, 'PeekNamedPipe', 'The pipe has been ended.')
2025-03-24 19:55:52 INFO event_listener.py:93: Attempting to reconnect...
2025-03-24 19:55:57 INFO event_listener.py:52: Created named pipe yasb-07d86fc8-08d9-11f0-b63f-58cdc9ee9bc0
2025-03-24 19:55:57 INFO event_listener.py:106: Waiting for Komorebi to subscribe to named pipe yasb-07d86fc8-08d9-11f0-b63f-58cdc9ee9bc0
2025-03-24 19:55:57 WARNING event_listener.py:111: Komorebi failed to subscribe named pipe. Waiting for subscription...
2025-03-24 19:56:22 INFO tray.py:241: Reloading Application...
2025-03-24 19:56:22 INFO log.py:21: Yasb v1.6.5
2025-03-24 19:56:22 DEBUG win32.py:55: Looking up time zone info from registry
2025-03-24 19:56:22 DEBUG __init__.py:149: CoInitializeEx(None, 2)
2025-03-24 19:56:23 INFO app_bar.py:103: Bar Created on Screen: EA232WMi [Bar Height: 50px, DPI Scale: 1.0, Scale Screen: True, Screen Geometry: X: 0, Y: 0, Screen Width: 1920, Screen Height: 1080]
2025-03-24 19:56:23 INFO event_listener.py:52: Created named pipe yasb-4c946f2a-08d9-11f0-be9a-58cdc9ee9bc0
2025-03-24 19:56:23 INFO event_listener.py:106: Waiting for Komorebi to subscribe to named pipe yasb-4c946f2a-08d9-11f0-be9a-58cdc9ee9bc0
2025-03-24 19:56:23 INFO watcher.py:39: Created file watcher for path C:\Users\bilay\.config\yasb
2025-03-24 19:56:23 DEBUG _windows.py:213: Starting (proactor: <_IocpProactor overlapped#=0 result#=0>)...
2025-03-24 19:56:23 DEBUG _windows.py:192: Thread started
2025-03-24 19:56:23 INFO event_listener.py:118: Komorebi connected to named pipe: yasb-4c946f2a-08d9-11f0-be9a-58cdc9ee9bc0
2025-03-24 19:56:28 INFO log.py:21: Yasb v1.6.5
2025-03-24 19:56:28 ERROR main.py:82: Another instance of the YASB is already running.
2025-03-24 20:06:49 INFO tray.py:241: Reloading Application...
2025-03-24 20:06:49 INFO log.py:21: Yasb v1.6.5
2025-03-24 20:06:49 DEBUG win32.py:55: Looking up time zone info from registry
2025-03-24 20:06:49 DEBUG __init__.py:149: CoInitializeEx(None, 2)
2025-03-24 20:06:49 INFO app_bar.py:103: Bar Created on Screen: EA232WMi [Bar Height: 50px, DPI Scale: 1.0, Scale Screen: True, Screen Geometry: X: 0, Y: 0, Screen Width: 1920, Screen Height: 1080]
2025-03-24 20:06:50 INFO event_listener.py:52: Created named pipe yasb-c241d09e-08da-11f0-b0b3-58cdc9ee9bc0
2025-03-24 20:06:50 INFO event_listener.py:106: Waiting for Komorebi to subscribe to named pipe yasb-c241d09e-08da-11f0-b0b3-58cdc9ee9bc0
2025-03-24 20:06:50 INFO watcher.py:39: Created file watcher for path C:\Users\bilay\.config\yasb
2025-03-24 20:06:50 DEBUG _windows.py:213: Starting (proactor: <_IocpProactor overlapped#=0 result#=0>)...
2025-03-24 20:06:50 DEBUG _windows.py:192: Thread started
2025-03-24 20:06:50 INFO event_listener.py:118: Komorebi connected to named pipe: yasb-c241d09e-08da-11f0-b0b3-58cdc9ee9bc0
2025-03-24 21:34:13 INFO log.py:21: Yasb v1.6.5
2025-03-24 21:34:13 DEBUG win32.py:55: Looking up time zone info from registry
2025-03-24 21:34:14 DEBUG __init__.py:149: CoInitializeEx(None, 2)
2025-03-24 21:34:14 INFO app_bar.py:103: Bar Created on Screen: EA232WMi [Bar Height: 50px, DPI Scale: 1.0, Scale Screen: True, Screen Geometry: X: 0, Y: 0, Screen Width: 1920, Screen Height: 1080]
2025-03-24 21:34:14 INFO event_listener.py:52: Created named pipe yasb-f81165ae-08e6-11f0-be80-58cdc9ee9bc0
2025-03-24 21:34:14 INFO event_listener.py:106: Waiting for Komorebi to subscribe to named pipe yasb-f81165ae-08e6-11f0-be80-58cdc9ee9bc0
2025-03-24 21:34:14 INFO watcher.py:39: Created file watcher for path C:\Users\bilay\.config\yasb
2025-03-24 21:34:14 DEBUG _windows.py:213: Starting (proactor: <_IocpProactor overlapped#=0 result#=0>)...
2025-03-24 21:34:14 DEBUG _windows.py:192: Thread started
2025-03-24 21:34:14 INFO event_listener.py:118: Komorebi connected to named pipe: yasb-f81165ae-08e6-11f0-be80-58cdc9ee9bc0
2025-03-24 21:34:26 INFO log.py:21: Yasb v1.6.5
2025-03-24 21:34:26 DEBUG win32.py:55: Looking up time zone info from registry
2025-03-24 21:34:26 DEBUG __init__.py:149: CoInitializeEx(None, 2)
2025-03-24 21:34:26 INFO app_bar.py:103: Bar Created on Screen: EA232WMi [Bar Height: 50px, DPI Scale: 1.0, Scale Screen: True, Screen Geometry: X: 0, Y: 0, Screen Width: 1920, Screen Height: 1080]
2025-03-24 21:34:27 INFO event_listener.py:52: Created named pipe yasb-ff764437-08e6-11f0-9d23-58cdc9ee9bc0
2025-03-24 21:34:27 INFO event_listener.py:106: Waiting for Komorebi to subscribe to named pipe yasb-ff764437-08e6-11f0-9d23-58cdc9ee9bc0
2025-03-24 21:34:27 INFO watcher.py:39: Created file watcher for path C:\Users\bilay\.config\yasb
2025-03-24 21:34:27 DEBUG _windows.py:213: Starting (proactor: <_IocpProactor overlapped#=0 result#=0>)...
2025-03-24 21:34:27 DEBUG _windows.py:192: Thread started
2025-03-24 21:34:27 INFO event_listener.py:118: Komorebi connected to named pipe: yasb-ff764437-08e6-11f0-9d23-58cdc9ee9bc0
2025-03-24 21:36:37 WARNING event_listener.py:83: Pipe has been ended: (109, 'PeekNamedPipe', 'The pipe has been ended.')
2025-03-24 21:36:37 INFO event_listener.py:93: Attempting to reconnect...
2025-03-24 21:36:37 DEBUG _windows.py:218: Stopping worker thread...
2025-03-25 18:31:59 INFO log.py:21: Yasb v1.6.5
2025-03-25 18:31:59 DEBUG win32.py:55: Looking up time zone info from registry
2025-03-25 18:32:01 DEBUG __init__.py:149: CoInitializeEx(None, 2)
2025-03-25 18:32:01 INFO app_bar.py:103: Bar Created on Screen: EA232WMi [Bar Height: 50px, DPI Scale: 1.0, Scale Screen: True, Screen Geometry: X: 0, Y: 0, Screen Width: 1920, Screen Height: 1080]
2025-03-25 18:32:01 INFO event_listener.py:52: Created named pipe yasb-adfd0439-0996-11f0-92ce-58cdc9ee9bc0
2025-03-25 18:32:01 INFO event_listener.py:106: Waiting for Komorebi to subscribe to named pipe yasb-adfd0439-0996-11f0-92ce-58cdc9ee9bc0
2025-03-25 18:32:01 INFO watcher.py:39: Created file watcher for path C:\Users\bilay\.config\yasb
2025-03-25 18:32:01 DEBUG _windows.py:213: Starting (proactor: <_IocpProactor overlapped#=0 result#=0>)...
2025-03-25 18:32:01 DEBUG _windows.py:192: Thread started
2025-03-25 18:32:01 INFO event_listener.py:118: Komorebi connected to named pipe: yasb-adfd0439-0996-11f0-92ce-58cdc9ee9bc0
2025-03-25 20:27:24 INFO bar.py:100: Screen geometry changed. Updating position for bar (status-bar_EA232WMi_8e723b4d)
2025-03-25 20:27:24 INFO app_bar.py:103: Bar Created on Screen: EA232WMi [Bar Height: 50px, DPI Scale: 1.0, Scale Screen: True, Screen Geometry: X: 0, Y: 0, Screen Width: 1280, Screen Height: 720]
2025-03-25 20:27:24 INFO bar.py:100: Screen geometry changed. Updating position for bar (status-bar_EA232WMi_8e723b4d)
2025-03-25 20:27:24 INFO app_bar.py:103: Bar Created on Screen: EA232WMi [Bar Height: 50px, DPI Scale: 1.0, Scale Screen: True, Screen Geometry: X: 0, Y: 0, Screen Width: 1920, Screen Height: 1080]
2025-03-25 20:34:37 INFO log.py:21: Yasb v1.6.5
2025-03-25 20:34:37 DEBUG win32.py:55: Looking up time zone info from registry
2025-03-25 20:34:39 DEBUG __init__.py:149: CoInitializeEx(None, 2)
2025-03-25 20:34:39 INFO app_bar.py:103: Bar Created on Screen: EA232WMi [Bar Height: 50px, DPI Scale: 1.0, Scale Screen: True, Screen Geometry: X: 0, Y: 0, Screen Width: 1920, Screen Height: 1080]
2025-03-25 20:34:39 INFO event_listener.py:52: Created named pipe yasb-cfd62c49-09a7-11f0-b9db-58cdc9ee9bc0
2025-03-25 20:34:39 INFO event_listener.py:106: Waiting for Komorebi to subscribe to named pipe yasb-cfd62c49-09a7-11f0-b9db-58cdc9ee9bc0
2025-03-25 20:34:40 INFO watcher.py:39: Created file watcher for path C:\Users\bilay\.config\yasb
2025-03-25 20:34:40 DEBUG _windows.py:213: Starting (proactor: <_IocpProactor overlapped#=0 result#=0>)...
2025-03-25 20:34:40 DEBUG _windows.py:192: Thread started
2025-03-25 20:34:40 INFO event_listener.py:118: Komorebi connected to named pipe: yasb-cfd62c49-09a7-11f0-b9db-58cdc9ee9bc0
2025-03-25 21:21:52 WARNING event_listener.py:83: Pipe has been ended: (109, 'PeekNamedPipe', 'The pipe has been ended.')
2025-03-25 21:21:52 INFO event_listener.py:93: Attempting to reconnect...
2025-03-26 17:33:07 INFO log.py:21: Yasb v1.6.5
2025-03-26 17:33:07 DEBUG win32.py:55: Looking up time zone info from registry
2025-03-26 17:33:09 DEBUG __init__.py:149: CoInitializeEx(None, 2)
2025-03-26 17:33:10 INFO app_bar.py:103: Bar Created on Screen: EA232WMi [Bar Height: 50px, DPI Scale: 1.0, Scale Screen: True, Screen Geometry: X: 0, Y: 0, Screen Width: 1920, Screen Height: 1080]
2025-03-26 17:33:12 INFO event_listener.py:52: Created named pipe yasb-a11a0e78-0a57-11f0-bfc3-58cdc9ee9bc0
2025-03-26 17:33:12 INFO event_listener.py:106: Waiting for Komorebi to subscribe to named pipe yasb-a11a0e78-0a57-11f0-bfc3-58cdc9ee9bc0
2025-03-26 17:33:13 INFO watcher.py:39: Created file watcher for path C:\Users\bilay\.config\yasb
2025-03-26 17:33:13 DEBUG _windows.py:213: Starting (proactor: <_IocpProactor overlapped#=0 result#=0>)...
2025-03-26 17:33:13 DEBUG _windows.py:192: Thread started
2025-03-26 17:33:13 INFO event_listener.py:118: Komorebi connected to named pipe: yasb-a11a0e78-0a57-11f0-bfc3-58cdc9ee9bc0
2025-03-26 17:35:51 DEBUG _windows.py:218: Stopping worker thread...
2025-03-26 17:35:51 ERROR event_service.py:30: Failed to emit signal <bound PYQT_SIGNAL k_signal_update of WorkspaceWidget object at 0x0000029912FAAD50>. Removing link to KomorebiEvent.KomorebiUpdate.
2025-03-26 17:35:51 DEBUG _windows.py:201: Exiting thread
2025-03-26 17:35:51 DEBUG _windows.py:75: Closing
2025-03-26 17:44:38 INFO log.py:21: Yasb v1.6.7
2025-03-26 17:44:38 ERROR config.py:108: The config file 'C:\Users\bilay\.config\yasb\config.yaml' contains validation errors. Please fix:
hide_taskbar:
- unknown field

2025-03-26 17:44:38 ERROR config.py:170: User config file could not be loaded. Exiting Application.
2025-03-26 17:44:57 INFO log.py:21: Yasb v1.6.7
2025-03-26 17:44:57 ERROR config.py:108: The config file 'C:\Users\bilay\.config\yasb\config.yaml' contains validation errors. Please fix:
hide_taskbar:
- unknown field

2025-03-26 17:44:57 ERROR config.py:170: User config file could not be loaded. Exiting Application.
2025-03-26 17:45:09 INFO log.py:21: Yasb v1.6.7
2025-03-26 17:45:09 ERROR config.py:108: The config file 'C:\Users\bilay\.config\yasb\config.yaml' contains validation errors. Please fix:
hide_taskbar:
- unknown field

2025-03-26 17:45:09 ERROR config.py:170: User config file could not be loaded. Exiting Application.
2025-03-26 18:46:06 INFO log.py:21: Yasb v1.6.7
2025-03-26 18:46:06 ERROR config.py:108: The config file 'C:\Users\bilay\.config\yasb\config.yaml' contains validation errors. Please fix:
hide_taskbar:
- unknown field

2025-03-26 18:46:06 ERROR config.py:170: User config file could not be loaded. Exiting Application.
2025-03-26 18:46:28 INFO log.py:21: Yasb v1.6.7
2025-03-26 18:46:28 ERROR config.py:108: The config file 'C:\Users\bilay\.config\yasb\config.yaml' contains validation errors. Please fix:
hide_taskbar:
- unknown field

2025-03-26 18:46:28 ERROR config.py:170: User config file could not be loaded. Exiting Application.
2025-03-26 18:47:24 INFO log.py:21: Yasb v1.6.7
2025-03-26 18:47:24 ERROR config.py:108: The config file 'C:\Users\bilay\.config\yasb\config.yaml' contains validation errors. Please fix:
hide_taskbar:
- unknown field

2025-03-26 18:47:24 ERROR config.py:170: User config file could not be loaded. Exiting Application.
2025-03-26 18:55:40 INFO log.py:21: Yasb v1.6.7
2025-03-26 18:55:40 ERROR config.py:108: The config file 'C:\Users\bilay\.config\yasb\config.yaml' contains validation errors. Please fix:
hide_taskbar:
- unknown field

2025-03-26 18:55:40 ERROR config.py:170: User config file could not be loaded. Exiting Application.
2025-03-26 18:57:16 INFO log.py:21: Yasb v1.6.7
2025-03-26 18:57:16 ERROR config.py:108: The config file 'C:\Users\bilay\.config\yasb\config.yaml' contains validation errors. Please fix:
hide_taskbar:
- unknown field

2025-03-26 18:57:16 ERROR config.py:170: User config file could not be loaded. Exiting Application.
2025-03-26 18:57:30 INFO log.py:21: Yasb v1.6.7
2025-03-26 18:57:30 ERROR config.py:108: The config file 'C:\Users\bilay\.config\yasb\config.yaml' contains validation errors. Please fix:
hide_taskbar:
- unknown field

2025-03-26 18:57:30 ERROR config.py:170: User config file could not be loaded. Exiting Application.
2025-03-26 18:59:37 INFO log.py:21: Yasb v1.6.7
2025-03-26 18:59:37 ERROR config.py:108: The config file 'C:\Users\bilay\.config\yasb\config.yaml' contains validation errors. Please fix:
hide_taskbar:
- unknown field

2025-03-26 18:59:37 ERROR config.py:170: User config file could not be loaded. Exiting Application.
2025-03-26 19:02:16 INFO log.py:21: Yasb v1.6.7
2025-03-26 19:02:16 ERROR config.py:108: The config file 'C:\Users\bilay\.config\yasb\config.yaml' contains validation errors. Please fix:
hide_taskbar:
- unknown field

2025-03-26 19:02:16 ERROR config.py:170: User config file could not be loaded. Exiting Application.
2025-03-26 19:02:27 INFO log.py:21: Yasb v1.6.7
2025-03-26 19:02:27 ERROR config.py:108: The config file 'C:\Users\bilay\.config\yasb\config.yaml' contains validation errors. Please fix:
hide_taskbar:
- unknown field

2025-03-26 19:02:27 ERROR config.py:170: User config file could not be loaded. Exiting Application.
2025-03-26 19:02:35 INFO log.py:21: Yasb v1.6.7
2025-03-26 19:02:35 ERROR config.py:108: The config file 'C:\Users\bilay\.config\yasb\config.yaml' contains validation errors. Please fix:
hide_taskbar:
- unknown field

2025-03-26 19:02:35 ERROR config.py:170: User config file could not be loaded. Exiting Application.
2025-03-26 19:03:09 INFO log.py:21: Yasb v1.6.7
2025-03-26 19:03:09 ERROR config.py:108: The config file 'C:\Users\bilay\.config\yasb\config.yaml' contains validation errors. Please fix:
hide_taskbar:
- unknown field

2025-03-26 19:03:09 ERROR config.py:170: User config file could not be loaded. Exiting Application.
2025-03-26 19:11:50 INFO log.py:21: Yasb v1.6.7
2025-03-26 19:11:50 ERROR config.py:108: The config file 'C:\Users\bilay\.config\yasb\config.yaml' contains validation errors. Please fix:
hide_taskbar:
- unknown field

2025-03-26 19:11:50 ERROR config.py:170: User config file could not be loaded. Exiting Application.
2025-03-26 19:22:18 INFO log.py:21: Yasb v1.6.7
2025-03-26 19:22:18 ERROR config.py:108: The config file 'C:\Users\bilay\.config\yasb\config.yaml' contains validation errors. Please fix:
hide_taskbar:
- unknown field

2025-03-26 19:22:18 ERROR config.py:170: User config file could not be loaded. Exiting Application.
2025-03-26 19:23:11 INFO log.py:21: Yasb v1.6.7
2025-03-26 19:23:11 ERROR config.py:108: The config file 'C:\Users\bilay\.config\yasb\config.yaml' contains validation errors. Please fix:
hide_taskbar:
- unknown field

2025-03-26 19:23:11 ERROR config.py:170: User config file could not be loaded. Exiting Application.
2025-03-26 19:27:59 INFO log.py:21: Yasb v1.6.7
2025-03-26 19:27:59 DEBUG win32.py:55: Looking up time zone info from registry
2025-03-26 19:28:01 DEBUG __init__.py:149: CoInitializeEx(None, 2)
2025-03-26 19:28:01 INFO app_bar.py:103: Bar Created on Screen: EA232WMi [Bar Height: 50px, DPI Scale: 1.0, Scale Screen: True, Screen Geometry: X: 0, Y: 0, Screen Width: 1920, Screen Height: 1080]
2025-03-26 19:28:01 INFO event_listener.py:52: Created named pipe yasb-ab2bd16b-0a67-11f0-912f-58cdc9ee9bc0
2025-03-26 19:28:01 INFO event_listener.py:106: Waiting for Komorebi to subscribe to named pipe yasb-ab2bd16b-0a67-11f0-912f-58cdc9ee9bc0
2025-03-26 19:28:01 INFO event_listener.py:118: Komorebi connected to named pipe: yasb-ab2bd16b-0a67-11f0-912f-58cdc9ee9bc0
2025-03-26 19:28:01 INFO watcher.py:39: Created file watcher for path C:\Users\bilay\.config\yasb
2025-03-26 19:28:01 DEBUG _windows.py:213: Starting (proactor: <_IocpProactor overlapped#=0 result#=0>)...
2025-03-26 19:28:01 DEBUG _windows.py:192: Thread started
2025-03-26 21:48:10 WARNING event_listener.py:83: Pipe has been ended: (109, 'PeekNamedPipe', 'The pipe has been ended.')
2025-03-26 21:48:10 INFO event_listener.py:93: Attempting to reconnect...
2025-03-27 18:54:18 INFO log.py:21: Yasb v1.6.7
2025-03-27 18:54:18 DEBUG win32.py:55: Looking up time zone info from registry
2025-03-27 18:54:20 DEBUG __init__.py:149: CoInitializeEx(None, 2)
2025-03-27 18:54:20 INFO app_bar.py:103: Bar Created on Screen: EA232WMi [Bar Height: 50px, DPI Scale: 1.0, Scale Screen: True, Screen Geometry: X: 0, Y: 0, Screen Width: 1920, Screen Height: 1080]
2025-03-27 18:54:21 INFO event_listener.py:52: Created named pipe yasb-211ed074-0b2c-11f0-8af9-58cdc9ee9bc0
2025-03-27 18:54:21 INFO event_listener.py:106: Waiting for Komorebi to subscribe to named pipe yasb-211ed074-0b2c-11f0-8af9-58cdc9ee9bc0
2025-03-27 18:54:21 INFO watcher.py:39: Created file watcher for path C:\Users\bilay\.config\yasb
2025-03-27 18:54:21 DEBUG _windows.py:213: Starting (proactor: <_IocpProactor overlapped#=0 result#=0>)...
2025-03-27 18:54:21 DEBUG _windows.py:192: Thread started
2025-03-27 18:54:21 INFO event_listener.py:118: Komorebi connected to named pipe: yasb-211ed074-0b2c-11f0-8af9-58cdc9ee9bc0
2025-03-27 20:55:23 WARNING event_listener.py:83: Pipe has been ended: (109, 'PeekNamedPipe', 'The pipe has been ended.')
2025-03-27 20:55:23 INFO event_listener.py:93: Attempting to reconnect...
2025-03-29 10:32:53 INFO log.py:21: Yasb v1.6.7
2025-03-29 10:32:54 DEBUG win32.py:55: Looking up time zone info from registry
2025-03-29 10:32:55 DEBUG __init__.py:149: CoInitializeEx(None, 2)
2025-03-29 10:32:56 INFO app_bar.py:103: Bar Created on Screen: EA232WMi [Bar Height: 50px, DPI Scale: 1.0, Scale Screen: True, Screen Geometry: X: 0, Y: 0, Screen Width: 1920, Screen Height: 1080]
2025-03-29 10:32:56 INFO event_listener.py:52: Created named pipe yasb-6a3726a1-0c78-11f0-bc8c-58cdc9ee9bc0
2025-03-29 10:32:56 INFO event_listener.py:106: Waiting for Komorebi to subscribe to named pipe yasb-6a3726a1-0c78-11f0-bc8c-58cdc9ee9bc0
2025-03-29 10:32:56 INFO watcher.py:39: Created file watcher for path C:\Users\bilay\.config\yasb
2025-03-29 10:32:56 DEBUG _windows.py:213: Starting (proactor: <_IocpProactor overlapped#=0 result#=0>)...
2025-03-29 10:32:56 DEBUG _windows.py:192: Thread started
2025-03-29 10:32:56 INFO event_listener.py:118: Komorebi connected to named pipe: yasb-6a3726a1-0c78-11f0-bc8c-58cdc9ee9bc0
2025-03-29 10:51:03 INFO log.py:21: Yasb v1.6.7
2025-03-29 10:51:03 DEBUG win32.py:55: Looking up time zone info from registry
2025-03-29 10:51:05 DEBUG __init__.py:149: CoInitializeEx(None, 2)
2025-03-29 10:51:05 INFO app_bar.py:103: Bar Created on Screen: EA232WMi [Bar Height: 50px, DPI Scale: 1.0, Scale Screen: True, Screen Geometry: X: 0, Y: 0, Screen Width: 1920, Screen Height: 1080]
2025-03-29 10:51:05 INFO event_listener.py:52: Created named pipe yasb-f36bf3dc-0c7a-11f0-b879-58cdc9ee9bc0
2025-03-29 10:51:05 INFO event_listener.py:106: Waiting for Komorebi to subscribe to named pipe yasb-f36bf3dc-0c7a-11f0-b879-58cdc9ee9bc0
2025-03-29 10:51:05 INFO watcher.py:39: Created file watcher for path C:\Users\bilay\.config\yasb
2025-03-29 10:51:05 DEBUG _windows.py:213: Starting (proactor: <_IocpProactor overlapped#=0 result#=0>)...
2025-03-29 10:51:05 DEBUG _windows.py:192: Thread started
2025-03-29 10:51:05 INFO event_listener.py:118: Komorebi connected to named pipe: yasb-f36bf3dc-0c7a-11f0-b879-58cdc9ee9bc0
2025-03-29 13:36:24 INFO bar.py:100: Screen geometry changed. Updating position for bar (status-bar_EA232WMi_61711288)
2025-03-29 13:36:24 INFO app_bar.py:103: Bar Created on Screen: EA232WMi [Bar Height: 50px, DPI Scale: 1.0, Scale Screen: True, Screen Geometry: X: 0, Y: 0, Screen Width: 1280, Screen Height: 720]
2025-03-29 13:36:24 INFO bar.py:100: Screen geometry changed. Updating position for bar (status-bar_EA232WMi_61711288)
2025-03-29 13:36:24 INFO app_bar.py:103: Bar Created on Screen: EA232WMi [Bar Height: 50px, DPI Scale: 1.0, Scale Screen: True, Screen Geometry: X: 0, Y: 0, Screen Width: 1920, Screen Height: 1080]
2025-03-29 13:59:04 INFO bar.py:100: Screen geometry changed. Updating position for bar (status-bar_EA232WMi_61711288)
2025-03-29 13:59:04 INFO app_bar.py:103: Bar Created on Screen: EA232WMi [Bar Height: 50px, DPI Scale: 1.0, Scale Screen: True, Screen Geometry: X: 0, Y: 0, Screen Width: 1280, Screen Height: 720]
2025-03-29 13:59:04 INFO bar.py:100: Screen geometry changed. Updating position for bar (status-bar_EA232WMi_61711288)
2025-03-29 13:59:04 INFO app_bar.py:103: Bar Created on Screen: EA232WMi [Bar Height: 50px, DPI Scale: 1.0, Scale Screen: True, Screen Geometry: X: 0, Y: 0, Screen Width: 1920, Screen Height: 1080]
2025-03-29 14:48:34 INFO bar.py:100: Screen geometry changed. Updating position for bar (status-bar_EA232WMi_61711288)
2025-03-29 14:48:34 INFO app_bar.py:103: Bar Created on Screen: EA232WMi [Bar Height: 50px, DPI Scale: 1.0, Scale Screen: True, Screen Geometry: X: 0, Y: 0, Screen Width: 800, Screen Height: 600]
2025-03-29 14:48:34 INFO bar.py:100: Screen geometry changed. Updating position for bar (status-bar_EA232WMi_61711288)
2025-03-29 14:48:34 INFO app_bar.py:103: Bar Created on Screen: EA232WMi [Bar Height: 50px, DPI Scale: 1.0, Scale Screen: True, Screen Geometry: X: 0, Y: 0, Screen Width: 1920, Screen Height: 1080]
2025-03-29 14:52:25 INFO bar.py:100: Screen geometry changed. Updating position for bar (status-bar_EA232WMi_61711288)
2025-03-29 14:52:26 INFO app_bar.py:103: Bar Created on Screen: EA232WMi [Bar Height: 50px, DPI Scale: 1.0, Scale Screen: True, Screen Geometry: X: 0, Y: 0, Screen Width: 1280, Screen Height: 720]
2025-03-29 14:52:26 INFO bar.py:100: Screen geometry changed. Updating position for bar (status-bar_EA232WMi_61711288)
2025-03-29 14:52:26 INFO app_bar.py:103: Bar Created on Screen: EA232WMi [Bar Height: 50px, DPI Scale: 1.0, Scale Screen: True, Screen Geometry: X: 0, Y: 0, Screen Width: 1920, Screen Height: 1080]
2025-03-29 14:59:04 INFO bar.py:100: Screen geometry changed. Updating position for bar (status-bar_EA232WMi_61711288)
2025-03-29 14:59:04 INFO app_bar.py:103: Bar Created on Screen: EA232WMi [Bar Height: 50px, DPI Scale: 1.0, Scale Screen: True, Screen Geometry: X: 0, Y: 0, Screen Width: 1280, Screen Height: 720]
2025-03-29 14:59:05 INFO bar.py:100: Screen geometry changed. Updating position for bar (status-bar_EA232WMi_61711288)
2025-03-29 14:59:05 INFO app_bar.py:103: Bar Created on Screen: EA232WMi [Bar Height: 50px, DPI Scale: 1.0, Scale Screen: True, Screen Geometry: X: 0, Y: 0, Screen Width: 1920, Screen Height: 1080]
2025-03-29 15:01:06 INFO bar.py:100: Screen geometry changed. Updating position for bar (status-bar_EA232WMi_61711288)
2025-03-29 15:01:06 INFO app_bar.py:103: Bar Created on Screen: EA232WMi [Bar Height: 50px, DPI Scale: 1.0, Scale Screen: True, Screen Geometry: X: 0, Y: 0, Screen Width: 1280, Screen Height: 720]
2025-03-29 15:01:06 INFO bar.py:100: Screen geometry changed. Updating position for bar (status-bar_EA232WMi_61711288)
2025-03-29 15:01:06 INFO app_bar.py:103: Bar Created on Screen: EA232WMi [Bar Height: 50px, DPI Scale: 1.0, Scale Screen: True, Screen Geometry: X: 0, Y: 0, Screen Width: 1920, Screen Height: 1080]
2025-03-29 15:10:48 INFO bar.py:100: Screen geometry changed. Updating position for bar (status-bar_EA232WMi_61711288)
2025-03-29 15:10:48 INFO app_bar.py:103: Bar Created on Screen: EA232WMi [Bar Height: 50px, DPI Scale: 1.0, Scale Screen: True, Screen Geometry: X: 0, Y: 0, Screen Width: 800, Screen Height: 600]
2025-03-29 15:10:48 INFO bar.py:100: Screen geometry changed. Updating position for bar (status-bar_EA232WMi_61711288)
2025-03-29 15:10:48 INFO app_bar.py:103: Bar Created on Screen: EA232WMi [Bar Height: 50px, DPI Scale: 1.0, Scale Screen: True, Screen Geometry: X: 0, Y: 0, Screen Width: 1920, Screen Height: 1080]
2025-03-29 15:35:26 WARNING event_listener.py:83: Pipe has been ended: (109, 'PeekNamedPipe', 'The pipe has been ended.')
2025-03-29 15:35:26 INFO event_listener.py:93: Attempting to reconnect...
2025-03-29 20:15:40 INFO log.py:21: Yasb v1.6.7
2025-03-29 20:15:40 DEBUG win32.py:55: Looking up time zone info from registry
2025-03-29 20:15:42 DEBUG __init__.py:149: CoInitializeEx(None, 2)
2025-03-29 20:15:42 INFO app_bar.py:103: Bar Created on Screen: EA232WMi [Bar Height: 50px, DPI Scale: 1.0, Scale Screen: True, Screen Geometry: X: 0, Y: 0, Screen Width: 1920, Screen Height: 1080]
2025-03-29 20:15:42 INFO event_listener.py:52: Created named pipe yasb-d3c78e9c-0cc9-11f0-a026-58cdc9ee9bc0
2025-03-29 20:15:42 INFO event_listener.py:106: Waiting for Komorebi to subscribe to named pipe yasb-d3c78e9c-0cc9-11f0-a026-58cdc9ee9bc0
2025-03-29 20:15:43 INFO watcher.py:39: Created file watcher for path C:\Users\bilay\.config\yasb
2025-03-29 20:15:43 DEBUG _windows.py:213: Starting (proactor: <_IocpProactor overlapped#=0 result#=0>)...
2025-03-29 20:15:43 DEBUG _windows.py:192: Thread started
2025-03-29 20:15:43 INFO event_listener.py:118: Komorebi connected to named pipe: yasb-d3c78e9c-0cc9-11f0-a026-58cdc9ee9bc0
2025-03-29 21:52:20 WARNING event_listener.py:83: Pipe has been ended: (109, 'PeekNamedPipe', 'The pipe has been ended.')
2025-03-29 21:52:20 INFO event_listener.py:93: Attempting to reconnect...
2025-03-30 10:04:35 INFO log.py:21: Yasb v1.6.7
2025-03-30 10:04:35 DEBUG win32.py:55: Looking up time zone info from registry
2025-03-30 10:04:37 DEBUG __init__.py:149: CoInitializeEx(None, 2)
2025-03-30 10:04:37 INFO app_bar.py:103: Bar Created on Screen: EA232WMi [Bar Height: 50px, DPI Scale: 1.0, Scale Screen: True, Screen Geometry: X: 0, Y: 0, Screen Width: 1920, Screen Height: 1080]
2025-03-30 10:04:38 INFO event_listener.py:52: Created named pipe yasb-3ebdf44f-0d35-11f0-917e-58cdc9ee9bc0
2025-03-30 10:04:38 INFO event_listener.py:106: Waiting for Komorebi to subscribe to named pipe yasb-3ebdf44f-0d35-11f0-917e-58cdc9ee9bc0
2025-03-30 10:04:38 INFO watcher.py:39: Created file watcher for path C:\Users\bilay\.config\yasb
2025-03-30 10:04:38 DEBUG _windows.py:213: Starting (proactor: <_IocpProactor overlapped#=0 result#=0>)...
2025-03-30 10:04:38 DEBUG _windows.py:192: Thread started
2025-03-30 10:04:38 INFO event_listener.py:118: Komorebi connected to named pipe: yasb-3ebdf44f-0d35-11f0-917e-58cdc9ee9bc0
2025-03-30 10:47:05 INFO bar.py:100: Screen geometry changed. Updating position for bar (status-bar_EA232WMi_38f99713)
2025-03-30 10:47:05 INFO app_bar.py:103: Bar Created on Screen: EA232WMi [Bar Height: 50px, DPI Scale: 1.0, Scale Screen: True, Screen Geometry: X: 0, Y: 0, Screen Width: 800, Screen Height: 600]
2025-03-30 10:47:06 INFO bar.py:100: Screen geometry changed. Updating position for bar (status-bar_EA232WMi_38f99713)
2025-03-30 10:47:06 INFO app_bar.py:103: Bar Created on Screen: EA232WMi [Bar Height: 50px, DPI Scale: 1.0, Scale Screen: True, Screen Geometry: X: 0, Y: 0, Screen Width: 1920, Screen Height: 1080]
2025-03-30 16:28:38 INFO bar.py:100: Screen geometry changed. Updating position for bar (status-bar_EA232WMi_38f99713)
2025-03-30 16:28:38 INFO app_bar.py:103: Bar Created on Screen: EA232WMi [Bar Height: 50px, DPI Scale: 1.0, Scale Screen: True, Screen Geometry: X: 0, Y: 0, Screen Width: 800, Screen Height: 600]
2025-03-30 16:28:39 INFO bar.py:100: Screen geometry changed. Updating position for bar (status-bar_EA232WMi_38f99713)
2025-03-30 16:28:39 INFO app_bar.py:103: Bar Created on Screen: EA232WMi [Bar Height: 50px, DPI Scale: 1.0, Scale Screen: True, Screen Geometry: X: 0, Y: 0, Screen Width: 1920, Screen Height: 1080]
2025-03-30 17:48:36 WARNING event_listener.py:83: Pipe has been ended: (109, 'PeekNamedPipe', 'The pipe has been ended.')
2025-03-30 17:48:36 INFO event_listener.py:93: Attempting to reconnect...
2025-03-30 20:54:29 INFO log.py:21: Yasb v1.6.7
2025-03-30 20:54:29 DEBUG win32.py:55: Looking up time zone info from registry
2025-03-30 20:54:31 DEBUG __init__.py:149: CoInitializeEx(None, 2)
2025-03-30 20:54:31 INFO app_bar.py:103: Bar Created on Screen: EA232WMi [Bar Height: 50px, DPI Scale: 1.0, Scale Screen: True, Screen Geometry: X: 0, Y: 0, Screen Width: 1920, Screen Height: 1080]
2025-03-30 20:54:31 INFO log.py:21: Yasb v1.6.7
2025-03-30 20:54:31 ERROR main.py:83: Another instance of the YASB is already running.
2025-03-30 20:54:31 INFO event_listener.py:52: Created named pipe yasb-0889f286-0d90-11f0-bbb6-58cdc9ee9bc0
2025-03-30 20:54:31 INFO event_listener.py:106: Waiting for Komorebi to subscribe to named pipe yasb-0889f286-0d90-11f0-bbb6-58cdc9ee9bc0
2025-03-30 20:54:31 INFO watcher.py:39: Created file watcher for path C:\Users\bilay\.config\yasb
2025-03-30 20:54:31 DEBUG _windows.py:213: Starting (proactor: <_IocpProactor overlapped#=0 result#=0>)...
2025-03-30 20:54:31 DEBUG _windows.py:192: Thread started
2025-03-30 20:54:31 INFO event_listener.py:118: Komorebi connected to named pipe: yasb-0889f286-0d90-11f0-bbb6-58cdc9ee9bc0
2025-03-30 20:58:00 DEBUG _windows.py:218: Stopping worker thread...
2025-03-30 20:58:00 DEBUG _windows.py:201: Exiting thread
2025-03-30 20:58:00 DEBUG _windows.py:75: Closing
2025-03-30 20:58:00 ERROR event_service.py:30: Failed to emit signal <bound PYQT_SIGNAL k_signal_update of WorkspaceWidget object at 0x000001AD12E4E0D0>. Removing link to KomorebiEvent.KomorebiUpdate.
2025-03-30 20:59:05 INFO log.py:21: Yasb v1.6.8
2025-03-30 20:59:05 DEBUG win32.py:55: Looking up time zone info from registry
2025-03-30 20:59:06 DEBUG __init__.py:149: CoInitializeEx(None, 2)
2025-03-30 20:59:06 INFO app_bar.py:103: Bar Created on Screen: EA232WMi [Bar Height: 50px, DPI Scale: 1.0, Scale Screen: True, Screen Geometry: X: 0, Y: 0, Screen Width: 1920, Screen Height: 1080]
2025-03-30 20:59:07 INFO event_listener.py:52: Created named pipe yasb-ac834d35-0d90-11f0-bbf9-58cdc9ee9bc0
2025-03-30 20:59:07 INFO event_listener.py:106: Waiting for Komorebi to subscribe to named pipe yasb-ac834d35-0d90-11f0-bbf9-58cdc9ee9bc0
2025-03-30 20:59:07 INFO cli_client.py:39: YASB CLI Pipe server started
2025-03-30 20:59:07 INFO watcher.py:39: Created file watcher for path C:\Users\bilay\.config\yasb
2025-03-30 20:59:07 DEBUG _windows.py:213: Starting (proactor: <_IocpProactor overlapped#=0 result#=0>)...
2025-03-30 20:59:07 DEBUG _windows.py:192: Thread started
2025-03-30 20:59:07 INFO event_listener.py:118: Komorebi connected to named pipe: yasb-ac834d35-0d90-11f0-bbf9-58cdc9ee9bc0
2025-03-30 22:00:12 WARNING event_listener.py:83: Pipe has been ended: (109, 'PeekNamedPipe', 'The pipe has been ended.')
2025-03-30 22:00:12 INFO event_listener.py:93: Attempting to reconnect...
2025-03-31 16:34:13 INFO log.py:21: Yasb v1.6.8
2025-03-31 16:34:14 DEBUG win32.py:55: Looking up time zone info from registry
2025-03-31 16:34:15 DEBUG __init__.py:149: CoInitializeEx(None, 2)
2025-03-31 16:34:16 INFO app_bar.py:103: Bar Created on Screen: EA232WMi [Bar Height: 50px, DPI Scale: 1.0, Scale Screen: True, Screen Geometry: X: 0, Y: 0, Screen Width: 1920, Screen Height: 1080]
2025-03-31 16:34:16 INFO event_listener.py:52: Created named pipe yasb-d7828a3b-0e34-11f0-8164-58cdc9ee9bc0
2025-03-31 16:34:16 INFO event_listener.py:106: Waiting for Komorebi to subscribe to named pipe yasb-d7828a3b-0e34-11f0-8164-58cdc9ee9bc0
2025-03-31 16:34:16 INFO cli_client.py:39: YASB CLI Pipe server started
2025-03-31 16:34:16 INFO watcher.py:39: Created file watcher for path C:\Users\bilay\.config\yasb
2025-03-31 16:34:16 DEBUG _windows.py:213: Starting (proactor: <_IocpProactor overlapped#=0 result#=0>)...
2025-03-31 16:34:16 DEBUG _windows.py:192: Thread started
2025-03-31 16:34:16 INFO event_listener.py:118: Komorebi connected to named pipe: yasb-d7828a3b-0e34-11f0-8164-58cdc9ee9bc0
2025-03-31 18:55:06 INFO bar.py:100: Screen geometry changed. Updating position for bar (status-bar_EA232WMi_2d2949b2)
2025-03-31 18:55:06 INFO app_bar.py:103: Bar Created on Screen: EA232WMi [Bar Height: 50px, DPI Scale: 1.0, Scale Screen: True, Screen Geometry: X: 0, Y: 0, Screen Width: 1280, Screen Height: 720]
2025-03-31 18:55:07 INFO bar.py:100: Screen geometry changed. Updating position for bar (status-bar_EA232WMi_2d2949b2)
2025-03-31 18:55:07 INFO app_bar.py:103: Bar Created on Screen: EA232WMi [Bar Height: 50px, DPI Scale: 1.0, Scale Screen: True, Screen Geometry: X: 0, Y: 0, Screen Width: 1920, Screen Height: 1080]
2025-03-31 22:10:07 WARNING event_listener.py:83: Pipe has been ended: (109, 'PeekNamedPipe', 'The pipe has been ended.')
2025-03-31 22:10:07 INFO event_listener.py:93: Attempting to reconnect...
2025-04-02 19:45:10 INFO log.py:21: Yasb v1.6.8
2025-04-02 19:45:10 DEBUG win32.py:55: Looking up time zone info from registry
2025-04-02 19:45:11 DEBUG __init__.py:149: CoInitializeEx(None, 2)
2025-04-02 19:45:12 INFO app_bar.py:103: Bar Created on Screen: EA232WMi [Bar Height: 50px, DPI Scale: 1.0, Scale Screen: True, Screen Geometry: X: 0, Y: 0, Screen Width: 1920, Screen Height: 1080]
2025-04-02 19:45:12 INFO event_listener.py:52: Created named pipe yasb-d8b9f64b-0fe1-11f0-a239-58cdc9ee9bc0
2025-04-02 19:45:12 INFO event_listener.py:106: Waiting for Komorebi to subscribe to named pipe yasb-d8b9f64b-0fe1-11f0-a239-58cdc9ee9bc0
2025-04-02 19:45:12 INFO cli_client.py:39: YASB CLI Pipe server started
2025-04-02 19:45:12 INFO watcher.py:39: Created file watcher for path C:\Users\bilay\.config\yasb
2025-04-02 19:45:12 DEBUG _windows.py:213: Starting (proactor: <_IocpProactor overlapped#=0 result#=0>)...
2025-04-02 19:45:12 DEBUG _windows.py:192: Thread started
2025-04-02 19:45:12 INFO event_listener.py:118: Komorebi connected to named pipe: yasb-d8b9f64b-0fe1-11f0-a239-58cdc9ee9bc0
2025-04-02 20:31:27 INFO bar.py:100: Screen geometry changed. Updating position for bar (status-bar_EA232WMi_ddf43691)
2025-04-02 20:31:28 INFO app_bar.py:103: Bar Created on Screen: EA232WMi [Bar Height: 50px, DPI Scale: 1.0, Scale Screen: True, Screen Geometry: X: 0, Y: 0, Screen Width: 1280, Screen Height: 720]
2025-04-02 20:31:28 INFO bar.py:100: Screen geometry changed. Updating position for bar (status-bar_EA232WMi_ddf43691)
2025-04-02 20:31:28 INFO app_bar.py:103: Bar Created on Screen: EA232WMi [Bar Height: 50px, DPI Scale: 1.0, Scale Screen: True, Screen Geometry: X: 0, Y: 0, Screen Width: 1920, Screen Height: 1080]
2025-04-02 21:16:11 INFO bar.py:100: Screen geometry changed. Updating position for bar (status-bar_EA232WMi_ddf43691)
2025-04-02 21:16:12 INFO app_bar.py:103: Bar Created on Screen: EA232WMi [Bar Height: 50px, DPI Scale: 1.0, Scale Screen: True, Screen Geometry: X: 0, Y: 0, Screen Width: 800, Screen Height: 600]
2025-04-02 21:16:12 INFO bar.py:100: Screen geometry changed. Updating position for bar (status-bar_EA232WMi_ddf43691)
2025-04-02 21:16:12 INFO app_bar.py:103: Bar Created on Screen: EA232WMi [Bar Height: 50px, DPI Scale: 1.0, Scale Screen: True, Screen Geometry: X: 0, Y: 0, Screen Width: 1920, Screen Height: 1080]
2025-04-02 21:23:17 INFO bar.py:100: Screen geometry changed. Updating position for bar (status-bar_EA232WMi_ddf43691)
2025-04-02 21:23:17 INFO app_bar.py:103: Bar Created on Screen: EA232WMi [Bar Height: 50px, DPI Scale: 1.0, Scale Screen: True, Screen Geometry: X: 0, Y: 0, Screen Width: 1280, Screen Height: 720]
2025-04-02 21:23:17 INFO bar.py:100: Screen geometry changed. Updating position for bar (status-bar_EA232WMi_ddf43691)
2025-04-02 21:23:18 INFO app_bar.py:103: Bar Created on Screen: EA232WMi [Bar Height: 50px, DPI Scale: 1.0, Scale Screen: True, Screen Geometry: X: 0, Y: 0, Screen Width: 1920, Screen Height: 1080]
2025-04-02 21:25:54 INFO bar.py:100: Screen geometry changed. Updating position for bar (status-bar_EA232WMi_ddf43691)
2025-04-02 21:25:54 INFO app_bar.py:103: Bar Created on Screen: EA232WMi [Bar Height: 50px, DPI Scale: 1.0, Scale Screen: True, Screen Geometry: X: 0, Y: 0, Screen Width: 720, Screen Height: 576]
2025-04-02 21:25:54 INFO bar.py:100: Screen geometry changed. Updating position for bar (status-bar_EA232WMi_ddf43691)
2025-04-02 21:25:54 INFO app_bar.py:103: Bar Created on Screen: EA232WMi [Bar Height: 50px, DPI Scale: 1.0, Scale Screen: True, Screen Geometry: X: 0, Y: 0, Screen Width: 1920, Screen Height: 1080]
2025-04-02 21:27:24 INFO bar.py:100: Screen geometry changed. Updating position for bar (status-bar_EA232WMi_ddf43691)
2025-04-02 21:27:24 INFO app_bar.py:103: Bar Created on Screen: EA232WMi [Bar Height: 50px, DPI Scale: 1.0, Scale Screen: True, Screen Geometry: X: 0, Y: 0, Screen Width: 800, Screen Height: 600]
2025-04-02 21:27:24 INFO bar.py:100: Screen geometry changed. Updating position for bar (status-bar_EA232WMi_ddf43691)
2025-04-02 21:27:24 INFO app_bar.py:103: Bar Created on Screen: EA232WMi [Bar Height: 50px, DPI Scale: 1.0, Scale Screen: True, Screen Geometry: X: 0, Y: 0, Screen Width: 1920, Screen Height: 1080]
2025-04-02 22:02:41 WARNING event_listener.py:83: Pipe has been ended: (109, 'PeekNamedPipe', 'The pipe has been ended.')
2025-04-02 22:02:41 INFO event_listener.py:93: Attempting to reconnect...
2025-04-03 19:10:10 INFO log.py:21: Yasb v1.6.8
2025-04-03 19:10:10 DEBUG win32.py:55: Looking up time zone info from registry
2025-04-03 19:10:11 DEBUG __init__.py:149: CoInitializeEx(None, 2)
2025-04-03 19:10:12 INFO app_bar.py:103: Bar Created on Screen: EA232WMi [Bar Height: 50px, DPI Scale: 1.0, Scale Screen: True, Screen Geometry: X: 0, Y: 0, Screen Width: 1920, Screen Height: 1080]
2025-04-03 19:10:12 INFO event_listener.py:52: Created named pipe yasb-1f7b4702-10a6-11f0-854d-58cdc9ee9bc0
2025-04-03 19:10:12 INFO event_listener.py:106: Waiting for Komorebi to subscribe to named pipe yasb-1f7b4702-10a6-11f0-854d-58cdc9ee9bc0
2025-04-03 19:10:12 INFO cli_client.py:39: YASB CLI Pipe server started
2025-04-03 19:10:12 INFO watcher.py:39: Created file watcher for path C:\Users\bilay\.config\yasb
2025-04-03 19:10:12 DEBUG _windows.py:213: Starting (proactor: <_IocpProactor overlapped#=0 result#=0>)...
2025-04-03 19:10:12 DEBUG _windows.py:192: Thread started
2025-04-03 19:10:12 INFO event_listener.py:118: Komorebi connected to named pipe: yasb-1f7b4702-10a6-11f0-854d-58cdc9ee9bc0
2025-04-03 20:29:43 INFO bar.py:100: Screen geometry changed. Updating position for bar (status-bar_EA232WMi_09a405a5)
2025-04-03 20:29:43 INFO app_bar.py:103: Bar Created on Screen: EA232WMi [Bar Height: 50px, DPI Scale: 1.0, Scale Screen: True, Screen Geometry: X: 0, Y: 0, Screen Width: 1280, Screen Height: 720]
2025-04-03 20:29:43 INFO bar.py:100: Screen geometry changed. Updating position for bar (status-bar_EA232WMi_09a405a5)
2025-04-03 20:29:43 INFO app_bar.py:103: Bar Created on Screen: EA232WMi [Bar Height: 50px, DPI Scale: 1.0, Scale Screen: True, Screen Geometry: X: 0, Y: 0, Screen Width: 1920, Screen Height: 1080]
2025-04-03 21:46:11 WARNING event_listener.py:83: Pipe has been ended: (109, 'PeekNamedPipe', 'The pipe has been ended.')
2025-04-03 21:46:11 INFO event_listener.py:93: Attempting to reconnect...
2025-04-04 19:00:34 INFO log.py:21: Yasb v1.6.8
2025-04-04 19:00:34 DEBUG win32.py:55: Looking up time zone info from registry
2025-04-04 19:00:35 DEBUG __init__.py:149: CoInitializeEx(None, 2)
2025-04-04 19:00:35 INFO app_bar.py:103: Bar Created on Screen: EA232WMi [Bar Height: 50px, DPI Scale: 1.0, Scale Screen: True, Screen Geometry: X: 0, Y: 0, Screen Width: 1920, Screen Height: 1080]
2025-04-04 19:00:36 INFO event_listener.py:52: Created named pipe yasb-f275d3f7-116d-11f0-9da0-58cdc9ee9bc0
2025-04-04 19:00:36 INFO event_listener.py:106: Waiting for Komorebi to subscribe to named pipe yasb-f275d3f7-116d-11f0-9da0-58cdc9ee9bc0
2025-04-04 19:00:36 INFO cli_client.py:39: YASB CLI Pipe server started
2025-04-04 19:00:36 INFO watcher.py:39: Created file watcher for path C:\Users\bilay\.config\yasb
2025-04-04 19:00:36 DEBUG _windows.py:213: Starting (proactor: <_IocpProactor overlapped#=0 result#=0>)...
2025-04-04 19:00:36 DEBUG _windows.py:192: Thread started
2025-04-04 19:00:36 INFO event_listener.py:118: Komorebi connected to named pipe: yasb-f275d3f7-116d-11f0-9da0-58cdc9ee9bc0
2025-04-04 22:06:54 WARNING event_listener.py:83: Pipe has been ended: (109, 'PeekNamedPipe', 'The pipe has been ended.')
2025-04-04 22:06:54 INFO event_listener.py:93: Attempting to reconnect...
2025-04-05 10:38:51 INFO log.py:21: Yasb v1.6.8
2025-04-05 10:38:52 DEBUG win32.py:55: Looking up time zone info from registry
2025-04-05 10:38:53 DEBUG __init__.py:149: CoInitializeEx(None, 2)
2025-04-05 10:38:54 INFO app_bar.py:103: Bar Created on Screen: EA232WMi [Bar Height: 50px, DPI Scale: 1.0, Scale Screen: True, Screen Geometry: X: 0, Y: 0, Screen Width: 1920, Screen Height: 1080]
2025-04-05 10:38:54 INFO event_listener.py:52: Created named pipe yasb-06c23bb7-11f1-11f0-a563-58cdc9ee9bc0
2025-04-05 10:38:54 INFO event_listener.py:106: Waiting for Komorebi to subscribe to named pipe yasb-06c23bb7-11f1-11f0-a563-58cdc9ee9bc0
2025-04-05 10:38:54 INFO cli_client.py:39: YASB CLI Pipe server started
2025-04-05 10:38:54 INFO watcher.py:39: Created file watcher for path C:\Users\bilay\.config\yasb
2025-04-05 10:38:54 DEBUG _windows.py:213: Starting (proactor: <_IocpProactor overlapped#=0 result#=0>)...
2025-04-05 10:38:54 DEBUG _windows.py:192: Thread started
2025-04-05 10:38:54 INFO event_listener.py:118: Komorebi connected to named pipe: yasb-06c23bb7-11f1-11f0-a563-58cdc9ee9bc0
2025-04-05 10:39:28 WARNING event_listener.py:83: Pipe has been ended: (109, 'PeekNamedPipe', 'The pipe has been ended.')
2025-04-05 10:39:28 INFO event_listener.py:93: Attempting to reconnect...
2025-04-05 10:39:33 INFO event_listener.py:52: Created named pipe yasb-06c23bb7-11f1-11f0-a563-58cdc9ee9bc0
2025-04-05 10:39:33 INFO event_listener.py:106: Waiting for Komorebi to subscribe to named pipe yasb-06c23bb7-11f1-11f0-a563-58cdc9ee9bc0
2025-04-05 10:39:33 WARNING event_listener.py:111: Komorebi failed to subscribe named pipe. Waiting for subscription...
2025-04-05 10:39:53 INFO event_listener.py:118: Komorebi connected to named pipe: yasb-06c23bb7-11f1-11f0-a563-58cdc9ee9bc0
2025-04-05 19:59:12 INFO log.py:21: Yasb v1.6.8
2025-04-05 19:59:12 DEBUG win32.py:55: Looking up time zone info from registry
2025-04-05 19:59:13 DEBUG __init__.py:149: CoInitializeEx(None, 2)
2025-04-05 19:59:14 INFO app_bar.py:103: Bar Created on Screen: EA232WMi [Bar Height: 50px, DPI Scale: 1.0, Scale Screen: True, Screen Geometry: X: 0, Y: 0, Screen Width: 1920, Screen Height: 1080]
2025-04-05 19:59:14 INFO event_listener.py:52: Created named pipe yasb-4de0b457-123f-11f0-b4ff-58cdc9ee9bc0
2025-04-05 19:59:14 INFO event_listener.py:106: Waiting for Komorebi to subscribe to named pipe yasb-4de0b457-123f-11f0-b4ff-58cdc9ee9bc0
2025-04-05 19:59:14 INFO cli_client.py:39: YASB CLI Pipe server started
2025-04-05 19:59:14 INFO watcher.py:39: Created file watcher for path C:\Users\bilay\.config\yasb
2025-04-05 19:59:14 DEBUG _windows.py:213: Starting (proactor: <_IocpProactor overlapped#=0 result#=0>)...
2025-04-05 19:59:14 INFO event_listener.py:118: Komorebi connected to named pipe: yasb-4de0b457-123f-11f0-b4ff-58cdc9ee9bc0
2025-04-05 19:59:14 DEBUG _windows.py:192: Thread started
2025-04-05 20:07:29 WARNING event_listener.py:83: Pipe has been ended: (109, 'PeekNamedPipe', 'The pipe has been ended.')
2025-04-05 20:07:29 INFO event_listener.py:93: Attempting to reconnect...
2025-04-05 20:07:34 INFO event_listener.py:52: Created named pipe yasb-4de0b457-123f-11f0-b4ff-58cdc9ee9bc0
2025-04-05 20:07:34 INFO event_listener.py:106: Waiting for Komorebi to subscribe to named pipe yasb-4de0b457-123f-11f0-b4ff-58cdc9ee9bc0
2025-04-05 20:07:34 WARNING event_listener.py:111: Komorebi failed to subscribe named pipe. Waiting for subscription...
2025-04-05 20:08:14 INFO event_listener.py:118: Komorebi connected to named pipe: yasb-4de0b457-123f-11f0-b4ff-58cdc9ee9bc0
2025-04-05 20:09:20 DEBUG _windows.py:218: Stopping worker thread...
2025-04-05 20:09:20 DEBUG _windows.py:201: Exiting thread
2025-04-05 20:09:20 DEBUG _windows.py:75: Closing
2025-04-05 20:09:20 ERROR event_service.py:30: Failed to emit signal <bound PYQT_SIGNAL k_signal_update of WorkspaceWidget object at 0x00000167296FE0D0>. Removing link to KomorebiEvent.KomorebiUpdate.
2025-04-05 20:12:53 INFO log.py:21: Yasb v1.6.8
2025-04-05 20:12:53 DEBUG win32.py:55: Looking up time zone info from registry
2025-04-05 20:12:54 DEBUG __init__.py:149: CoInitializeEx(None, 2)
2025-04-05 20:12:54 INFO app_bar.py:103: Bar Created on Screen: EA232WMi [Bar Height: 50px, DPI Scale: 1.0, Scale Screen: True, Screen Geometry: X: 0, Y: 0, Screen Width: 1920, Screen Height: 1080]
2025-04-05 20:12:55 INFO event_listener.py:52: Created named pipe yasb-3707a9e6-1241-11f0-b9df-58cdc9ee9bc0
2025-04-05 20:12:55 INFO event_listener.py:106: Waiting for Komorebi to subscribe to named pipe yasb-3707a9e6-1241-11f0-b9df-58cdc9ee9bc0
2025-04-05 20:12:55 INFO cli_client.py:39: YASB CLI Pipe server started
2025-04-05 20:12:55 INFO watcher.py:39: Created file watcher for path C:\Users\bilay\.config\yasb
2025-04-05 20:12:55 DEBUG _windows.py:213: Starting (proactor: <_IocpProactor overlapped#=0 result#=0>)...
2025-04-05 20:12:55 DEBUG _windows.py:192: Thread started
2025-04-05 20:12:55 INFO event_listener.py:118: Komorebi connected to named pipe: yasb-3707a9e6-1241-11f0-b9df-58cdc9ee9bc0
2025-04-05 20:16:04 WARNING event_listener.py:83: Pipe has been ended: (109, 'PeekNamedPipe', 'The pipe has been ended.')
2025-04-05 20:16:04 INFO event_listener.py:93: Attempting to reconnect...
2025-04-05 20:16:04 INFO cli_client.py:17: YASB received command reload
2025-04-05 20:16:04 INFO cli_client.py:68: YASB CLI Pipe server stopped
2025-04-05 20:16:04 INFO tray.py:258: Reloading Application...
2025-04-05 20:16:04 INFO cli_client.py:30: YASB CLI Pipe client disconnected
2025-04-05 20:16:04 DEBUG _windows.py:218: Stopping worker thread...
2025-04-05 20:16:04 DEBUG _windows.py:201: Exiting thread
2025-04-05 20:16:04 DEBUG _windows.py:75: Closing
2025-04-05 20:16:04 INFO log.py:21: Yasb v1.6.8
2025-04-05 20:16:04 DEBUG win32.py:55: Looking up time zone info from registry
2025-04-05 20:16:05 DEBUG __init__.py:149: CoInitializeEx(None, 2)
2025-04-05 20:16:05 INFO app_bar.py:103: Bar Created on Screen: EA232WMi [Bar Height: 50px, DPI Scale: 1.0, Scale Screen: True, Screen Geometry: X: 0, Y: 0, Screen Width: 1920, Screen Height: 1080]
2025-04-05 20:16:05 INFO event_listener.py:52: Created named pipe yasb-a859d4c7-1241-11f0-b9dc-58cdc9ee9bc0
2025-04-05 20:16:05 INFO event_listener.py:106: Waiting for Komorebi to subscribe to named pipe yasb-a859d4c7-1241-11f0-b9dc-58cdc9ee9bc0
2025-04-05 20:16:05 INFO cli_client.py:39: YASB CLI Pipe server started
2025-04-05 20:16:05 INFO watcher.py:39: Created file watcher for path C:\Users\bilay\.config\yasb
2025-04-05 20:16:05 DEBUG _windows.py:213: Starting (proactor: <_IocpProactor overlapped#=0 result#=0>)...
2025-04-05 20:16:05 DEBUG _windows.py:192: Thread started
2025-04-05 20:16:05 INFO event_listener.py:118: Komorebi connected to named pipe: yasb-a859d4c7-1241-11f0-b9dc-58cdc9ee9bc0
2025-04-05 20:16:16 INFO cli_client.py:17: YASB received command stop
2025-04-05 20:16:16 INFO tray.py:267: Exiting Application...
2025-04-05 20:16:16 INFO cli_client.py:68: YASB CLI Pipe server stopped
2025-04-05 20:16:16 INFO cli_client.py:30: YASB CLI Pipe client disconnected
2025-04-05 20:16:16 DEBUG _windows.py:218: Stopping worker thread...
2025-04-05 20:16:16 DEBUG _windows.py:201: Exiting thread
2025-04-05 20:16:16 DEBUG _windows.py:75: Closing
2025-04-05 20:17:14 INFO log.py:21: Yasb v1.6.8
2025-04-05 20:17:14 DEBUG win32.py:55: Looking up time zone info from registry
2025-04-05 20:17:14 DEBUG __init__.py:149: CoInitializeEx(None, 2)
2025-04-05 20:17:14 INFO app_bar.py:103: Bar Created on Screen: EA232WMi [Bar Height: 50px, DPI Scale: 1.0, Scale Screen: True, Screen Geometry: X: 0, Y: 0, Screen Width: 1920, Screen Height: 1080]
2025-04-05 20:17:15 INFO event_listener.py:52: Created named pipe yasb-d1d75c13-1241-11f0-a032-58cdc9ee9bc0
2025-04-05 20:17:15 INFO event_listener.py:106: Waiting for Komorebi to subscribe to named pipe yasb-d1d75c13-1241-11f0-a032-58cdc9ee9bc0
2025-04-05 20:17:15 INFO cli_client.py:39: YASB CLI Pipe server started
2025-04-05 20:17:15 INFO watcher.py:39: Created file watcher for path C:\Users\bilay\.config\yasb
2025-04-05 20:17:15 DEBUG _windows.py:213: Starting (proactor: <_IocpProactor overlapped#=0 result#=0>)...
2025-04-05 20:17:15 DEBUG _windows.py:192: Thread started
2025-04-05 20:17:15 INFO event_listener.py:118: Komorebi connected to named pipe: yasb-d1d75c13-1241-11f0-a032-58cdc9ee9bc0
2025-04-05 20:17:41 WARNING event_listener.py:83: Pipe has been ended: (109, 'PeekNamedPipe', 'The pipe has been ended.')
2025-04-05 20:17:41 INFO event_listener.py:93: Attempting to reconnect...
2025-04-05 20:17:42 INFO cli_client.py:17: YASB received command reload
2025-04-05 20:17:42 INFO tray.py:258: Reloading Application...
2025-04-05 20:17:42 INFO cli_client.py:68: YASB CLI Pipe server stopped
2025-04-05 20:17:42 INFO cli_client.py:30: YASB CLI Pipe client disconnected
2025-04-05 20:17:42 DEBUG _windows.py:218: Stopping worker thread...
2025-04-05 20:17:42 DEBUG _windows.py:201: Exiting thread
2025-04-05 20:17:42 DEBUG _windows.py:75: Closing
2025-04-05 20:17:42 INFO log.py:21: Yasb v1.6.8
2025-04-05 20:17:42 DEBUG win32.py:55: Looking up time zone info from registry
2025-04-05 20:17:42 DEBUG __init__.py:149: CoInitializeEx(None, 2)
2025-04-05 20:17:42 INFO app_bar.py:103: Bar Created on Screen: EA232WMi [Bar Height: 50px, DPI Scale: 1.0, Scale Screen: True, Screen Geometry: X: 0, Y: 0, Screen Width: 1920, Screen Height: 1080]
2025-04-05 20:17:43 INFO event_listener.py:52: Created named pipe yasb-e280f029-1241-11f0-a68a-58cdc9ee9bc0
2025-04-05 20:17:43 INFO event_listener.py:106: Waiting for Komorebi to subscribe to named pipe yasb-e280f029-1241-11f0-a68a-58cdc9ee9bc0
2025-04-05 20:17:43 INFO cli_client.py:39: YASB CLI Pipe server started
2025-04-05 20:17:43 INFO watcher.py:39: Created file watcher for path C:\Users\bilay\.config\yasb
2025-04-05 20:17:43 DEBUG _windows.py:213: Starting (proactor: <_IocpProactor overlapped#=0 result#=0>)...
2025-04-05 20:17:43 DEBUG _windows.py:192: Thread started
2025-04-05 20:17:43 INFO event_listener.py:118: Komorebi connected to named pipe: yasb-e280f029-1241-11f0-a68a-58cdc9ee9bc0
2025-04-05 20:17:46 INFO log.py:21: Yasb v1.6.8
2025-04-05 20:17:46 ERROR main.py:83: Another instance of the YASB is already running.
2025-04-05 20:17:59 WARNING event_listener.py:83: Pipe has been ended: (109, 'PeekNamedPipe', 'The pipe has been ended.')
2025-04-05 20:17:59 INFO event_listener.py:93: Attempting to reconnect...
2025-04-05 20:18:00 INFO cli_client.py:17: YASB received command reload
2025-04-05 20:18:00 INFO tray.py:258: Reloading Application...
2025-04-05 20:18:00 INFO cli_client.py:68: YASB CLI Pipe server stopped
2025-04-05 20:18:00 INFO cli_client.py:30: YASB CLI Pipe client disconnected
2025-04-05 20:18:00 DEBUG _windows.py:218: Stopping worker thread...
2025-04-05 20:18:00 DEBUG _windows.py:201: Exiting thread
2025-04-05 20:18:00 DEBUG _windows.py:75: Closing
2025-04-05 20:18:00 INFO log.py:21: Yasb v1.6.8
2025-04-05 20:18:00 DEBUG win32.py:55: Looking up time zone info from registry
2025-04-05 20:18:00 DEBUG __init__.py:149: CoInitializeEx(None, 2)
2025-04-05 20:18:00 INFO app_bar.py:103: Bar Created on Screen: EA232WMi [Bar Height: 50px, DPI Scale: 1.0, Scale Screen: True, Screen Geometry: X: 0, Y: 0, Screen Width: 1920, Screen Height: 1080]
2025-04-05 20:18:00 INFO event_listener.py:52: Created named pipe yasb-ed0f1723-1241-11f0-9474-58cdc9ee9bc0
2025-04-05 20:18:00 INFO event_listener.py:106: Waiting for Komorebi to subscribe to named pipe yasb-ed0f1723-1241-11f0-9474-58cdc9ee9bc0
2025-04-05 20:18:00 INFO cli_client.py:39: YASB CLI Pipe server started
2025-04-05 20:18:00 INFO watcher.py:39: Created file watcher for path C:\Users\bilay\.config\yasb
2025-04-05 20:18:00 DEBUG _windows.py:213: Starting (proactor: <_IocpProactor overlapped#=0 result#=0>)...
2025-04-05 20:18:00 DEBUG _windows.py:192: Thread started
2025-04-05 20:18:00 INFO event_listener.py:118: Komorebi connected to named pipe: yasb-ed0f1723-1241-11f0-9474-58cdc9ee9bc0
2025-04-05 20:19:04 WARNING event_listener.py:83: Pipe has been ended: (109, 'PeekNamedPipe', 'The pipe has been ended.')
2025-04-05 20:19:04 INFO event_listener.py:93: Attempting to reconnect...
2025-04-05 20:19:04 INFO cli_client.py:17: YASB received command stop
2025-04-05 20:19:04 INFO tray.py:267: Exiting Application...
2025-04-05 20:19:04 INFO cli_client.py:68: YASB CLI Pipe server stopped
2025-04-05 20:19:04 INFO cli_client.py:30: YASB CLI Pipe client disconnected
2025-04-05 20:19:04 DEBUG _windows.py:218: Stopping worker thread...
2025-04-05 20:19:04 DEBUG _windows.py:201: Exiting thread
2025-04-05 20:19:04 DEBUG _windows.py:75: Closing
2025-04-05 20:31:16 INFO log.py:21: Yasb v1.6.8
2025-04-05 20:31:16 DEBUG win32.py:55: Looking up time zone info from registry
2025-04-05 20:31:16 DEBUG __init__.py:149: CoInitializeEx(None, 2)
2025-04-05 20:31:16 INFO app_bar.py:103: Bar Created on Screen: EA232WMi [Bar Height: 50px, DPI Scale: 1.0, Scale Screen: True, Screen Geometry: X: 0, Y: 0, Screen Width: 1920, Screen Height: 1080]
2025-04-05 20:31:17 INFO event_listener.py:52: Created named pipe yasb-c7e2d07e-1243-11f0-91b2-58cdc9ee9bc0
2025-04-05 20:31:17 INFO event_listener.py:106: Waiting for Komorebi to subscribe to named pipe yasb-c7e2d07e-1243-11f0-91b2-58cdc9ee9bc0
2025-04-05 20:31:17 INFO cli_client.py:39: YASB CLI Pipe server started
2025-04-05 20:31:17 INFO watcher.py:39: Created file watcher for path C:\Users\bilay\.config\yasb
2025-04-05 20:31:17 DEBUG _windows.py:213: Starting (proactor: <_IocpProactor overlapped#=0 result#=0>)...
2025-04-05 20:31:17 DEBUG _windows.py:192: Thread started
2025-04-05 20:31:17 INFO event_listener.py:118: Komorebi connected to named pipe: yasb-c7e2d07e-1243-11f0-91b2-58cdc9ee9bc0
2025-04-05 20:45:45 INFO log.py:21: Yasb v1.6.8
2025-04-05 20:45:45 ERROR main.py:83: Another instance of the YASB is already running.
2025-04-05 20:47:18 WARNING event_listener.py:83: Pipe has been ended: (109, 'PeekNamedPipe', 'The pipe has been ended.')
2025-04-05 20:47:18 INFO event_listener.py:93: Attempting to reconnect...
2025-04-05 20:47:18 INFO cli_client.py:17: YASB received command stop
2025-04-05 20:47:18 INFO tray.py:267: Exiting Application...
2025-04-05 20:47:18 INFO cli_client.py:68: YASB CLI Pipe server stopped
2025-04-05 20:47:18 INFO cli_client.py:30: YASB CLI Pipe client disconnected
2025-04-05 20:47:18 DEBUG _windows.py:218: Stopping worker thread...
2025-04-05 20:47:18 DEBUG _windows.py:201: Exiting thread
2025-04-05 20:47:18 DEBUG _windows.py:75: Closing
2025-04-05 20:49:13 INFO log.py:21: Yasb v1.6.8
2025-04-05 20:49:14 DEBUG win32.py:55: Looking up time zone info from registry
2025-04-05 20:49:14 DEBUG __init__.py:149: CoInitializeEx(None, 2)
2025-04-05 20:49:14 INFO app_bar.py:103: Bar Created on Screen: EA232WMi [Bar Height: 50px, DPI Scale: 1.0, Scale Screen: True, Screen Geometry: X: 0, Y: 0, Screen Width: 1920, Screen Height: 1080]
2025-04-05 20:49:14 INFO event_listener.py:52: Created named pipe yasb-49fd304e-1246-11f0-a5a0-58cdc9ee9bc0
2025-04-05 20:49:14 INFO event_listener.py:106: Waiting for Komorebi to subscribe to named pipe yasb-49fd304e-1246-11f0-a5a0-58cdc9ee9bc0
2025-04-05 20:49:14 INFO cli_client.py:39: YASB CLI Pipe server started
2025-04-05 20:49:14 INFO watcher.py:39: Created file watcher for path C:\Users\bilay\.config\yasb
2025-04-05 20:49:14 DEBUG _windows.py:213: Starting (proactor: <_IocpProactor overlapped#=0 result#=0>)...
2025-04-05 20:49:14 DEBUG _windows.py:192: Thread started
2025-04-05 20:49:14 INFO event_listener.py:118: Komorebi connected to named pipe: yasb-49fd304e-1246-11f0-a5a0-58cdc9ee9bc0
2025-04-05 21:40:01 INFO bar.py:100: Screen geometry changed. Updating position for bar (status-bar_EA232WMi_efcaec82)
2025-04-05 21:40:01 INFO app_bar.py:103: Bar Created on Screen: EA232WMi [Bar Height: 50px, DPI Scale: 1.0, Scale Screen: True, Screen Geometry: X: 0, Y: 0, Screen Width: 1280, Screen Height: 720]
2025-04-05 21:40:02 INFO bar.py:100: Screen geometry changed. Updating position for bar (status-bar_EA232WMi_efcaec82)
2025-04-05 21:40:02 INFO app_bar.py:103: Bar Created on Screen: EA232WMi [Bar Height: 50px, DPI Scale: 1.0, Scale Screen: True, Screen Geometry: X: 0, Y: 0, Screen Width: 1920, Screen Height: 1080]
2025-04-05 22:20:06 WARNING event_listener.py:83: Pipe has been ended: (109, 'PeekNamedPipe', 'The pipe has been ended.')
2025-04-05 22:20:06 INFO event_listener.py:93: Attempting to reconnect...
2025-04-06 10:41:26 INFO log.py:21: Yasb v1.6.8
2025-04-06 10:41:26 DEBUG win32.py:55: Looking up time zone info from registry
2025-04-06 10:41:28 DEBUG __init__.py:149: CoInitializeEx(None, 2)
2025-04-06 10:41:28 INFO app_bar.py:103: Bar Created on Screen: EA232WMi [Bar Height: 50px, DPI Scale: 1.0, Scale Screen: True, Screen Geometry: X: 0, Y: 0, Screen Width: 1920, Screen Height: 1080]
2025-04-06 10:41:28 INFO event_listener.py:52: Created named pipe yasb-8d18c709-12ba-11f0-bbfa-58cdc9ee9bc0
2025-04-06 10:41:28 INFO event_listener.py:106: Waiting for Komorebi to subscribe to named pipe yasb-8d18c709-12ba-11f0-bbfa-58cdc9ee9bc0
2025-04-06 10:41:28 INFO cli_client.py:39: YASB CLI Pipe server started
2025-04-06 10:41:28 INFO watcher.py:39: Created file watcher for path C:\Users\bilay\.config\yasb
2025-04-06 10:41:28 DEBUG _windows.py:213: Starting (proactor: <_IocpProactor overlapped#=0 result#=0>)...
2025-04-06 10:41:28 DEBUG _windows.py:192: Thread started
2025-04-06 10:41:28 INFO event_listener.py:118: Komorebi connected to named pipe: yasb-8d18c709-12ba-11f0-bbfa-58cdc9ee9bc0
2025-04-06 15:28:48 WARNING event_listener.py:83: Pipe has been ended: (109, 'PeekNamedPipe', 'The pipe has been ended.')
2025-04-06 15:28:48 INFO event_listener.py:93: Attempting to reconnect...
2025-04-07 16:28:43 INFO log.py:21: Yasb v1.6.8
2025-04-07 16:28:44 DEBUG win32.py:55: Looking up time zone info from registry
2025-04-07 16:28:45 DEBUG __init__.py:149: CoInitializeEx(None, 2)
2025-04-07 16:28:45 INFO app_bar.py:103: Bar Created on Screen: EA232WMi [Bar Height: 50px, DPI Scale: 1.0, Scale Screen: True, Screen Geometry: X: 0, Y: 0, Screen Width: 1920, Screen Height: 1080]
2025-04-07 16:28:46 INFO event_listener.py:52: Created named pipe yasb-3b84e8de-13b4-11f0-a7ad-58cdc9ee9bc0
2025-04-07 16:28:46 INFO event_listener.py:106: Waiting for Komorebi to subscribe to named pipe yasb-3b84e8de-13b4-11f0-a7ad-58cdc9ee9bc0
2025-04-07 16:28:46 INFO cli_client.py:39: YASB CLI Pipe server started
2025-04-07 16:28:46 INFO watcher.py:39: Created file watcher for path C:\Users\bilay\.config\yasb
2025-04-07 16:28:46 DEBUG _windows.py:213: Starting (proactor: <_IocpProactor overlapped#=0 result#=0>)...
2025-04-07 16:28:46 DEBUG _windows.py:192: Thread started
2025-04-07 16:28:46 INFO event_listener.py:118: Komorebi connected to named pipe: yasb-3b84e8de-13b4-11f0-a7ad-58cdc9ee9bc0
2025-04-07 18:12:55 INFO bar.py:100: Screen geometry changed. Updating position for bar (status-bar_EA232WMi_cdf73c80)
2025-04-07 18:12:55 INFO app_bar.py:103: Bar Created on Screen: EA232WMi [Bar Height: 50px, DPI Scale: 1.0, Scale Screen: True, Screen Geometry: X: 0, Y: 0, Screen Width: 1280, Screen Height: 720]
2025-04-07 18:12:55 INFO bar.py:100: Screen geometry changed. Updating position for bar (status-bar_EA232WMi_cdf73c80)
2025-04-07 18:12:55 INFO app_bar.py:103: Bar Created on Screen: EA232WMi [Bar Height: 50px, DPI Scale: 1.0, Scale Screen: True, Screen Geometry: X: 0, Y: 0, Screen Width: 1920, Screen Height: 1080]
2025-04-07 18:31:16 INFO bar.py:100: Screen geometry changed. Updating position for bar (status-bar_EA232WMi_cdf73c80)
2025-04-07 18:31:16 INFO app_bar.py:103: Bar Created on Screen: EA232WMi [Bar Height: 50px, DPI Scale: 1.0, Scale Screen: True, Screen Geometry: X: 0, Y: 0, Screen Width: 1024, Screen Height: 768]
2025-04-07 18:31:16 INFO bar.py:100: Screen geometry changed. Updating position for bar (status-bar_EA232WMi_cdf73c80)
2025-04-07 18:31:16 INFO app_bar.py:103: Bar Created on Screen: EA232WMi [Bar Height: 50px, DPI Scale: 1.0, Scale Screen: True, Screen Geometry: X: 0, Y: 0, Screen Width: 1920, Screen Height: 1080]
2025-04-07 20:55:32 WARNING event_listener.py:83: Pipe has been ended: (109, 'PeekNamedPipe', 'The pipe has been ended.')
2025-04-07 20:55:32 INFO event_listener.py:93: Attempting to reconnect...
2025-04-07 20:55:37 INFO event_listener.py:52: Created named pipe yasb-3b84e8de-13b4-11f0-a7ad-58cdc9ee9bc0
2025-04-07 20:55:37 INFO event_listener.py:106: Waiting for Komorebi to subscribe to named pipe yasb-3b84e8de-13b4-11f0-a7ad-58cdc9ee9bc0
2025-04-07 20:55:37 WARNING event_listener.py:111: Komorebi failed to subscribe named pipe. Waiting for subscription...
2025-04-08 18:36:40 INFO log.py:21: Yasb v1.6.8
2025-04-08 18:36:40 DEBUG win32.py:55: Looking up time zone info from registry
2025-04-08 18:36:41 DEBUG __init__.py:149: CoInitializeEx(None, 2)
2025-04-08 18:36:41 INFO app_bar.py:103: Bar Created on Screen: EA232WMi [Bar Height: 50px, DPI Scale: 1.0, Scale Screen: True, Screen Geometry: X: 0, Y: 0, Screen Width: 1920, Screen Height: 1080]
2025-04-08 18:36:42 INFO event_listener.py:52: Created named pipe yasb-455d5365-148f-11f0-922c-58cdc9ee9bc0
2025-04-08 18:36:42 INFO event_listener.py:106: Waiting for Komorebi to subscribe to named pipe yasb-455d5365-148f-11f0-922c-58cdc9ee9bc0
2025-04-08 18:36:42 INFO cli_client.py:39: YASB CLI Pipe server started
2025-04-08 18:36:42 INFO watcher.py:39: Created file watcher for path C:\Users\bilay\.config\yasb
2025-04-08 18:36:42 DEBUG _windows.py:213: Starting (proactor: <_IocpProactor overlapped#=0 result#=0>)...
2025-04-08 18:36:42 DEBUG _windows.py:192: Thread started
2025-04-08 18:36:42 INFO event_listener.py:118: Komorebi connected to named pipe: yasb-455d5365-148f-11f0-922c-58cdc9ee9bc0
2025-04-08 21:31:14 WARNING event_listener.py:83: Pipe has been ended: (109, 'PeekNamedPipe', 'The pipe has been ended.')
2025-04-08 21:31:14 INFO event_listener.py:93: Attempting to reconnect...
2025-04-09 19:16:05 INFO log.py:21: Yasb v1.6.8
2025-04-09 19:16:06 DEBUG win32.py:55: Looking up time zone info from registry
2025-04-09 19:16:07 DEBUG __init__.py:149: CoInitializeEx(None, 2)
2025-04-09 19:16:08 INFO app_bar.py:103: Bar Created on Screen: EA232WMi [Bar Height: 50px, DPI Scale: 1.0, Scale Screen: True, Screen Geometry: X: 0, Y: 0, Screen Width: 1920, Screen Height: 1080]
2025-04-09 19:16:09 INFO event_listener.py:52: Created named pipe yasb-f25cba36-155d-11f0-8b08-58cdc9ee9bc0
2025-04-09 19:16:09 INFO event_listener.py:106: Waiting for Komorebi to subscribe to named pipe yasb-f25cba36-155d-11f0-8b08-58cdc9ee9bc0
2025-04-09 19:16:09 INFO cli_client.py:39: YASB CLI Pipe server started
2025-04-09 19:16:09 INFO watcher.py:39: Created file watcher for path C:\Users\bilay\.config\yasb
2025-04-09 19:16:09 DEBUG _windows.py:213: Starting (proactor: <_IocpProactor overlapped#=0 result#=0>)...
2025-04-09 19:16:09 DEBUG _windows.py:192: Thread started
2025-04-09 19:16:09 INFO event_listener.py:118: Komorebi connected to named pipe: yasb-f25cba36-155d-11f0-8b08-58cdc9ee9bc0
2025-04-09 20:22:38 INFO bar.py:100: Screen geometry changed. Updating position for bar (status-bar_EA232WMi_063cdacb)
2025-04-09 20:22:38 INFO app_bar.py:103: Bar Created on Screen: EA232WMi [Bar Height: 50px, DPI Scale: 1.0, Scale Screen: True, Screen Geometry: X: 0, Y: 0, Screen Width: 640, Screen Height: 480]
2025-04-09 20:22:39 INFO bar.py:100: Screen geometry changed. Updating position for bar (status-bar_EA232WMi_063cdacb)
2025-04-09 20:22:39 INFO app_bar.py:103: Bar Created on Screen: EA232WMi [Bar Height: 50px, DPI Scale: 1.0, Scale Screen: True, Screen Geometry: X: 0, Y: 0, Screen Width: 1920, Screen Height: 1080]
2025-04-09 21:55:20 WARNING event_listener.py:83: Pipe has been ended: (109, 'PeekNamedPipe', 'The pipe has been ended.')
2025-04-09 21:55:20 INFO event_listener.py:93: Attempting to reconnect...
2025-04-10 18:42:08 INFO log.py:21: Yasb v1.6.8
2025-04-10 18:42:08 DEBUG win32.py:55: Looking up time zone info from registry
2025-04-10 18:42:09 DEBUG __init__.py:149: CoInitializeEx(None, 2)
2025-04-10 18:42:10 INFO app_bar.py:103: Bar Created on Screen: EA232WMi [Bar Height: 50px, DPI Scale: 1.0, Scale Screen: True, Screen Geometry: X: 0, Y: 0, Screen Width: 1920, Screen Height: 1080]
2025-04-10 18:42:10 INFO event_listener.py:52: Created named pipe yasb-5dc6da12-1622-11f0-8e0e-58cdc9ee9bc0
2025-04-10 18:42:10 INFO event_listener.py:106: Waiting for Komorebi to subscribe to named pipe yasb-5dc6da12-1622-11f0-8e0e-58cdc9ee9bc0
2025-04-10 18:42:10 INFO cli_client.py:39: YASB CLI Pipe server started
2025-04-10 18:42:10 INFO watcher.py:39: Created file watcher for path C:\Users\bilay\.config\yasb
2025-04-10 18:42:10 DEBUG _windows.py:213: Starting (proactor: <_IocpProactor overlapped#=0 result#=0>)...
2025-04-10 18:42:10 DEBUG _windows.py:192: Thread started
2025-04-10 18:42:10 INFO event_listener.py:118: Komorebi connected to named pipe: yasb-5dc6da12-1622-11f0-8e0e-58cdc9ee9bc0
2025-04-10 21:46:16 WARNING event_listener.py:83: Pipe has been ended: (109, 'PeekNamedPipe', 'The pipe has been ended.')
2025-04-10 21:46:16 INFO event_listener.py:93: Attempting to reconnect...
2025-04-11 18:32:07 INFO log.py:21: Yasb v1.6.8
2025-04-11 18:32:07 DEBUG win32.py:55: Looking up time zone info from registry
2025-04-11 18:32:08 DEBUG __init__.py:149: CoInitializeEx(None, 2)
2025-04-11 18:32:08 INFO app_bar.py:103: Bar Created on Screen: EA232WMi [Bar Height: 50px, DPI Scale: 1.0, Scale Screen: True, Screen Geometry: X: 0, Y: 0, Screen Width: 1920, Screen Height: 1080]
2025-04-11 18:32:09 INFO event_listener.py:52: Created named pipe yasb-21d4780e-16ea-11f0-8ed3-58cdc9ee9bc0
2025-04-11 18:32:09 INFO event_listener.py:106: Waiting for Komorebi to subscribe to named pipe yasb-21d4780e-16ea-11f0-8ed3-58cdc9ee9bc0
2025-04-11 18:32:09 INFO cli_client.py:39: YASB CLI Pipe server started
2025-04-11 18:32:09 INFO watcher.py:39: Created file watcher for path C:\Users\bilay\.config\yasb
2025-04-11 18:32:09 DEBUG _windows.py:213: Starting (proactor: <_IocpProactor overlapped#=0 result#=0>)...
2025-04-11 18:32:09 DEBUG _windows.py:192: Thread started
2025-04-11 18:32:09 INFO event_listener.py:118: Komorebi connected to named pipe: yasb-21d4780e-16ea-11f0-8ed3-58cdc9ee9bc0
2025-04-11 18:35:09 INFO bar.py:100: Screen geometry changed. Updating position for bar (status-bar_EA232WMi_a1f23a6c)
2025-04-11 18:35:09 INFO app_bar.py:103: Bar Created on Screen: EA232WMi [Bar Height: 50px, DPI Scale: 1.0, Scale Screen: True, Screen Geometry: X: 0, Y: 0, Screen Width: 800, Screen Height: 600]
2025-04-11 18:35:09 INFO bar.py:100: Screen geometry changed. Updating position for bar (status-bar_EA232WMi_a1f23a6c)
2025-04-11 18:35:09 INFO app_bar.py:103: Bar Created on Screen: EA232WMi [Bar Height: 50px, DPI Scale: 1.0, Scale Screen: True, Screen Geometry: X: 0, Y: 0, Screen Width: 1920, Screen Height: 1080]
2025-04-11 22:00:10 WARNING event_listener.py:83: Pipe has been ended: (109, 'PeekNamedPipe', 'The pipe has been ended.')
2025-04-11 22:00:10 INFO event_listener.py:93: Attempting to reconnect...
2025-04-12 16:47:50 INFO log.py:21: Yasb v1.6.8
2025-04-12 16:47:51 DEBUG win32.py:55: Looking up time zone info from registry
2025-04-12 16:47:52 DEBUG __init__.py:149: CoInitializeEx(None, 2)
2025-04-12 16:47:52 INFO app_bar.py:103: Bar Created on Screen: EA232WMi [Bar Height: 50px, DPI Scale: 1.0, Scale Screen: True, Screen Geometry: X: 0, Y: 0, Screen Width: 1920, Screen Height: 1080]
2025-04-12 16:47:53 INFO event_listener.py:52: Created named pipe yasb-bb4b7bd0-17a4-11f0-a7b6-58cdc9ee9bc0
2025-04-12 16:47:53 INFO event_listener.py:106: Waiting for Komorebi to subscribe to named pipe yasb-bb4b7bd0-17a4-11f0-a7b6-58cdc9ee9bc0
2025-04-12 16:47:53 INFO cli_client.py:39: YASB CLI Pipe server started
2025-04-12 16:47:53 INFO watcher.py:39: Created file watcher for path C:\Users\bilay\.config\yasb
2025-04-12 16:47:53 DEBUG _windows.py:213: Starting (proactor: <_IocpProactor overlapped#=0 result#=0>)...
2025-04-12 16:47:53 DEBUG _windows.py:192: Thread started
2025-04-12 16:47:53 INFO event_listener.py:118: Komorebi connected to named pipe: yasb-bb4b7bd0-17a4-11f0-a7b6-58cdc9ee9bc0
2025-04-12 16:52:46 INFO bar.py:100: Screen geometry changed. Updating position for bar (status-bar_EA232WMi_42ddff82)
2025-04-12 16:52:46 INFO app_bar.py:103: Bar Created on Screen: EA232WMi [Bar Height: 50px, DPI Scale: 1.0, Scale Screen: True, Screen Geometry: X: 0, Y: 0, Screen Width: 1280, Screen Height: 720]
2025-04-12 16:52:47 INFO bar.py:100: Screen geometry changed. Updating position for bar (status-bar_EA232WMi_42ddff82)
2025-04-12 16:52:47 INFO app_bar.py:103: Bar Created on Screen: EA232WMi [Bar Height: 50px, DPI Scale: 1.0, Scale Screen: True, Screen Geometry: X: 0, Y: 0, Screen Width: 1920, Screen Height: 1080]
2025-04-12 20:19:42 INFO bar.py:100: Screen geometry changed. Updating position for bar (status-bar_EA232WMi_42ddff82)
2025-04-12 20:19:42 INFO app_bar.py:103: Bar Created on Screen: EA232WMi [Bar Height: 50px, DPI Scale: 1.0, Scale Screen: True, Screen Geometry: X: 0, Y: 0, Screen Width: 1280, Screen Height: 720]
2025-04-12 20:19:43 INFO bar.py:100: Screen geometry changed. Updating position for bar (status-bar_EA232WMi_42ddff82)
2025-04-12 20:19:43 INFO app_bar.py:103: Bar Created on Screen: EA232WMi [Bar Height: 50px, DPI Scale: 1.0, Scale Screen: True, Screen Geometry: X: 0, Y: 0, Screen Width: 1920, Screen Height: 1080]
2025-04-12 21:48:34 WARNING event_listener.py:83: Pipe has been ended: (109, 'PeekNamedPipe', 'The pipe has been ended.')
2025-04-12 21:48:34 INFO event_listener.py:93: Attempting to reconnect...
2025-04-13 11:04:05 INFO log.py:21: Yasb v1.6.8
2025-04-13 11:04:05 DEBUG win32.py:55: Looking up time zone info from registry
2025-04-13 11:04:06 DEBUG __init__.py:149: CoInitializeEx(None, 2)
2025-04-13 11:04:06 INFO app_bar.py:103: Bar Created on Screen: EA232WMi [Bar Height: 50px, DPI Scale: 1.0, Scale Screen: True, Screen Geometry: X: 0, Y: 0, Screen Width: 1920, Screen Height: 1080]
2025-04-13 11:04:07 INFO event_listener.py:52: Created named pipe yasb-dfd4cae4-183d-11f0-9ed8-58cdc9ee9bc0
2025-04-13 11:04:07 INFO event_listener.py:106: Waiting for Komorebi to subscribe to named pipe yasb-dfd4cae4-183d-11f0-9ed8-58cdc9ee9bc0
2025-04-13 11:04:07 INFO cli_client.py:39: YASB CLI Pipe server started
2025-04-13 11:04:07 INFO watcher.py:39: Created file watcher for path C:\Users\bilay\.config\yasb
2025-04-13 11:04:07 DEBUG _windows.py:213: Starting (proactor: <_IocpProactor overlapped#=0 result#=0>)...
2025-04-13 11:04:07 DEBUG _windows.py:192: Thread started
2025-04-13 11:04:07 INFO event_listener.py:118: Komorebi connected to named pipe: yasb-dfd4cae4-183d-11f0-9ed8-58cdc9ee9bc0
2025-04-13 11:25:19 INFO bar.py:100: Screen geometry changed. Updating position for bar (status-bar_EA232WMi_e4495951)
2025-04-13 11:25:19 INFO app_bar.py:103: Bar Created on Screen: EA232WMi [Bar Height: 50px, DPI Scale: 1.0, Scale Screen: True, Screen Geometry: X: 0, Y: 0, Screen Width: 1280, Screen Height: 720]
2025-04-13 11:25:19 INFO bar.py:100: Screen geometry changed. Updating position for bar (status-bar_EA232WMi_e4495951)
2025-04-13 11:25:20 INFO app_bar.py:103: Bar Created on Screen: EA232WMi [Bar Height: 50px, DPI Scale: 1.0, Scale Screen: True, Screen Geometry: X: 0, Y: 0, Screen Width: 1920, Screen Height: 1080]
2025-04-13 13:02:22 WARNING event_listener.py:83: Pipe has been ended: (109, 'PeekNamedPipe', 'The pipe has been ended.')
2025-04-13 13:02:22 INFO event_listener.py:93: Attempting to reconnect...
2025-04-13 20:12:42 INFO log.py:21: Yasb v1.6.8
2025-04-13 20:12:42 DEBUG win32.py:55: Looking up time zone info from registry
2025-04-13 20:12:44 DEBUG __init__.py:149: CoInitializeEx(None, 2)
2025-04-13 20:12:44 INFO app_bar.py:103: Bar Created on Screen: EA232WMi [Bar Height: 50px, DPI Scale: 1.0, Scale Screen: True, Screen Geometry: X: 0, Y: 0, Screen Width: 1920, Screen Height: 1080]
2025-04-13 20:12:45 INFO event_listener.py:52: Created named pipe yasb-843675f6-188a-11f0-a5b9-58cdc9ee9bc0
2025-04-13 20:12:45 INFO event_listener.py:106: Waiting for Komorebi to subscribe to named pipe yasb-843675f6-188a-11f0-a5b9-58cdc9ee9bc0
2025-04-13 20:12:45 INFO cli_client.py:39: YASB CLI Pipe server started
2025-04-13 20:12:45 INFO watcher.py:39: Created file watcher for path C:\Users\bilay\.config\yasb
2025-04-13 20:12:45 DEBUG _windows.py:213: Starting (proactor: <_IocpProactor overlapped#=0 result#=0>)...
2025-04-13 20:12:45 DEBUG _windows.py:192: Thread started
2025-04-13 20:12:45 INFO event_listener.py:118: Komorebi connected to named pipe: yasb-843675f6-188a-11f0-a5b9-58cdc9ee9bc0
2025-04-13 20:13:43 INFO log.py:21: Yasb v1.6.8
2025-04-13 20:13:43 ERROR main.py:83: Another instance of the YASB is already running.
2025-04-13 22:11:51 WARNING event_listener.py:83: Pipe has been ended: (109, 'PeekNamedPipe', 'The pipe has been ended.')
2025-04-13 22:11:51 INFO event_listener.py:93: Attempting to reconnect...
2025-04-14 17:24:06 INFO log.py:21: Yasb v1.6.8
2025-04-14 17:24:06 DEBUG win32.py:55: Looking up time zone info from registry
2025-04-14 17:24:08 DEBUG __init__.py:149: CoInitializeEx(None, 2)
2025-04-14 17:24:08 INFO app_bar.py:103: Bar Created on Screen: EA232WMi [Bar Height: 50px, DPI Scale: 1.0, Scale Screen: True, Screen Geometry: X: 0, Y: 0, Screen Width: 1920, Screen Height: 1080]
2025-04-14 17:24:08 INFO event_listener.py:52: Created named pipe yasb-20e44565-193c-11f0-a5d7-58cdc9ee9bc0
2025-04-14 17:24:08 INFO event_listener.py:106: Waiting for Komorebi to subscribe to named pipe yasb-20e44565-193c-11f0-a5d7-58cdc9ee9bc0
2025-04-14 17:24:08 INFO cli_client.py:39: YASB CLI Pipe server started
2025-04-14 17:24:08 INFO watcher.py:39: Created file watcher for path C:\Users\bilay\.config\yasb
2025-04-14 17:24:08 DEBUG _windows.py:213: Starting (proactor: <_IocpProactor overlapped#=0 result#=0>)...
2025-04-14 17:24:08 DEBUG _windows.py:192: Thread started
2025-04-14 17:24:09 INFO event_listener.py:118: Komorebi connected to named pipe: yasb-20e44565-193c-11f0-a5d7-58cdc9ee9bc0
2025-04-14 19:45:51 INFO log.py:21: Yasb v1.6.8
2025-04-14 19:45:51 ERROR main.py:83: Another instance of the YASB is already running.
2025-04-14 19:59:39 INFO log.py:21: Yasb v1.6.8
2025-04-14 19:59:39 ERROR main.py:83: Another instance of the YASB is already running.
2025-04-14 20:00:19 INFO log.py:21: Yasb v1.6.8
2025-04-14 20:00:19 ERROR main.py:83: Another instance of the YASB is already running.
2025-04-14 20:00:25 INFO log.py:21: Yasb v1.6.8
2025-04-14 20:00:25 ERROR main.py:83: Another instance of the YASB is already running.
2025-04-14 20:03:15 WARNING event_listener.py:83: Pipe has been ended: (109, 'PeekNamedPipe', 'The pipe has been ended.')
2025-04-14 20:03:15 INFO event_listener.py:93: Attempting to reconnect...
2025-04-14 20:03:20 INFO event_listener.py:52: Created named pipe yasb-20e44565-193c-11f0-a5d7-58cdc9ee9bc0
2025-04-14 20:03:20 INFO event_listener.py:106: Waiting for Komorebi to subscribe to named pipe yasb-20e44565-193c-11f0-a5d7-58cdc9ee9bc0
2025-04-14 20:03:20 WARNING event_listener.py:111: Komorebi failed to subscribe named pipe. Waiting for subscription...
2025-04-14 20:03:30 INFO event_listener.py:118: Komorebi connected to named pipe: yasb-20e44565-193c-11f0-a5d7-58cdc9ee9bc0
2025-04-14 21:15:20 INFO log.py:21: Yasb v1.6.8
2025-04-14 21:15:20 ERROR main.py:83: Another instance of the YASB is already running.
2025-04-14 21:15:30 INFO log.py:21: Yasb v1.6.8
2025-04-14 21:15:30 ERROR main.py:83: Another instance of the YASB is already running.
2025-04-15 20:08:58 INFO log.py:21: Yasb v1.6.8
2025-04-15 20:08:58 DEBUG win32.py:55: Looking up time zone info from registry
2025-04-15 20:09:00 DEBUG __init__.py:149: CoInitializeEx(None, 2)
2025-04-15 20:09:00 INFO app_bar.py:103: Bar Created on Screen: EA232WMi [Bar Height: 50px, DPI Scale: 1.0, Scale Screen: True, Screen Geometry: X: 0, Y: 0, Screen Width: 1920, Screen Height: 1080]
2025-04-15 20:09:01 INFO event_listener.py:52: Created named pipe yasb-539cdca1-1a1c-11f0-9f75-58cdc9ee9bc0
2025-04-15 20:09:01 INFO event_listener.py:106: Waiting for Komorebi to subscribe to named pipe yasb-539cdca1-1a1c-11f0-9f75-58cdc9ee9bc0
2025-04-15 20:09:01 INFO cli_client.py:39: YASB CLI Pipe server started
2025-04-15 20:09:01 INFO watcher.py:39: Created file watcher for path C:\Users\bilay\.config\yasb
2025-04-15 20:09:01 INFO event_listener.py:118: Komorebi connected to named pipe: yasb-539cdca1-1a1c-11f0-9f75-58cdc9ee9bc0
2025-04-15 20:09:01 DEBUG _windows.py:213: Starting (proactor: <_IocpProactor overlapped#=0 result#=0>)...
2025-04-15 20:09:01 DEBUG _windows.py:192: Thread started
2025-04-15 21:47:45 WARNING event_listener.py:83: Pipe has been ended: (109, 'PeekNamedPipe', 'The pipe has been ended.')
2025-04-15 21:47:45 INFO event_listener.py:93: Attempting to reconnect...
2025-04-16 19:07:36 INFO log.py:21: Yasb v1.6.8
2025-04-16 19:07:37 DEBUG win32.py:55: Looking up time zone info from registry
2025-04-16 19:07:38 DEBUG __init__.py:149: CoInitializeEx(None, 2)
2025-04-16 19:07:38 INFO app_bar.py:103: Bar Created on Screen: EA232WMi [Bar Height: 50px, DPI Scale: 1.0, Scale Screen: True, Screen Geometry: X: 0, Y: 0, Screen Width: 1920, Screen Height: 1080]
2025-04-16 19:07:39 INFO event_listener.py:52: Created named pipe yasb-eb8df96d-1adc-11f0-ad11-58cdc9ee9bc0
2025-04-16 19:07:39 INFO event_listener.py:106: Waiting for Komorebi to subscribe to named pipe yasb-eb8df96d-1adc-11f0-ad11-58cdc9ee9bc0
2025-04-16 19:07:39 INFO cli_client.py:39: YASB CLI Pipe server started
2025-04-16 19:07:39 INFO watcher.py:39: Created file watcher for path C:\Users\bilay\.config\yasb
2025-04-16 19:07:39 DEBUG _windows.py:213: Starting (proactor: <_IocpProactor overlapped#=0 result#=0>)...
2025-04-16 19:07:39 DEBUG _windows.py:192: Thread started
2025-04-16 19:07:39 INFO event_listener.py:118: Komorebi connected to named pipe: yasb-eb8df96d-1adc-11f0-ad11-58cdc9ee9bc0
2025-04-16 21:57:07 WARNING event_listener.py:83: Pipe has been ended: (109, 'PeekNamedPipe', 'The pipe has been ended.')
2025-04-16 21:57:07 INFO event_listener.py:93: Attempting to reconnect...
2025-04-17 18:24:23 INFO log.py:21: Yasb v1.6.8
2025-04-17 18:24:23 DEBUG win32.py:55: Looking up time zone info from registry
2025-04-17 18:24:25 DEBUG __init__.py:149: CoInitializeEx(None, 2)
2025-04-17 18:24:25 INFO app_bar.py:103: Bar Created on Screen: EA232WMi [Bar Height: 50px, DPI Scale: 1.0, Scale Screen: True, Screen Geometry: X: 0, Y: 0, Screen Width: 1920, Screen Height: 1080]
2025-04-17 18:24:26 INFO event_listener.py:52: Created named pipe yasb-0c2b77bd-1ba0-11f0-8dab-58cdc9ee9bc0
2025-04-17 18:24:26 INFO event_listener.py:106: Waiting for Komorebi to subscribe to named pipe yasb-0c2b77bd-1ba0-11f0-8dab-58cdc9ee9bc0
2025-04-17 18:24:26 INFO cli_client.py:39: YASB CLI Pipe server started
2025-04-17 18:24:26 INFO watcher.py:39: Created file watcher for path C:\Users\bilay\.config\yasb
2025-04-17 18:24:26 DEBUG _windows.py:213: Starting (proactor: <_IocpProactor overlapped#=0 result#=0>)...
2025-04-17 18:24:26 DEBUG _windows.py:192: Thread started
2025-04-17 18:24:26 INFO event_listener.py:118: Komorebi connected to named pipe: yasb-0c2b77bd-1ba0-11f0-8dab-58cdc9ee9bc0
2025-04-17 19:21:15 INFO bar.py:100: Screen geometry changed. Updating position for bar (status-bar_EA232WMi_cfed3ef2)
2025-04-17 19:21:15 INFO app_bar.py:103: Bar Created on Screen: EA232WMi [Bar Height: 50px, DPI Scale: 1.0, Scale Screen: True, Screen Geometry: X: 0, Y: 0, Screen Width: 800, Screen Height: 600]
2025-04-17 19:21:15 INFO bar.py:100: Screen geometry changed. Updating position for bar (status-bar_EA232WMi_cfed3ef2)
2025-04-17 19:21:16 INFO app_bar.py:103: Bar Created on Screen: EA232WMi [Bar Height: 50px, DPI Scale: 1.0, Scale Screen: True, Screen Geometry: X: 0, Y: 0, Screen Width: 1920, Screen Height: 1080]
2025-04-17 21:28:41 WARNING event_listener.py:83: Pipe has been ended: (109, 'PeekNamedPipe', 'The pipe has been ended.')
2025-04-17 21:28:41 INFO event_listener.py:93: Attempting to reconnect...
2025-04-18 18:50:32 INFO log.py:21: Yasb v1.6.8
2025-04-18 18:50:32 DEBUG win32.py:55: Looking up time zone info from registry
2025-04-18 18:50:34 DEBUG __init__.py:149: CoInitializeEx(None, 2)
2025-04-18 18:50:34 INFO app_bar.py:103: Bar Created on Screen: EA232WMi [Bar Height: 50px, DPI Scale: 1.0, Scale Screen: True, Screen Geometry: X: 0, Y: 0, Screen Width: 1920, Screen Height: 1080]
2025-04-18 18:50:35 INFO event_listener.py:52: Created named pipe yasb-ddc66497-1c6c-11f0-bd37-58cdc9ee9bc0
2025-04-18 18:50:35 INFO event_listener.py:106: Waiting for Komorebi to subscribe to named pipe yasb-ddc66497-1c6c-11f0-bd37-58cdc9ee9bc0
2025-04-18 18:50:35 INFO cli_client.py:39: YASB CLI Pipe server started
2025-04-18 18:50:35 INFO watcher.py:39: Created file watcher for path C:\Users\bilay\.config\yasb
2025-04-18 18:50:35 DEBUG _windows.py:213: Starting (proactor: <_IocpProactor overlapped#=0 result#=0>)...
2025-04-18 18:50:35 DEBUG _windows.py:192: Thread started
2025-04-18 18:50:35 INFO event_listener.py:118: Komorebi connected to named pipe: yasb-ddc66497-1c6c-11f0-bd37-58cdc9ee9bc0
2025-04-18 20:27:52 WARNING event_listener.py:83: Pipe has been ended: (109, 'PeekNamedPipe', 'The pipe has been ended.')
2025-04-18 20:27:52 INFO event_listener.py:93: Attempting to reconnect...
2025-04-18 20:27:57 INFO event_listener.py:52: Created named pipe yasb-ddc66497-1c6c-11f0-bd37-58cdc9ee9bc0
2025-04-18 20:27:57 INFO event_listener.py:106: Waiting for Komorebi to subscribe to named pipe yasb-ddc66497-1c6c-11f0-bd37-58cdc9ee9bc0
2025-04-18 20:27:57 WARNING event_listener.py:111: Komorebi failed to subscribe named pipe. Waiting for subscription...
2025-04-18 20:28:04 INFO log.py:21: Yasb v1.6.8
2025-04-18 20:28:04 ERROR main.py:83: Another instance of the YASB is already running.
2025-04-18 20:28:05 DEBUG win32.py:55: Looking up time zone info from registry
2025-04-18 20:28:06 DEBUG __init__.py:149: CoInitializeEx(None, 2)
2025-04-18 20:28:06 INFO app_bar.py:103: Bar Created on Screen: EA232WMi [Bar Height: 50px, DPI Scale: 1.0, Scale Screen: True, Screen Geometry: X: 0, Y: 0, Screen Width: 1920, Screen Height: 1080]
2025-04-18 20:28:06 INFO event_listener.py:52: Created named pipe yasb-7d943ac8-1c7a-11f0-b388-58cdc9ee9bc0
2025-04-18 20:28:06 INFO event_listener.py:106: Waiting for Komorebi to subscribe to named pipe yasb-7d943ac8-1c7a-11f0-b388-58cdc9ee9bc0
2025-04-18 20:28:06 INFO cli_client.py:39: YASB CLI Pipe server started
2025-04-18 20:28:06 INFO watcher.py:39: Created file watcher for path C:\Users\bilay\.config\yasb
2025-04-18 20:28:06 DEBUG _windows.py:213: Starting (proactor: <_IocpProactor overlapped#=0 result#=0>)...
2025-04-18 20:28:06 DEBUG _windows.py:192: Thread started
2025-04-18 20:28:06 INFO event_listener.py:118: Komorebi connected to named pipe: yasb-7d943ac8-1c7a-11f0-b388-58cdc9ee9bc0
2025-04-18 20:32:23 INFO bar.py:100: Screen geometry changed. Updating position for bar (status-bar_EA232WMi_8f144b0c)
2025-04-18 20:32:23 INFO app_bar.py:103: Bar Created on Screen: EA232WMi [Bar Height: 50px, DPI Scale: 1.0, Scale Screen: True, Screen Geometry: X: 0, Y: 0, Screen Width: 640, Screen Height: 480]
2025-04-18 20:32:24 INFO bar.py:100: Screen geometry changed. Updating position for bar (status-bar_EA232WMi_8f144b0c)
2025-04-18 20:32:24 INFO app_bar.py:103: Bar Created on Screen: EA232WMi [Bar Height: 50px, DPI Scale: 1.0, Scale Screen: True, Screen Geometry: X: 0, Y: 0, Screen Width: 1920, Screen Height: 1080]
2025-04-18 22:03:56 DEBUG _windows.py:218: Stopping worker thread...
2025-04-18 22:03:56 DEBUG _windows.py:201: Exiting thread
2025-04-18 22:03:56 DEBUG _windows.py:75: Closing
2025-04-18 22:50:46 INFO log.py:21: Yasb v1.6.9
2025-04-18 22:50:47 DEBUG win32.py:55: Looking up time zone info from registry
2025-04-18 22:50:48 DEBUG __init__.py:149: CoInitializeEx(None, 2)
2025-04-18 22:50:48 INFO event_listener.py:53: Created named pipe yasb-6d1be3de-1c8e-11f0-8a5b-58cdc9ee9bc0
2025-04-18 22:50:48 INFO watcher.py:39: Created file watcher for path C:\Users\bilay\.config\yasb
2025-04-18 22:50:49 INFO event_listener.py:125: Komorebi connected to named pipe: yasb-6d1be3de-1c8e-11f0-8a5b-58cdc9ee9bc0
2025-04-18 22:50:49 DEBUG _windows.py:213: Starting (proactor: <_IocpProactor overlapped#=0 result#=0>)...
2025-04-18 22:50:49 DEBUG _windows.py:192: Thread started
2025-04-18 22:50:51 DEBUG _windows.py:218: Stopping worker thread...
2025-04-18 22:50:51 DEBUG _windows.py:201: Exiting thread
2025-04-18 22:50:51 DEBUG _windows.py:75: Closing
2025-04-19 10:08:28 INFO log.py:21: Yasb v1.6.9
2025-04-19 10:08:28 DEBUG win32.py:55: Looking up time zone info from registry
2025-04-19 10:08:30 DEBUG __init__.py:149: CoInitializeEx(None, 2)
2025-04-19 10:08:30 INFO watcher.py:39: Created file watcher for path C:\Users\bilay\.config\yasb
2025-04-19 10:08:30 INFO event_listener.py:53: Created named pipe yasb-1985935e-1ced-11f0-ae48-58cdc9ee9bc0
2025-04-19 10:08:31 INFO event_listener.py:125: Komorebi connected to named pipe: yasb-1985935e-1ced-11f0-ae48-58cdc9ee9bc0
2025-04-19 10:08:31 DEBUG _windows.py:213: Starting (proactor: <_IocpProactor overlapped#=0 result#=0>)...
2025-04-19 10:08:31 DEBUG _windows.py:192: Thread started
2025-04-19 10:08:31 ERROR client.py:44: Komorebi state query timed out in 0.5 seconds
2025-04-19 10:08:31 ERROR event_listener.py:129: Failed to retrieve komorebi state before starting event listener: None returned. Retrying in 1 second... Is komorebi online and its binaries added to $PATH?
2025-04-19 10:31:11 INFO bar.py:99: Screen geometry changed. Updating position for bar (status-bar_EA232WMi_07ad89e4)
2025-04-19 10:31:11 INFO bar.py:99: Screen geometry changed. Updating position for bar (status-bar_EA232WMi_07ad89e4)
2025-04-19 15:11:01 INFO bar.py:99: Screen geometry changed. Updating position for bar (status-bar_EA232WMi_07ad89e4)
2025-04-19 15:11:01 INFO bar.py:99: Screen geometry changed. Updating position for bar (status-bar_EA232WMi_07ad89e4)
2025-04-19 17:58:14 WARNING event_listener.py:84: Pipe has been ended: (109, 'PeekNamedPipe', 'The pipe has been ended.')
2025-04-19 17:58:14 INFO event_listener.py:94: Attempting to reconnect to Komorebi...
2025-04-20 08:36:13 INFO log.py:21: Yasb v1.6.9
2025-04-20 08:36:13 DEBUG win32.py:55: Looking up time zone info from registry
2025-04-20 08:36:15 DEBUG __init__.py:149: CoInitializeEx(None, 2)
2025-04-20 08:36:16 INFO event_listener.py:53: Created named pipe yasb-60e22dd3-1da9-11f0-af05-58cdc9ee9bc0
2025-04-20 08:36:16 INFO watcher.py:39: Created file watcher for path C:\Users\bilay\.config\yasb
2025-04-20 08:36:16 DEBUG _windows.py:213: Starting (proactor: <_IocpProactor overlapped#=0 result#=0>)...
2025-04-20 08:36:16 INFO event_listener.py:125: Komorebi connected to named pipe: yasb-60e22dd3-1da9-11f0-af05-58cdc9ee9bc0
2025-04-20 08:36:16 DEBUG _windows.py:192: Thread started
2025-04-20 08:36:16 ERROR client.py:44: Komorebi state query timed out in 0.5 seconds
2025-04-20 08:36:16 ERROR event_listener.py:129: Failed to retrieve komorebi state before starting event listener: None returned. Retrying in 1 second... Is komorebi online and its binaries added to $PATH?
2025-04-20 09:13:06 INFO bar.py:99: Screen geometry changed. Updating position for bar (status-bar_EA232WMi_e4d3edec)
2025-04-20 09:13:07 INFO bar.py:99: Screen geometry changed. Updating position for bar (status-bar_EA232WMi_e4d3edec)
2025-04-20 10:53:41 WARNING event_listener.py:84: Pipe has been ended: (109, 'PeekNamedPipe', 'The pipe has been ended.')
2025-04-20 10:53:41 INFO event_listener.py:94: Attempting to reconnect to Komorebi...
2025-04-20 20:40:59 INFO log.py:21: Yasb v1.6.9
2025-04-20 20:40:59 DEBUG win32.py:55: Looking up time zone info from registry
2025-04-20 20:41:01 DEBUG __init__.py:149: CoInitializeEx(None, 2)
2025-04-20 20:41:02 INFO watcher.py:39: Created file watcher for path C:\Users\bilay\.config\yasb
2025-04-20 20:41:02 INFO event_listener.py:53: Created named pipe yasb-a0df2463-1e0e-11f0-8f3c-58cdc9ee9bc0
2025-04-20 20:41:02 DEBUG _windows.py:213: Starting (proactor: <_IocpProactor overlapped#=0 result#=0>)...
2025-04-20 20:41:02 DEBUG _windows.py:192: Thread started
2025-04-20 20:41:02 INFO event_listener.py:125: Komorebi connected to named pipe: yasb-a0df2463-1e0e-11f0-8f3c-58cdc9ee9bc0
2025-04-20 21:18:46 INFO bar.py:99: Screen geometry changed. Updating position for bar (status-bar_EA232WMi_c7e858fa)
2025-04-20 21:18:46 INFO bar.py:99: Screen geometry changed. Updating position for bar (status-bar_EA232WMi_c7e858fa)
2025-04-20 22:23:06 WARNING event_listener.py:84: Pipe has been ended: (109, 'PeekNamedPipe', 'The pipe has been ended.')
2025-04-20 22:23:06 INFO event_listener.py:94: Attempting to reconnect to Komorebi...
2025-04-22 19:44:46 INFO log.py:21: Yasb v1.6.9
2025-04-22 19:44:46 DEBUG win32.py:55: Looking up time zone info from registry
2025-04-22 19:44:48 DEBUG __init__.py:149: CoInitializeEx(None, 2)
2025-04-22 19:44:48 INFO watcher.py:39: Created file watcher for path C:\Users\bilay\.config\yasb
2025-04-22 19:44:48 INFO event_listener.py:53: Created named pipe yasb-1add2cf9-1f99-11f0-963f-58cdc9ee9bc0
2025-04-22 19:44:49 INFO event_listener.py:125: Komorebi connected to named pipe: yasb-1add2cf9-1f99-11f0-963f-58cdc9ee9bc0
2025-04-22 19:44:49 DEBUG _windows.py:213: Starting (proactor: <_IocpProactor overlapped#=0 result#=0>)...
2025-04-22 19:44:49 DEBUG _windows.py:192: Thread started
2025-04-22 20:46:15 INFO bar.py:99: Screen geometry changed. Updating position for bar (status-bar_EA232WMi_c745b074)
2025-04-22 20:46:15 INFO bar.py:99: Screen geometry changed. Updating position for bar (status-bar_EA232WMi_c745b074)
2025-04-22 21:43:30 WARNING event_listener.py:84: Pipe has been ended: (109, 'PeekNamedPipe', 'The pipe has been ended.')
2025-04-22 21:43:30 INFO event_listener.py:94: Attempting to reconnect to Komorebi...
2025-04-23 19:18:05 INFO log.py:21: Yasb v1.6.9
2025-04-23 19:18:05 DEBUG win32.py:55: Looking up time zone info from registry
2025-04-23 19:18:07 DEBUG __init__.py:149: CoInitializeEx(None, 2)
2025-04-23 19:18:08 INFO watcher.py:39: Created file watcher for path C:\Users\bilay\.config\yasb
2025-04-23 19:18:08 INFO event_listener.py:53: Created named pipe yasb-8b0a58fb-205e-11f0-9a24-58cdc9ee9bc0
2025-04-23 19:18:08 DEBUG _windows.py:213: Starting (proactor: <_IocpProactor overlapped#=0 result#=0>)...
2025-04-23 19:18:08 INFO event_listener.py:125: Komorebi connected to named pipe: yasb-8b0a58fb-205e-11f0-9a24-58cdc9ee9bc0
2025-04-23 19:18:08 DEBUG _windows.py:192: Thread started
2025-04-23 19:18:08 ERROR client.py:44: Komorebi state query timed out in 0.5 seconds
2025-04-23 19:18:08 ERROR event_listener.py:129: Failed to retrieve komorebi state before starting event listener: None returned. Retrying in 1 second... Is komorebi online and its binaries added to $PATH?
2025-04-23 21:58:25 WARNING event_listener.py:84: Pipe has been ended: (109, 'PeekNamedPipe', 'The pipe has been ended.')
2025-04-23 21:58:25 INFO event_listener.py:94: Attempting to reconnect to Komorebi...
2025-04-24 19:40:00 INFO log.py:21: Yasb v1.6.9
2025-04-24 19:40:01 DEBUG win32.py:55: Looking up time zone info from registry
2025-04-24 19:40:02 DEBUG __init__.py:149: CoInitializeEx(None, 2)
2025-04-24 19:40:03 INFO event_listener.py:53: Created named pipe yasb-c5cd127d-212a-11f0-bc0a-58cdc9ee9bc0
2025-04-24 19:40:03 INFO watcher.py:39: Created file watcher for path C:\Users\bilay\.config\yasb
2025-04-24 19:40:04 INFO event_listener.py:125: Komorebi connected to named pipe: yasb-c5cd127d-212a-11f0-bc0a-58cdc9ee9bc0
2025-04-24 19:40:04 DEBUG _windows.py:213: Starting (proactor: <_IocpProactor overlapped#=0 result#=0>)...
2025-04-24 19:40:04 DEBUG _windows.py:192: Thread started
2025-04-24 21:29:52 WARNING event_listener.py:84: Pipe has been ended: (109, 'PeekNamedPipe', 'The pipe has been ended.')
2025-04-24 21:29:52 INFO event_listener.py:94: Attempting to reconnect to Komorebi...
2025-04-25 19:10:15 INFO log.py:21: Yasb v1.6.9
2025-04-25 19:10:15 DEBUG win32.py:55: Looking up time zone info from registry
2025-04-25 19:10:17 DEBUG __init__.py:149: CoInitializeEx(None, 2)
2025-04-25 19:10:18 INFO watcher.py:39: Created file watcher for path C:\Users\bilay\.config\yasb
2025-04-25 19:10:18 INFO event_listener.py:53: Created named pipe yasb-c7ef9bd1-21ef-11f0-8c9d-58cdc9ee9bc0
2025-04-25 19:10:18 DEBUG _windows.py:213: Starting (proactor: <_IocpProactor overlapped#=0 result#=0>)...
2025-04-25 19:10:18 DEBUG _windows.py:192: Thread started
2025-04-25 19:10:18 INFO event_listener.py:125: Komorebi connected to named pipe: yasb-c7ef9bd1-21ef-11f0-8c9d-58cdc9ee9bc0
2025-04-25 21:43:33 WARNING event_listener.py:84: Pipe has been ended: (109, 'PeekNamedPipe', 'The pipe has been ended.')
2025-04-25 21:43:33 INFO event_listener.py:94: Attempting to reconnect to Komorebi...
2025-04-26 10:04:27 INFO log.py:21: Yasb v1.6.9
2025-04-26 10:04:28 DEBUG win32.py:55: Looking up time zone info from registry
2025-04-26 10:04:29 DEBUG __init__.py:149: CoInitializeEx(None, 2)
2025-04-26 10:04:30 INFO event_listener.py:53: Created named pipe yasb-b3138694-226c-11f0-aef7-58cdc9ee9bc0
2025-04-26 10:04:30 INFO watcher.py:39: Created file watcher for path C:\Users\bilay\.config\yasb
2025-04-26 10:04:30 DEBUG _windows.py:213: Starting (proactor: <_IocpProactor overlapped#=0 result#=0>)...
2025-04-26 10:04:30 INFO event_listener.py:125: Komorebi connected to named pipe: yasb-b3138694-226c-11f0-aef7-58cdc9ee9bc0
2025-04-26 10:04:30 DEBUG _windows.py:192: Thread started
2025-04-26 10:04:31 ERROR client.py:44: Komorebi state query timed out in 0.5 seconds
2025-04-26 10:04:31 ERROR event_listener.py:129: Failed to retrieve komorebi state before starting event listener: None returned. Retrying in 1 second... Is komorebi online and its binaries added to $PATH?
2025-04-26 11:27:07 INFO bar.py:99: Screen geometry changed. Updating position for bar (status-bar_EA232WMi_b96893d0)
2025-04-26 11:27:07 INFO bar.py:99: Screen geometry changed. Updating position for bar (status-bar_EA232WMi_b96893d0)
2025-04-26 15:27:04 INFO bar.py:99: Screen geometry changed. Updating position for bar (status-bar_EA232WMi_b96893d0)
2025-04-26 15:27:05 INFO bar.py:99: Screen geometry changed. Updating position for bar (status-bar_EA232WMi_b96893d0)
2025-04-26 15:31:10 WARNING event_listener.py:84: Pipe has been ended: (109, 'PeekNamedPipe', 'The pipe has been ended.')
2025-04-26 15:31:10 INFO event_listener.py:94: Attempting to reconnect to Komorebi...
2025-04-27 12:11:28 INFO log.py:21: Yasb v1.6.9
2025-04-27 12:11:28 DEBUG win32.py:55: Looking up time zone info from registry
2025-04-27 12:11:30 DEBUG __init__.py:149: CoInitializeEx(None, 2)
2025-04-27 12:11:31 INFO watcher.py:39: Created file watcher for path C:\Users\bilay\.config\yasb
2025-04-27 12:11:31 INFO event_listener.py:53: Created named pipe yasb-9bccd314-2347-11f0-9067-58cdc9ee9bc0
2025-04-27 12:11:31 DEBUG _windows.py:213: Starting (proactor: <_IocpProactor overlapped#=0 result#=0>)...
2025-04-27 12:11:31 DEBUG _windows.py:192: Thread started
2025-04-27 12:11:31 INFO event_listener.py:125: Komorebi connected to named pipe: yasb-9bccd314-2347-11f0-9067-58cdc9ee9bc0
2025-04-27 12:11:31 ERROR client.py:44: Komorebi state query timed out in 0.5 seconds
2025-04-27 12:11:31 ERROR event_listener.py:129: Failed to retrieve komorebi state before starting event listener: None returned. Retrying in 1 second... Is komorebi online and its binaries added to $PATH?
2025-04-27 15:16:25 WARNING event_listener.py:84: Pipe has been ended: (109, 'PeekNamedPipe', 'The pipe has been ended.')
2025-04-27 15:16:25 INFO event_listener.py:94: Attempting to reconnect to Komorebi...
2025-04-27 18:43:25 INFO log.py:21: Yasb v1.6.9
2025-04-27 18:43:25 DEBUG win32.py:55: Looking up time zone info from registry
2025-04-27 18:43:27 DEBUG __init__.py:149: CoInitializeEx(None, 2)
2025-04-27 18:43:28 INFO watcher.py:39: Created file watcher for path C:\Users\bilay\.config\yasb
2025-04-27 18:43:28 INFO event_listener.py:53: Created named pipe yasb-5cea70c4-237e-11f0-9c3c-58cdc9ee9bc0
2025-04-27 18:43:28 DEBUG _windows.py:213: Starting (proactor: <_IocpProactor overlapped#=0 result#=0>)...
2025-04-27 18:43:28 DEBUG _windows.py:192: Thread started
2025-04-27 18:43:28 INFO event_listener.py:125: Komorebi connected to named pipe: yasb-5cea70c4-237e-11f0-9c3c-58cdc9ee9bc0
2025-04-27 18:43:28 ERROR client.py:44: Komorebi state query timed out in 0.5 seconds
2025-04-27 18:43:28 ERROR event_listener.py:129: Failed to retrieve komorebi state before starting event listener: None returned. Retrying in 1 second... Is komorebi online and its binaries added to $PATH?
2025-04-27 19:06:12 INFO bar.py:99: Screen geometry changed. Updating position for bar (status-bar_EA232WMi_694b51f4)
2025-04-27 19:06:13 INFO bar.py:99: Screen geometry changed. Updating position for bar (status-bar_EA232WMi_694b51f4)
2025-04-27 21:30:48 WARNING event_listener.py:84: Pipe has been ended: (109, 'PeekNamedPipe', 'The pipe has been ended.')
2025-04-27 21:30:48 INFO event_listener.py:94: Attempting to reconnect to Komorebi...
2025-04-28 14:04:48 INFO log.py:21: Yasb v1.6.9
2025-04-28 14:04:49 DEBUG win32.py:55: Looking up time zone info from registry
2025-04-28 14:04:50 DEBUG __init__.py:149: CoInitializeEx(None, 2)
2025-04-28 14:04:51 INFO watcher.py:39: Created file watcher for path C:\Users\bilay\.config\yasb
2025-04-28 14:04:51 INFO event_listener.py:53: Created named pipe yasb-9bad78d4-2420-11f0-b77a-58cdc9ee9bc0
2025-04-28 14:04:51 DEBUG _windows.py:213: Starting (proactor: <_IocpProactor overlapped#=0 result#=0>)...
2025-04-28 14:04:51 DEBUG _windows.py:192: Thread started
2025-04-28 14:04:51 INFO event_listener.py:125: Komorebi connected to named pipe: yasb-9bad78d4-2420-11f0-b77a-58cdc9ee9bc0
2025-04-28 18:48:35 INFO bar.py:99: Screen geometry changed. Updating position for bar (status-bar_EA232WMi_fa3af426)
2025-04-28 18:48:36 INFO bar.py:99: Screen geometry changed. Updating position for bar (status-bar_EA232WMi_fa3af426)
2025-04-28 21:38:48 WARNING event_listener.py:84: Pipe has been ended: (109, 'PeekNamedPipe', 'The pipe has been ended.')
2025-04-28 21:38:48 INFO event_listener.py:94: Attempting to reconnect to Komorebi...
2025-04-29 17:53:10 INFO log.py:21: Yasb v1.6.9
2025-04-29 17:53:10 DEBUG win32.py:55: Looking up time zone info from registry
2025-04-29 17:53:12 DEBUG __init__.py:149: CoInitializeEx(None, 2)
2025-04-29 17:53:12 INFO watcher.py:39: Created file watcher for path C:\Users\bilay\.config\yasb
2025-04-29 17:53:12 INFO event_listener.py:53: Created named pipe yasb-ac91c809-2509-11f0-a224-58cdc9ee9bc0
2025-04-29 17:53:12 DEBUG _windows.py:213: Starting (proactor: <_IocpProactor overlapped#=0 result#=0>)...
2025-04-29 17:53:12 DEBUG _windows.py:192: Thread started
2025-04-29 17:53:13 INFO event_listener.py:125: Komorebi connected to named pipe: yasb-ac91c809-2509-11f0-a224-58cdc9ee9bc0
2025-04-29 20:25:34 INFO bar.py:99: Screen geometry changed. Updating position for bar (status-bar_EA232WMi_537e38a2)
2025-04-29 20:25:34 INFO bar.py:99: Screen geometry changed. Updating position for bar (status-bar_EA232WMi_537e38a2)
2025-04-29 21:19:11 WARNING event_listener.py:84: Pipe has been ended: (109, 'PeekNamedPipe', 'The pipe has been ended.')
2025-04-29 21:19:11 INFO event_listener.py:94: Attempting to reconnect to Komorebi...
2025-04-30 19:23:04 INFO log.py:21: Yasb v1.6.9
2025-04-30 19:23:04 DEBUG win32.py:55: Looking up time zone info from registry
2025-04-30 19:23:06 DEBUG __init__.py:149: CoInitializeEx(None, 2)
2025-04-30 19:23:07 INFO watcher.py:39: Created file watcher for path C:\Users\bilay\.config\yasb
2025-04-30 19:23:07 INFO event_listener.py:53: Created named pipe yasb-6651a8bf-25df-11f0-b908-58cdc9ee9bc0
2025-04-30 19:23:07 DEBUG _windows.py:213: Starting (proactor: <_IocpProactor overlapped#=0 result#=0>)...
2025-04-30 19:23:07 DEBUG _windows.py:192: Thread started
2025-04-30 19:23:07 INFO event_listener.py:125: Komorebi connected to named pipe: yasb-6651a8bf-25df-11f0-b908-58cdc9ee9bc0
2025-04-30 20:09:09 INFO controller.py:12: Reloading Application because of config update...
2025-04-30 20:09:09 DEBUG _windows.py:218: Stopping worker thread...
2025-04-30 20:09:09 DEBUG _windows.py:201: Exiting thread
2025-04-30 20:09:09 DEBUG _windows.py:75: Closing
2025-04-30 20:09:09 INFO log.py:21: Yasb v1.6.9
2025-04-30 20:09:09 INFO log.py:21: Yasb v1.6.9
2025-04-30 20:09:09 ERROR main.py:34: Another instance of the YASB is already running.
2025-04-30 20:09:10 DEBUG win32.py:55: Looking up time zone info from registry
2025-04-30 20:09:11 DEBUG __init__.py:149: CoInitializeEx(None, 2)
2025-04-30 20:09:12 INFO watcher.py:39: Created file watcher for path C:\Users\bilay\.config\yasb
2025-04-30 20:09:12 INFO event_listener.py:53: Created named pipe yasb-d6618569-25e5-11f0-ae89-58cdc9ee9bc0
2025-04-30 20:09:12 DEBUG _windows.py:213: Starting (proactor: <_IocpProactor overlapped#=0 result#=0>)...
2025-04-30 20:09:12 DEBUG _windows.py:192: Thread started
2025-04-30 20:09:12 INFO event_listener.py:125: Komorebi connected to named pipe: yasb-d6618569-25e5-11f0-ae89-58cdc9ee9bc0
2025-04-30 20:09:17 WARNING event_listener.py:84: Pipe has been ended: (109, 'PeekNamedPipe', 'The pipe has been ended.')
2025-04-30 20:09:17 INFO event_listener.py:94: Attempting to reconnect to Komorebi...
2025-04-30 20:09:20 INFO event_listener.py:53: Created named pipe yasb-d6618569-25e5-11f0-ae89-58cdc9ee9bc0
2025-04-30 20:09:36 INFO event_listener.py:125: Komorebi connected to named pipe: yasb-d6618569-25e5-11f0-ae89-58cdc9ee9bc0
2025-04-30 20:09:39 INFO log.py:21: Yasb v1.6.9
2025-04-30 20:09:39 ERROR main.py:34: Another instance of the YASB is already running.
2025-04-30 20:18:19 WARNING event_listener.py:84: Pipe has been ended: (109, 'PeekNamedPipe', 'The pipe has been ended.')
2025-04-30 20:18:19 INFO event_listener.py:94: Attempting to reconnect to Komorebi...
2025-04-30 20:23:24 INFO log.py:21: Yasb v1.6.9
2025-04-30 20:23:24 DEBUG win32.py:55: Looking up time zone info from registry
2025-04-30 20:23:26 DEBUG __init__.py:149: CoInitializeEx(None, 2)
2025-04-30 20:23:26 INFO watcher.py:39: Created file watcher for path C:\Users\bilay\.config\yasb
2025-04-30 20:23:26 INFO event_listener.py:53: Created named pipe yasb-d3a93053-25e7-11f0-b1e0-58cdc9ee9bc0
2025-04-30 20:23:26 DEBUG _windows.py:213: Starting (proactor: <_IocpProactor overlapped#=0 result#=0>)...
2025-04-30 20:23:26 DEBUG _windows.py:192: Thread started
2025-04-30 20:23:26 INFO event_listener.py:125: Komorebi connected to named pipe: yasb-d3a93053-25e7-11f0-b1e0-58cdc9ee9bc0
2025-04-30 21:41:23 WARNING event_listener.py:84: Pipe has been ended: (109, 'PeekNamedPipe', 'The pipe has been ended.')
2025-04-30 21:41:23 INFO event_listener.py:94: Attempting to reconnect to Komorebi...
2025-05-01 19:34:34 INFO log.py:21: Yasb v1.6.9
2025-05-01 19:34:34 DEBUG win32.py:55: Looking up time zone info from registry
2025-05-01 19:34:36 DEBUG __init__.py:149: CoInitializeEx(None, 2)
2025-05-01 19:34:36 INFO watcher.py:39: Created file watcher for path C:\Users\bilay\.config\yasb
2025-05-01 19:34:36 INFO event_listener.py:53: Created named pipe yasb-2bcf72ad-26aa-11f0-81be-58cdc9ee9bc0
2025-05-01 19:34:37 DEBUG _windows.py:213: Starting (proactor: <_IocpProactor overlapped#=0 result#=0>)...
2025-05-01 19:34:37 DEBUG _windows.py:192: Thread started
2025-05-01 19:34:37 INFO event_listener.py:125: Komorebi connected to named pipe: yasb-2bcf72ad-26aa-11f0-81be-58cdc9ee9bc0
2025-05-01 20:02:21 WARNING event_listener.py:84: Pipe has been ended: (109, 'PeekNamedPipe', 'The pipe has been ended.')
2025-05-01 20:02:21 INFO event_listener.py:94: Attempting to reconnect to Komorebi...
