17:04:22 [ERROR] EVENT_OBJECT_REORDER: Not enough quota is available to process this command. (0x80070718)
17:04:22 [ERROR] EVENT_OBJECT_REORDER: Not enough quota is available to process this command. (0x80070718)
17:04:22 [ERROR] EVENT_OBJECT_REORDER: Not enough quota is available to process this command. (0x80070718)
17:04:22 [ERROR] EVENT_OBJECT_REORDER: Not enough quota is available to process this command. (0x80070718)
17:04:22 [ERROR] EVENT_OBJECT_REORDER: Not enough quota is available to process this command. (0x80070718)
17:04:22 [ERROR] EVENT_OBJECT_REORDER: Not enough quota is available to process this command. (0x80070718)
17:04:22 [ERROR] EVENT_OBJECT_REORDER: Not enough quota is available to process this command. (0x80070718)
17:04:22 [ERROR] EVENT_OBJECT_REORDER: Not enough quota is available to process this command. (0x80070718)
17:04:22 [ERROR] EVENT_OBJECT_REORDER: Not enough quota is available to process this command. (0x80070718)
17:04:22 [ERROR] EVENT_OBJECT_REORDER: Not enough quota is available to process this command. (0x80070718)
17:04:22 [ERROR] EVENT_OBJECT_REORDER: Not enough quota is available to process this command. (0x80070718)
17:04:22 [ERROR] EVENT_OBJECT_REORDER: Not enough quota is available to process this command. (0x80070718)
17:04:22 [ERROR] EVENT_OBJECT_REORDER: Not enough quota is available to process this command. (0x80070718)
17:04:22 [ERROR] EVENT_OBJECT_REORDER: Not enough quota is available to process this command. (0x80070718)
17:04:22 [ERROR] EVENT_OBJECT_REORDER: Not enough quota is available to process this command. (0x80070718)
17:04:22 [ERROR] EVENT_OBJECT_REORDER: Not enough quota is available to process this command. (0x80070718)
17:04:22 [ERROR] EVENT_OBJECT_REORDER: Not enough quota is available to process this command. (0x80070718)
17:04:22 [ERROR] EVENT_OBJECT_REORDER: Not enough quota is available to process this command. (0x80070718)
17:04:22 [ERROR] EVENT_OBJECT_REORDER: Not enough quota is available to process this command. (0x80070718)
17:04:22 [ERROR] EVENT_OBJECT_REORDER: Not enough quota is available to process this command. (0x80070718)
17:04:22 [ERROR] EVENT_OBJECT_REORDER: Not enough quota is available to process this command. (0x80070718)
17:04:22 [ERROR] EVENT_OBJECT_REORDER: Not enough quota is available to process this command. (0x80070718)
17:04:22 [ERROR] EVENT_OBJECT_REORDER: Not enough quota is available to process this command. (0x80070718)
17:04:22 [ERROR] EVENT_OBJECT_REORDER: Not enough quota is available to process this command. (0x80070718)
17:04:22 [ERROR] EVENT_OBJECT_REORDER: Not enough quota is available to process this command. (0x80070718)
17:04:22 [ERROR] EVENT_OBJECT_REORDER: Not enough quota is available to process this command. (0x80070718)
17:04:22 [ERROR] EVENT_OBJECT_REORDER: Not enough quota is available to process this command. (0x80070718)
17:04:22 [ERROR] EVENT_OBJECT_REORDER: Not enough quota is available to process this command. (0x80070718)
17:04:22 [ERROR] EVENT_OBJECT_REORDER: Not enough quota is available to process this command. (0x80070718)
17:04:22 [ERROR] EVENT_OBJECT_REORDER: Not enough quota is available to process this command. (0x80070718)
17:04:22 [ERROR] EVENT_OBJECT_REORDER: Not enough quota is available to process this command. (0x80070718)
17:04:22 [ERROR] EVENT_OBJECT_REORDER: Not enough quota is available to process this command. (0x80070718)
17:04:22 [ERROR] EVENT_OBJECT_REORDER: Not enough quota is available to process this command. (0x80070718)
17:04:22 [ERROR] EVENT_OBJECT_REORDER: Not enough quota is available to process this command. (170x80070718:)0
4:22 [ERROR] EVENT_OBJECT_REORDER: Not enough quota is available to process this command. (0x80070718)
17:04:22 [ERROR] EVENT_OBJECT_REORDER: Not enough quota is available to process this command. (0x80070718)
17:04:22 [ERROR] EVENT_OBJECT_REORDER: Not enough quota is available to process this command. (0x80070718)
17:04:22 [ERROR] EVENT_OBJECT_REORDER: Not enough quota is available to process this command. (0x80070718)
17:04:22 [ERROR] EVENT_OBJECT_REORDER: Not enough quota is available to process this command. (0x80070718)
17:04:22 [ERROR] EVENT_OBJECT_REORDER: Not enough quota is available to process this command. (0x80070718)
17:04:22 [ERROR] EVENT_OBJECT_REORDER: Not enough quota is available to process this command. (0x80070718)
17:04:22 [ERROR] EVENT_OBJECT_REORDER: Not enough quota is available to process this command. (0x80070718)
17:04:22 [ERROR] EVENT_OBJECT_REORDER: Not enough quota is available to process this command. (0x80070718)
17:04:22 [ERROR] EVENT_OBJECT_REORDER: Not enough quota is available to process this command. (0x80070718)
17:04:22 [ERROR] EVENT_OBJECT_REORDER: Not enough quota is available to process this command. (0x80070718)
17:04:22 [ERROR] EVENT_OBJECT_REORDER: Not enough quota is available to process this command. (0x80070718)
17:04:22 [ERROR] EVENT_OBJECT_REORDER: Not enough quota is available to process this command. (0x80070718)
17:04:22 [ERROR] EVENT_OBJECT_REORDER: Not enough quota is available to process this command. (0x80070718)
17:04:22 [ERROR] EVENT_OBJECT_REORDER: Not enough quota is available to process this command. (0x80070718)
17:04:22 [ERROR] EVENT_OBJECT_REORDER: Not enough quota is available to process this command. (0x80070718)
17:04:22 [ERROR] EVENT_OBJECT_REORDER: Not enough quota is available to process this command. (0x80070718)
17:04:22 [ERROR] EVENT_OBJECT_REORDER: Not enough quota is available to process this command. (0x80070718)
17:04:22 [ERROR] EVENT_OBJECT_REORDER: Not enough quota is available to process this command. (0x80070718)
17:04:22 [ERROR] EVENT_OBJECT_REORDER: Not enough quota is available to process this command. (0x80070718)
17:04:22 [ERROR] EVENT_OBJECT_REORDER: Not enough quota is available to process this command. (0x80070718)
17:04:22 [ERROR] EVENT_OBJECT_REORDER: Not enough quota is available to process this command. (0x80070718)
17:04:22 [ERROR] EVENT_OBJECT_REORDER: Not enough quota is available to process this command. (0x80070718)
17:04:22 [ERROR] EVENT_OBJECT_REORDER: Not enough quota is available to process this command. (0x80070718)
17:04:22 [ERROR] EVENT_OBJECT_REORDER: Not enough quota is available to process this command. (0x80070718)
17:04:22 [ERROR] EVENT_OBJECT_REORDER: Not enough quota is available to process this command. (0x80070718)
17:04:22 [ERROR] EVENT_OBJECT_REORDER: Not enough quota is available to process this command. (0x80070718)
17:04:22 [ERROR] EVENT_OBJECT_REORDER: Not enough quota is available to process this command. (0x80070718)
17:04:22 [ERROR] EVENT_OBJECT_REORDER: Not enough quota is available to process this command. (0x80070718)
17:04:22 [ERROR] EVENT_OBJECT_REORDER: Not enough quota is available to process this command. (0x80070718)
17:04:22 [ERROR] EVENT_OBJECT_REORDER: Not enough quota is available to process this command. (0x80070718)
17:04:22 [ERROR] EVENT_OBJECT_REORDER: Not enough quota is available to process this command. (0x80070718)
17:04:22 [ERROR] EVENT_OBJECT_REORDER: Not enough quota is available to process this command. (0x80070718)
17:04:22 [ERROR] EVENT_OBJECT_REORDER: Not enough quota is available to process this command. (0x80070718)
17:04:22 [ERROR] EVENT_OBJECT_REORDER: Not enough quota is available to process this command. (0x80070718)
17:04:22 [ERROR] EVENT_OBJECT_REORDER: Not enough quota is available to process this command. (0x80070718)
17:04:22 [ERROR] EVENT_OBJECT_REORDER: Not enough quota is available to process this command. (0x80070718)
17:04:22 [ERROR] EVENT_OBJECT_REORDER: Not enough quota is available to process this command. (0x80070718)
17:04:22 [ERROR] EVENT_OBJECT_REORDER: Not enough quota is available to process this command. (0x80070718)
17:04:22 [ERROR] EVENT_OBJECT_REORDER: Not enough quota is available to process this command. (0x80070718)
17:04:22 [ERROR] EVENT_OBJECT_REORDER: Not enough quota is available to process this command. (0x80070718)
17:04:22 [ERROR] EVENT_OBJECT_REORDER: Not enough quota is available to process this command. (0x80070718)
17:04:22 [ERROR] EVENT_OBJECT_REORDER: Not enough quota is available to process this command. (0x80070718)
17:04:22 [ERROR] EVENT_OBJECT_REORDER: Not enough quota is available to process this command. (0x80070718)
17:04:22 [ERROR] EVENT_OBJECT_REORDER: Not enough quota is available to process this command. (0x80070718)
17:04:22 [ERROR] EVENT_OBJECT_REORDER: Not enough quota is available to process this command. (0x80070718)
17:04:22 [ERROR] EVENT_OBJECT_REORDER: Not enough quota is available to process this command. (0x80070718)
17:0174::0224 :22[ERROR]  [ERROR] EVENT_OBJECT_REORDEREVENT_OBJECT_REORDER17: : :Not enough quota is available to process this command.Not enough quota is available to process this command.0 ( (40x0x:800707188007071822)) 

[ERROR] EVENT_OBJECT_REORDER: Not enough quota is available to process this command. (0x80070718)
17:04:22 [ERROR] EVENT_OBJECT_REORDER: Not enough quota is available to process this command. (0x8007071817):0
4:22 [ERROR] EVENT_OBJECT_REORDER: Not enough quota is available to process this command. (0x80070718)
17:04:22 [ERROR] EVENT_OBJECT_REORDER: Not enough quota is available to process this command. (0x80070718)
17:04:22 [ERROR] EVENT_OBJECT_REORDER: Not enough quota is available to process this command. (0x80070718)
17:04:22 [ERROR] EVENT_OBJECT_REORDER: Not enough quota is available to process this command. (0x80070718)
17:0174::0224 :[ERROR]22  EVENT_OBJECT_REORDER[ERROR]:  Not enough quota is available to process this command. (EVENT_OBJECT_REORDER0x: 80070718)
Not enough quota is available to process this command. (0x80070718)
17:04:22 [ERROR] EVENT_OBJECT_REORDER: Not enough quota is available to process this command. (0x80070718)
17:04:22 [ERROR] EVENT_OBJECT_REORDER: Not enough quota is available to process this command. (0x80070718)
17:04:22 [ERROR] EVENT_OBJECT_REORDER: Not enough quota is available to process this command. (0x80070718)
17:04:22 [ERROR] EVENT_OBJECT_REORDER: Not enough quota is available to process this command. (0x80070718)
17:04:22 [ERROR] EVENT_OBJECT_REORDER: 17:0Not enough quota is available to process this command.4 (:22 0x[ERROR]80070718 )EVENT_OBJECT_REORDER: 
Not enough quota is available to process this command. (0x80070718)
17:04:22 [ERROR] EVENT_OBJECT_REORDER: Not enough quota is available to process this command. (0x80070718)
17:04:22 [ERROR] EVENT_OBJECT_REORDER: Not enough quota is available to process this command.17 (:0x800707180)4
:22 [ERROR] EVENT_OBJECT_REORDER: Not enough quota is available to process this command. (0x80070718)
17:04:22 [ERROR] EVENT_OBJECT_REORDER: Not enough quota is available to process this command. (0x80070718)
17:04:22 [ERROR] EVENT_OBJECT_REORDER: Not enough quota is available to process this command. (0x80070718)
17:04:2217 :04[ERROR]: EVENT_OBJECT_REORDER: Not enough quota is available to process this command. (220x80070718)
 [ERROR] EVENT_OBJECT_REORDER: Not enough quota is available to process this command. (0x80070718)
17:04:22 [ERROR] EVENT_OBJECT_REORDER: Not enough quota is available to process this command. (0x80070718)
17:04:22 [ERROR] EVENT_OBJECT_REORDER: Not enough quota is available to process this command. (0x80070718)
17:04:22 [ERROR] EVENT_OBJECT_REORDER: Not enough quota is available to process this command. (0x80070718)
17:04:22 [ERROR] EVENT_OBJECT_REORDER: Not enough quota is available to process this command. (0x80070718)
17:04:22 [ERROR] EVENT_OBJECT_REORDER: Not enough quota is available to process this command. (0x80070718)
17:04:22 [ERROR] EVENT_OBJECT_REORDER: Not enough quota is available to process this command. (0x80070718)
17:04:22 [ERROR] EVENT_OBJECT_REORDER: Not enough quota is available to process this command. (0x80070718)
17:04:22 [ERROR] EVENT_OBJECT_REORDER: Not enough quota is available to process this command. (0x80070718)
17:04:22 [ERROR] EVENT_OBJECT_REORDER: Not enough quota is available to process this command. (0x80070718)
17:04:22 [ERROR] EVENT_OBJECT_REORDER: Not enough quota is available to process this command. (0x80070718)
17:04:22 [ERROR] EVENT_OBJECT_REORDER: Not enough quota is available to process this command. (0x80070718)
17:04:22 [ERROR] EVENT_OBJECT_REORDER: Not enough quota is available to process this command. (0x80070718)
17:04:22 [ERROR] EVENT_OBJECT_REORDER: Not enough quota is available to process this command. (0x80070718)
17:04:22 [ERROR] EVENT_OBJECT_REORDER: Not enough quota is available to process this command. (0x80070718)
17:04:22 [ERROR] EVENT_OBJECT_REORDER: Not enough quota is available to process this command. (0x80070718)
17:04:22 [ERROR] EVENT_OBJECT_REORDER: Not enough quota is available to process this command. (0x80070718)
17:04:22 [ERROR] EVENT_OBJECT_REORDER: Not enough quota is available to process this command. (0x80070718)
17:04:22 [ERROR] EVENT_OBJECT_REORDER: Not enough quota is available to process this command. (0x80070718)
17:04:22 [ERROR]17 :EVENT_OBJECT_REORDER0: 4Not enough quota is available to process this command.: (220x 80070718[ERROR]) 
EVENT_OBJECT_REORDER: Not enough quota is available to process this command. (0x80070718)
17:04:22 [ERROR] EVENT_OBJECT_REORDER: Not enough quota is available to process this command. (0x80070718)
17:04:22 [ERROR] EVENT_OBJECT_REORDER: Not enough quota is available to process this command. (0x80070718)
17:170:40:41722:: 220[ERROR] 4 [ERROR]:EVENT_OBJECT_REORDER 22: EVENT_OBJECT_REORDER Not enough quota is available to process this command.: [ERROR] (Not enough quota is available to process this command. 0x (EVENT_OBJECT_REORDER800707180x: )80070718
Not enough quota is available to process this command.) (17
0x:800707180)4:
22 [ERROR] EVENT_OBJECT_REORDER: Not enough quota is available to process this command. (0x80070718)
17:04:22 [ERROR] EVENT_OBJECT_REORDER: Not enough quota is available to process this command. (0x80070718)
17:170:40:422: 22 [ERROR][ERROR]  EVENT_OBJECT_REORDER: EVENT_OBJECT_REORDER: Not enough quota is available to process this command. (Not enough quota is available to process this command.0x (800707180x)80070718
)
17:04:22 [ERROR] EVENT_OBJECT_REORDER: Not enough quota is available to process this command. (0x80070718)
17:04:22 [ERROR] EVENT_OBJECT_REORDER: Not enough quota is available to process this command. (0x80070718)
17:04:22 [ERROR] EVENT_OBJECT_REORDER: Not enough quota is available to process this command. (0x80070718)
17:04:22 [ERROR] EVENT_OBJECT_REORDER: Not enough quota is available to process this command. (170x:800707180)4
:22 [ERROR] EVENT_OBJECT_REORDER: Not enough quota is available to process this command. (0x80070718)
17:04:22 [ERROR] EVENT_OBJECT_REORDER: Not enough quota is available to process this command. (0x80070718)
17:04:22 [ERROR] EVENT_OBJECT_REORDER: Not enough quota is available to process this command. (0x80070718)
17:04:22 [ERROR] EVENT_OBJECT_REORDER: Not enough quota is available to process this command. (0x80070718)
17:04:22 [ERROR] EVENT_OBJECT_REORDER: Not enough quota is available to process this command. (0x80070718)
17:04:22 [ERROR] EVENT_OBJECT_REORDER: Not enough quota is available to process this command. (0x80070718)
17:04:22 [ERROR] EVENT_OBJECT_REORDER: Not enough quota is available to process this command. (0x80070718)
17:04:22 [ERROR] EVENT_OBJECT_REORDER: Not enough quota is available to process this command. (0x80070718)
17:04:23 [ERROR] EVENT_OBJECT_REORDER: Not enough quota is available to process this command. (0x8007071817):
04:23 [ERROR] EVENT_OBJECT_REORDER: Not enough quota is available to process this command. (0x80070718)
17:04:23 [ERROR] EVENT_OBJECT_REORDER: Not enough quota is available to process this command. (0x80070718)
17:04:23 [ERROR] EVENT_OBJECT_REORDER: Not enough quota is available to process this command. (0x80070718)
17:04:23 [ERROR] EVENT_OBJECT_REORDER: Not enough quota is available to process this command. (0x80070718)
17:04:23 [ERROR] EVENT_OBJECT_REORDER: Not enough quota is available to process this command. (0x80070718)
17:04:23 [ERROR] EVENT_OBJECT_REORDER: Not enough quota is available to process this command. (0x80070718)
17:04:23 [ERROR] EVENT_OBJECT_REORDER: Not enough quota is available to process this command. (0x80070718)
17:04:23 [ERROR] EVENT_OBJECT_REORDER: Not enough quota is available to process this command. (0x8007071817):
04:23 [ERROR] EVENT_OBJECT_REORDER: Not enough quota is available to process this command. (0x80070718)
17:04:23 [ERROR] EVENT_OBJECT_REORDER: Not enough quota is available to process this command. (0x80070718)
17:04:23 [ERROR] EVENT_OBJECT_REORDER: Not enough quota is available to process this command. (0x80070718)
17:04:23 [ERROR] EVENT_OBJECT_REORDER: Not enough quota is available to process this command. (0x80070718)
17:04:23 [ERROR] EVENT_OBJECT_REORDER: Not enough quota is available to process this command. (0x80070718)
17:04:23 17[ERROR]: 04:EVENT_OBJECT_REORDER23 : [ERROR] EVENT_OBJECT_REORDER: Not enough quota is available to process this command. (0x80070718Not enough quota is available to process this command.) (
0x80070718)
17:04:23 [ERROR] EVENT_OBJECT_REORDER: Not enough quota is available to process this command. (0x80070718)
17:04:23 [ERROR] EVENT_OBJECT_REORDER: Not enough quota is available to process this command. (0x80070718)
17:04:23 [ERROR] EVENT_OBJECT_REORDER: Not enough quota is available to process this command. (0x80070718)
17:04:23 [ERROR] EVENT_OBJECT_REORDER: Not enough quota is available to process this command. (0x80070718)
17:04:23 [ERROR] EVENT_OBJECT_REORDER: Not enough quota is available to process this command. (0x80070718)
17:04:23 [ERROR] EVENT_OBJECT_REORDER: Not enough quota is available to process this command. (0x80070718)
17:04:23 [ERROR] EVENT_OBJECT_REORDER: Not enough quota is available to process this command. (0x80070718)
17:0417::230 4:[ERROR]23  EVENT_OBJECT_REORDER[ERROR]17:  :Not enough quota is available to process this command.EVENT_OBJECT_REORDER0 (: 40xNot enough quota is available to process this command.:80070718 (23)0x 
80070718[ERROR]) EVENT_OBJECT_REORDER
: Not enough quota is available to process this command. (0x80070718)
17:04:23 [ERROR] EVENT_OBJECT_REORDER: Not enough quota is available to process this command. (0x80070718)
17:04:23 [ERROR] EVENT_OBJECT_REORDER: Not enough quota is available to process this command. (0x80070718)
1717::0044:23: 23[ERROR]  EVENT_OBJECT_REORDER[ERROR]:  EVENT_OBJECT_REORDERNot enough quota is available to process this command.:  (0xNot enough quota is available to process this command.80070718 ()0x
80070718)
17:04:23 [ERROR] EVENT_OBJECT_REORDER: Not enough quota is available to process this command. (0x80070718)
17:0174::0234 :[ERROR] 23EVENT_OBJECT_REORDER : [ERROR] EVENT_OBJECT_REORDERNot enough quota is available to process this command.:  (0xNot enough quota is available to process this command.80070718 ()0x
80070718)
17:04:23 [ERROR] EVENT_OBJECT_REORDER: Not enough quota is available to process this command. (0x80070718)
17:04:23 [ERROR] EVENT_OBJECT_REORDER: Not enough quota is available to process this command. (0x80070718)
17:04:23 [ERROR] EVENT_OBJECT_REORDER: Not enough quota is available to process this command. (0x80070718)
17:04:23 [ERROR] EVENT_OBJECT_REORDER: Not enough quota is available to process this command. (0x80070718)
17:04:23 [ERROR] EVENT_OBJECT_REORDER: Not enough quota is available to process this command. (0x80070718)
17:04:23 [ERROR] EVENT_OBJECT_REORDER: Not enough quota is available to process this command. (0x80070718)
17:04:23 [ERROR] EVENT_OBJECT_REORDER: Not enough quota is available to process this command. (0x80070718)
17:04:23 [ERROR] EVENT_OBJECT_REORDER: Not enough quota is available to process this command. (0x80070718)
17:04:23 [ERROR] EVENT_OBJECT_REORDER: Not enough quota is available to process this command. (0x80070718)
17:04:23 [ERROR] EVENT_OBJECT_REORDER: Not enough quota is available to process this command. (0x80070718)
17:04:23 [ERROR] EVENT_OBJECT_REORDER: Not enough quota is available to process this command. (0x80070718)
17:04:23 [ERROR] EVENT_OBJECT_REORDER: Not enough quota is available to process this command. (0x80070718)
17:04:23 [ERROR] EVENT_OBJECT_REORDER: Not enough quota is available to process this command. (0x80070718)
17:04:23 [ERROR] EVENT_OBJECT_REORDER: Not enough quota is available to process this command. (0x80070718)
17:04:23 [ERROR] EVENT_OBJECT_REORDER: Not enough quota is available to process this command. (0x80070718)
17:04:23 [ERROR] EVENT_OBJECT_REORDER: Not enough quota is available to process this command. (0x80070718)
17:04:23 [ERROR] EVENT_OBJECT_REORDER: Not enough quota is available to process this command. (0x80070718)
17:04:23 [ERROR] EVENT_OBJECT_REORDER: Not enough quota is available to process this command. (0x80070718)
17:04:23 [ERROR] EVENT_OBJECT_REORDER: Not enough quota is available to process this command. (0x80070718)
17:04:23 [ERROR] EVENT_OBJECT_REORDER: Not enough quota is available to process this command. (0x80070718)
17:04:23 [ERROR] EVENT_OBJECT_REORDER: Not enough quota is available to process this command. (0x80070718)
17:04:23 [ERROR] EVENT_OBJECT_REORDER: Not enough quota is available to process this command. (0x80070718)
17:04:23 [ERROR] EVENT_OBJECT_REORDER: Not enough quota is available to process this command. (0x80070718)
17:04:23 [ERROR] EVENT_OBJECT_REORDER: Not enough quota is available to process this command. (0x80070718)
17:04:23 [ERROR] EVENT_OBJECT_REORDER: Not enough quota is available to process this command. (0x80070718)
17:04:23 [ERROR] EVENT_OBJECT_REORDER: Not enough quota is available to process this command. (0x80070718)
17:04:23 [ERROR] EVENT_OBJECT_REORDER: Not enough quota is available to process this command. (0x80070718)
17:04:23 [ERROR] EVENT_OBJECT_REORDER: Not enough quota is available to process this command. (0x80070718)
17:04:23 [ERROR] EVENT_OBJECT_REORDER: Not enough quota is available to process this command. (0x80070718)
17:04:23 [ERROR] EVENT_OBJECT_REORDER: Not enough quota is available to process this command. (0x80070718)
17:04:23 [ERROR] EVENT_OBJECT_REORDER: Not enough quota is available to process this command. (0x80070718)
17:04:23 [ERROR] EVENT_OBJECT_REORDER: Not enough quota is available to process this command. (0x80070718)
17:04:23 [ERROR] EVENT_OBJECT_REORDER: Not enough quota is available to process this command. (0x80070718)
17:04:23 [ERROR] EVENT_OBJECT_REORDER: Not enough quota is available to process this command. (0x80070718)
17:04:23 [ERROR] EVENT_OBJECT_REORDER: Not enough quota is available to process this command. (0x80070718)
17:04:23 [ERROR] EVENT_OBJECT_REORDER: Not enough quota is available to process this command. (0x80070718)
17:04:23 [ERROR] EVENT_OBJECT_REORDER: Not enough quota is available to process this command. (0x80070718)
17:04:23 [ERROR] EVENT_OBJECT_REORDER: Not enough quota is available to process this command. (0x80070718)
17:04:23 [ERROR] EVENT_OBJECT_REORDER: Not enough quota is available to process this command. (0x80070718)
17:04:23 [ERROR] EVENT_OBJECT_REORDER: Not enough quota is available to process this command. (0x80070718)
17:04:23 [ERROR] EVENT_OBJECT_REORDER: Not enough quota is available to process this command. (0x80070718)
17:04:23 [ERROR] EVENT_OBJECT_REORDER: Not enough quota is available to process this command. (0x80070718)
17:04:23 [ERROR] EVENT_OBJECT_REORDER: Not enough quota is available to process this command. (0x80070718)
17:04:23 [ERROR] EVENT_OBJECT_REORDER17: :04:Not enough quota is available to process this command.23 ( 0x[ERROR]80070718 )EVENT_OBJECT_REORDER
: Not enough quota is available to process this command. (0x80070718)
17:04:23 [ERROR] EVENT_OBJECT_REORDER: Not enough quota is available to process this command. (0x80070718)
17:04:23 [ERROR] EVENT_OBJECT_REORDER: Not enough quota is available to process this command. (0x80070718)
17:04:23 [ERROR] EVENT_OBJECT_REORDER: Not enough quota is available to process this command. (0x8007071817):
04:23 [ERROR] EVENT_OBJECT_REORDER: Not enough quota is available to process this command. (0x80070718)
17:04:23 [ERROR] EVENT_OBJECT_REORDER: Not enough quota is available to process this command. (0x80070718)
17:04:23 [ERROR] EVENT_OBJECT_REORDER: Not enough quota is available to process this command. (0x80070718)
17:04:23 [ERROR] EVENT_OBJECT_REORDER: Not enough quota is available to process this command. (0x80070718)
17:04:2317 :[ERROR]0 4:EVENT_OBJECT_REORDER23:  Not enough quota is available to process this command. ([ERROR]0x 80070718EVENT_OBJECT_REORDER): 
Not enough quota is available to process this command. (0x80070718)
17:04:23 [ERROR] EVENT_OBJECT_REORDER: Not enough quota is available to process this command. (0x80070718)
17:017:40:423: 23[ERROR]  EVENT_OBJECT_REORDER: [ERROR] EVENT_OBJECT_REORDER: Not enough quota is available to process this command. (0x80070718Not enough quota is available to process this command.) (
0x80070718)
17:04:23 [ERROR] EVENT_OBJECT_REORDER: Not enough quota is available to process this command. (0x80070718)
17:04:23 [ERROR] EVENT_OBJECT_REORDER: Not enough quota is available to process this command. (0x80070718)
17:04:23 [ERROR] EVENT_OBJECT_REORDER: Not enough quota is available to process this command. (0x80070718)
17:04:23 [ERROR] EVENT_OBJECT_REORDER: Not enough quota is available to process this command. (0x80070718)
17:04:23 [ERROR] EVENT_OBJECT_REORDER: Not enough quota is available to process this command. (0x80070718)
17:04:23 [ERROR] EVENT_OBJECT_REORDER: Not enough quota is available to process this command. (0x80070718)
17:04:23 [ERROR] EVENT_OBJECT_REORDER: Not enough quota is available to process this command. (0x80070718)
17:04:23 [ERROR] EVENT_OBJECT_REORDER: Not enough quota is available to process this command. (0x80070718)
17:04:23 [ERROR] EVENT_OBJECT_REORDER: Not enough quota is available to process this command. (0x80070718)
17:04:23 [ERROR] EVENT_OBJECT_REORDER: Not enough quota is available to process this command. (0x80070718)
17:04:23 [ERROR] EVENT_OBJECT_REORDER: Not enough quota is available to process this command. (0x80070718)
17:04:23 [ERROR] EVENT_OBJECT_REORDER: Not enough quota is available to process this command. (0x80070718)
17:04:23 [ERROR] EVENT_OBJECT_REORDER: Not enough quota is available to process this command. (0x80070718)
17:04:23 [ERROR] EVENT_OBJECT_REORDER: Not enough quota is available to process this command. (0x80070718)
17:04:23 [ERROR] EVENT_OBJECT_REORDER: Not enough quota is available to process this command. (0x80070718)
17:04:23 [ERROR] EVENT_OBJECT_REORDER: Not enough quota is available to process this command. (0x80070718)
17:04:23 [ERROR] EVENT_OBJECT_REORDER: Not enough quota is available to process this command. (0x80070718)
17:04:23 [ERROR] EVENT_OBJECT_REORDER: Not enough quota is available to process this command. (0x80070718)
17:04:23 [ERROR] EVENT_OBJECT_REORDER: Not enough quota is available to process this command. (0x80070718)
17:04:23 [ERROR] EVENT_OBJECT_REORDER: Not enough quota is available to process this command. (0x80070718)
17:04:23 [ERROR] EVENT_OBJECT_REORDER: Not enough quota is available to process this command. (0x80070718)
17:04:23 [ERROR] EVENT_OBJECT_REORDER: Not enough quota is available to process this command. (0x80070718)
17:04:23 [ERROR] EVENT_OBJECT_REORDER: Not enough quota is available to process this command. (0x80070718)
17:04:23 [ERROR] EVENT_OBJECT_REORDER: Not enough quota is available to process this command. (0x80070718)
17:04:23 [ERROR] EVENT_OBJECT_REORDER: Not enough quota is available to process this command. (0x80070718)
17:04:23 [ERROR] EVENT_OBJECT_REORDER: Not enough quota is available to process this command. (0x80070718)
17:04:23 [ERROR] EVENT_OBJECT_REORDER: Not enough quota is available to process this command. (0x80070718)
17:04:23 [ERROR] EVENT_OBJECT_REORDER: Not enough quota is available to process this command. (0x80070718)
17:04:23 [ERROR] EVENT_OBJECT_REORDER: Not enough quota is available to process this command. (0x80070718)
17:04:23 [ERROR] EVENT_OBJECT_REORDER: Not enough quota is available to process this command. (0x80070718)
17:04:23 [ERROR] EVENT_OBJECT_REORDER: Not enough quota is available to process this command. (0x80070718)
17:04:23 [ERROR] EVENT_OBJECT_REORDER: Not enough quota is available to process this command. (0x80070718)
17:04:23 [ERROR] EVENT_OBJECT_REORDER: Not enough quota is available to process this command. (0x80070718)
17:04:23 [ERROR] EVENT_OBJECT_REORDER: Not enough quota is available to process this command. (0x80070718)
17:04:23 [ERROR] EVENT_OBJECT_REORDER: Not enough quota is available to process this command. (0x80070718)
17:04:23 [ERROR] EVENT_OBJECT_REORDER: Not enough quota is available to process this command. (0x80070718)
17:04:23 [ERROR] EVENT_OBJECT_REORDER: Not enough quota is available to process this command. (0x80070718)
17:0417::230 4:[ERROR]23  EVENT_OBJECT_REORDER[ERROR]:  Not enough quota is available to process this command. (0xEVENT_OBJECT_REORDER80070718: )
Not enough quota is available to process this command. (0x80070718)
17:04:23 [ERROR] EVENT_OBJECT_REORDER: Not enough quota is available to process this command. (0x80070718)
17:04:23 [ERROR] EVENT_OBJECT_REORDER: Not enough quota is available to process this command. (0x80070718)
17:04:23 [ERROR] EVENT_OBJECT_REORDER: Not enough quota is available to process this command. (0x80070718)
17:04:23 [ERROR] EVENT_OBJECT_REORDER: Not enough quota is available to process this command. (0x80070718)
17:04:23 [ERROR] EVENT_OBJECT_REORDER: 17:04Not enough quota is available to process this command.: (230x 80070718[ERROR]) 
EVENT_OBJECT_REORDER: Not enough quota is available to process this command. (0x80070718)
17:04:23 [ERROR] EVENT_OBJECT_REORDER: Not enough quota is available to process this command. (0x80070718)
17:04:23 [ERROR] EVENT_OBJECT_REORDER: Not enough quota is available to process this command. (0x80070718)
17:04:23 [ERROR] EVENT_OBJECT_REORDER: Not enough quota is available to process this command. (0x80070718)
17:04:23 [ERROR] EVENT_OBJECT_REORDER: Not enough quota is available to process this command. (0x80070718)
17:04:23 [ERROR] EVENT_OBJECT_REORDER: Not enough quota is available to process this command. (0x80070718)
17:04:23 [ERROR] EVENT_OBJECT_REORDER: Not enough quota is available to process this command. (0x80070718)
17:04:23 [ERROR] EVENT_OBJECT_REORDER: Not enough quota is available to process this command. (0x80070718)
17:170:40:423: 23[ERROR]  [ERROR]EVENT_OBJECT_REORDER : EVENT_OBJECT_REORDERNot enough quota is available to process this command. (: 0xNot enough quota is available to process this command.80070718 ()0x
80070718)
17:04:23 [ERROR] EVENT_OBJECT_REORDER: Not enough quota is available to process this command. (0x80070718)
17:04:23 [ERROR] EVENT_OBJECT_REORDER: Not enough quota is available to process this command. (0x80070718)
17:04:23 [ERROR] EVENT_OBJECT_REORDER: Not enough quota is available to process this command. (0x80070718)
17:04:23 [ERROR] EVENT_OBJECT_REORDER: Not enough quota is available to process this command. (0x80070718)
17:04:23 [ERROR] EVENT_OBJECT_REORDER: Not enough quota is available to process this command. (0x80070718)
17:04:23 [ERROR] EVENT_OBJECT_REORDER: Not enough quota is available to process this command. (0x80070718)
17:04:23 [ERROR] EVENT_OBJECT_REORDER: Not enough quota is available to process this command. (0x80070718)
17:04:23 [ERROR] EVENT_OBJECT_REORDER: Not enough quota is available to process this command. (0x80070718)
17:04:23 [ERROR] EVENT_OBJECT_REORDER: Not enough quota is available to process this command. (0x80070718)
17:04:23 [ERROR] EVENT_OBJECT_REORDER: Not enough quota is available to process this command. (0x80070718)
17:04:23 [ERROR] EVENT_OBJECT_REORDER: Not enough quota is available to process this command. (0x80070718)
17:04:23 [ERROR] EVENT_OBJECT_REORDER: Not enough quota is available to process this command. (0x80070718)
17:04:23 [ERROR] EVENT_OBJECT_REORDER: Not enough quota is available to process this command. (0x80070718)
17:04:23 [ERROR] EVENT_OBJECT_REORDER: Not enough quota is available to process this command. (0x80070718)
17:04:23 [ERROR] EVENT_OBJECT_REORDER: Not enough quota is available to process this command. (0x80070718)
17:04:23 [ERROR] EVENT_OBJECT_REORDER: Not enough quota is available to process this command. (0x80070718)
17:04:23 [ERROR] EVENT_OBJECT_REORDER: Not enough quota is available to process this command. (0x80070718)
17:04:23 [ERROR] EVENT_OBJECT_REORDER: Not enough quota is available to process this command. (0x80070718)
17:04:23 [ERROR] EVENT_OBJECT_REORDER: Not enough quota is available to process this command. (0x80070718)
17:04:23 [ERROR] EVENT_OBJECT_REORDER: Not enough quota is available to process this command. (0x80070718)
17:04:23 [ERROR] EVENT_OBJECT_REORDER: Not enough quota is available to process this command. (0x80070718)
17:04:23 [ERROR] EVENT_OBJECT_REORDER: Not enough quota is available to process this command. (0x80070718)
17:04:23 [ERROR] EVENT_OBJECT_REORDER: Not enough quota is available to process this command. (0x80070718)
17:04:23 [ERROR] EVENT_OBJECT_REORDER: Not enough quota is available to process this command. (0x80070718)
17:04:23 [ERROR] EVENT_OBJECT_REORDER: Not enough quota is available to process this command. (0x80070718)
17:04:23 [ERROR] EVENT_OBJECT_REORDER: Not enough quota is available to process this command. (0x80070718)
17:04:23 [ERROR] EVENT_OBJECT_REORDER17: :Not enough quota is available to process this command.0 (40x:8007071823) 
[ERROR] EVENT_OBJECT_REORDER: Not enough quota is available to process this command. (0x80070718)
17:04:23 [ERROR] EVENT_OBJECT_REORDER: Not enough quota is available to process this command. (0x80070718)
17:04:23 [ERROR] EVENT_OBJECT_REORDER: Not enough quota is available to process this command. (0x80070718)
17:04:23 [ERROR] EVENT_OBJECT_REORDER: Not enough quota is available to process this command. (0x80070718)
17:04:23 [ERROR] EVENT_OBJECT_REORDER: Not enough quota is available to process this command. (0x80070718)
17:04:23 [ERROR] EVENT_OBJECT_REORDER: Not enough quota is available to process this command. (0x80070718)
17:04:23 [ERROR] EVENT_OBJECT_REORDER: Not enough quota is available to process this command. (0x80070718)
17:04:23 [ERROR] EVENT_OBJECT_REORDER: Not enough quota is available to process this command. (0x80070718)
17:04:23 [ERROR] EVENT_OBJECT_REORDER: Not enough quota is available to process this command. (0x80070718)
17:04:23 [ERROR] EVENT_OBJECT_REORDER: Not enough quota is available to process this command. (0x80070718)
17:04:23 [ERROR] EVENT_OBJECT_REORDER: Not enough quota is available to process this command. (0x80070718)
17:04:23 [ERROR] EVENT_OBJECT_REORDER: Not enough quota is available to process this command. (0x80070718)
17:04:23 [ERROR] EVENT_OBJECT_REORDER: Not enough quota is available to process this command. (0x80070718)
17:04:23 [ERROR] EVENT_OBJECT_REORDER: Not enough quota is available to process this command. (0x80070718)
17:04:23 [ERROR] EVENT_OBJECT_REORDER: Not enough quota is available to process this command. (0x80070718)
17:04:23 [ERROR] EVENT_OBJECT_REORDER: Not enough quota is available to process this command. (0x80070718)
17:04:23 [ERROR] EVENT_OBJECT_REORDER: Not enough quota is available to process this command. (0x80070718)
17:04:23 [ERROR] EVENT_OBJECT_REORDER: Not enough quota is available to process this command. (0x80070718)
17:04:23 [ERROR] EVENT_OBJECT_REORDER: Not enough quota is available to process this command. (0x80070718)
17:04:23 [ERROR] EVENT_OBJECT_REORDER: Not enough quota is available to process this command. (0x80070718)
17:04:23 [ERROR] EVENT_OBJECT_REORDER: Not enough quota is available to process this command. (0x80070718)
17:04:23 [ERROR] EVENT_OBJECT_REORDER: Not enough quota is available to process this command. (0x80070718)
17:04:23 [ERROR] EVENT_OBJECT_REORDER: Not enough quota is available to process this command. (0x80070718)
17:04:23 [ERROR] EVENT_OBJECT_REORDER: Not enough quota is available to process this command. (0x80070718)
17:04:23 [ERROR] EVENT_OBJECT_REORDER: Not enough quota is available to process this command. (0x80070718)
17:04:23 [ERROR] EVENT_OBJECT_REORDER: Not enough quota is available to process this command. (0x80070718)
17:04:23 [ERROR] EVENT_OBJECT_REORDER: Not enough quota is available to process this command. (0x80070718)
17:04:23 [ERROR] EVENT_OBJECT_REORDER: Not enough quota is available to process this command. (0x80070718)
17:04:23 [ERROR] EVENT_OBJECT_REORDER: Not enough quota is available to process this command. (0x80070718)
17:04:23 [ERROR] EVENT_OBJECT_REORDER: Not enough quota is available to process this command. (0x80070718)
17:04:23 [ERROR] EVENT_OBJECT_REORDER: Not enough quota is available to process this command. (0x80070718)
17:04:23 [ERROR] EVENT_OBJECT_REORDER: Not enough quota is available to process this command. (0x80070718)
17:04:23 [ERROR] EVENT_OBJECT_REORDER: Not enough quota is available to process this command. (0x80070718)
17:04:23 [ERROR] EVENT_OBJECT_REORDER: Not enough quota is available to process this command. (0x80070718)
17:04:23 [ERROR] EVENT_OBJECT_REORDER: Not enough quota is available to process this command. (0x80070718)
17:04:23 [ERROR] EVENT_OBJECT_REORDER: Not enough quota is available to process this command. (0x80070718)
17:04:23 [ERROR] EVENT_OBJECT_REORDER: Not enough quota is available to process this command. (0x80070718)
17:04:23 [ERROR] EVENT_OBJECT_REORDER: Not enough quota is available to process this command. (0x80070718)
17:04:23 [ERROR] EVENT_OBJECT_REORDER: Not enough quota is available to process this command. (0x80070718)
17:04:23 [ERROR] EVENT_OBJECT_REORDER: Not enough quota is available to process this command. (0x80070718)
17:04:23 [ERROR] EVENT_OBJECT_REORDER: Not enough quota is available to process this command. (0x80070718)
17:04:23 [ERROR] EVENT_OBJECT_REORDER: Not enough quota is available to process this command. (0x80070718)
17:04:23 [ERROR] EVENT_OBJECT_REORDER: Not enough quota is available to process this command. (0x80070718)
17:04:23 [ERROR] EVENT_OBJECT_REORDER: Not enough quota is available to process this command. (0x80070718)
17:0174::04:2323  [ERROR] [ERROR]EVENT_OBJECT_REORDER : EVENT_OBJECT_REORDER: Not enough quota is available to process this command. (Not enough quota is available to process this command.0x (800707180x)80070718
)
17:04:23 [ERROR] EVENT_OBJECT_REORDER: Not enough quota is available to process this command. (0x80070718)
17:04:23 [ERROR] EVENT_OBJECT_REORDER: Not enough quota is available to process this command. (0x1780070718:04):
23 [ERROR] EVENT_OBJECT_REORDER: Not enough quota is available to process this command. (0x80070718)
17:04:23 [ERROR] EVENT_OBJECT_REORDER: Not enough quota is available to process this command. (0x80070718)
17:04:23 [ERROR] EVENT_OBJECT_REORDER: Not enough quota is available to process this command. (0x80070718)
17:04:23 [ERROR] EVENT_OBJECT_REORDER: Not enough quota is available to process this command. (0x80070718)
17:04:23 [ERROR] EVENT_OBJECT_REORDER: Not enough quota is available to process this command. (0x80070718)
17:04:23 [ERROR] EVENT_OBJECT_REORDER: Not enough quota is available to process this command. (0x80070718)17
:04:23 [ERROR] EVENT_OBJECT_REORDER: Not enough quota is available to process this command. (0x80070718)
17:04:23 [ERROR] EVENT_OBJECT_REORDER: Not enough quota is available to process this command. (0x80070718)
17:04:23 [ERROR] EVENT_OBJECT_REORDER: Not enough quota is available to process this command. (0x80070718)
17:04:23 [ERROR] EVENT_OBJECT_REORDER: Not enough quota is available to process this command. (0x80070718)
17:04:23 [ERROR] EVENT_OBJECT_REORDER: Not enough quota is available to process this command. (0x80070718)
17:04:23 [ERROR] EVENT_OBJECT_REORDER: Not enough quota is available to process this command. (0x80070718)
17:04:23 [ERROR] EVENT_OBJECT_REORDER: Not enough quota is available to process this command. (0x80070718)
17:04:23 [ERROR] EVENT_OBJECT_REORDER: Not enough quota is available to process this command. (0x80070718)
17:04:23 [ERROR] EVENT_OBJECT_REORDER: Not enough quota is available to process this command. (0x80070718)
17:04:23 [ERROR] EVENT_OBJECT_REORDER: Not enough quota is available to process this command. (0x80070718)
17:04:23 [ERROR] EVENT_OBJECT_REORDER: Not enough quota is available to process this command. (0x80070718)
17:04:23 [ERROR] EVENT_OBJECT_REORDER: Not enough quota is available to process this command. (0x80070718)
17:04:23 [ERROR] EVENT_OBJECT_REORDER: Not enough quota is available to process this command. (0x80070718)
17:04:23 [ERROR] EVENT_OBJECT_REORDER: Not enough quota is available to process this command. (0x80070718)
17:04:23 [ERROR] EVENT_OBJECT_REORDER: Not enough quota is available to process this command. (0x80070718)
17:04:23 [ERROR] EVENT_OBJECT_REORDER: Not enough quota is available to process this command. (0x80070718)
17:04:23 [ERROR] EVENT_OBJECT_REORDER: Not enough quota is available to process this command. (0x80070718)
17:04:23 [ERROR] EVENT_OBJECT_REORDER: Not enough quota is available to process this command. (0x80070718)
17:04:23 [ERROR] EVENT_OBJECT_REORDER: Not enough quota is available to process this command. (0x80070718)
17:04:23 [ERROR] EVENT_OBJECT_REORDER: Not enough quota is available to process this command. (0x80070718)
17:04:23 [ERROR] EVENT_OBJECT_REORDER: Not enough quota is available to process this command. (0x1780070718:)0
4:23 [ERROR] EVENT_OBJECT_REORDER: Not enough quota is available to process this command. (0x80070718)
17:04:23 [ERROR] EVENT_OBJECT_REORDER: Not enough quota is available to process this command. (0x80070718)
17:04:23 [ERROR] EVENT_OBJECT_REORDER: Not enough quota is available to process this command. (0x80070718)
17:04:23 [ERROR] EVENT_OBJECT_REORDER: Not enough quota is available to process this command. (0x80070718)
17:04:23 [ERROR] EVENT_OBJECT_REORDER: Not enough quota is available to process this command. (0x80070718)
17:04:23 [ERROR] 17EVENT_OBJECT_REORDER:: 04:Not enough quota is available to process this command.23 ( 0x80070718)[ERROR]
 EVENT_OBJECT_REORDER: Not enough quota is available to process this command. (0x80070718)
17:04:23 [ERROR] EVENT_OBJECT_REORDER: Not enough quota is available to process this command. (0x80070718)
17:04:23 [ERROR] EVENT_OBJECT_REORDER: Not enough quota is available to process this command. (0x80070718)
17:04:23 [ERROR] EVENT_OBJECT_REORDER: Not enough quota is available to process this command. (0x80070718)
17:04:23 [ERROR] EVENT_OBJECT_REORDER: Not enough quota is available to process this command. (0x80070718)
17:04:23 [ERROR] EVENT_OBJECT_REORDER: Not enough quota is available to process this command. (0x80070718)
17:04:23 [ERROR] EVENT_OBJECT_REORDER: Not enough quota is available to process this command. (0x80070718)
17:04:23 [ERROR] EVENT_OBJECT_REORDER: Not enough quota is available to process this command. (0x80070718)
17:04:23 [ERROR] EVENT_OBJECT_REORDER: Not enough quota is available to process this command. (0x80070718)
17:04:23 [ERROR] EVENT_OBJECT_REORDER: Not enough quota is available to process this command. (0x80070718)
17:04:23 [ERROR] EVENT_OBJECT_REORDER: Not enough quota is available to process this command. (0x80070718)
17:04:23 [ERROR] EVENT_OBJECT_REORDER: Not enough quota is available to process this command. (0x80070718)
17:04:23 [ERROR] EVENT_OBJECT_REORDER: Not enough quota is available to process this command. (0x80070718)
17:04:23 [ERROR] EVENT_OBJECT_REORDER: Not enough quota is available to process this command. (0x80070718)
17:04:23 [ERROR] EVENT_OBJECT_REORDER: Not enough quota is available to process this command. (0x80070718)
17:04:23 [ERROR] EVENT_OBJECT_REORDER: Not enough quota is available to process this command. (0x80070718)
17:04:23 [ERROR] EVENT_OBJECT_REORDER: Not enough quota is available to process this command. (0x80070718)
17:04:23 [ERROR] EVENT_OBJECT_REORDER: Not enough quota is available to process this command. (0x80070718)
17:04:23 [ERROR] EVENT_OBJECT_REORDER: Not enough quota is available to process this command. (0x80070718)
17:04:23 [ERROR] EVENT_OBJECT_REORDER: Not enough quota is available to process this command. (0x80070718)
17:04:23 [ERROR] EVENT_OBJECT_REORDER: Not enough quota is available to process this command. (0x80070718)
17:04:23 [ERROR] EVENT_OBJECT_REORDER: Not enough quota is available to process this command. (0x80070718)
17:04:23 [ERROR] EVENT_OBJECT_REORDER: Not enough quota is available to process this command. (0x80070718)
17:04:23 [ERROR] EVENT_OBJECT_REORDER: Not enough quota is available to process this command. (0x80070718)
17:04:23 [ERROR] EVENT_OBJECT_REORDER: Not enough quota is available to process this command. (0x80070718)
17:04:23 [ERROR] EVENT_OBJECT_REORDER: Not enough quota is available to process this command. (0x80070718)
17:04:23 [ERROR] EVENT_OBJECT_REORDER: Not enough quota is available to process this command. (0x80070718)
17:04:23 [ERROR] EVENT_OBJECT_REORDER: Not enough quota is available to process this command. (0x80070718)
17:04:23 [ERROR] EVENT_OBJECT_REORDER: Not enough quota is available to process this command. (0x80070718)
17:04:23 [ERROR] EVENT_OBJECT_REORDER: Not enough quota is available to process this command. (0x80070718)
17:04:23 [ERROR] EVENT_OBJECT_REORDER: Not enough quota is available to process this command. (0x80070718)
17:04:23 [ERROR] EVENT_OBJECT_REORDER: Not enough quota is available to process this command. (0x80070718)
17:04:23 [ERROR] EVENT_OBJECT_REORDER: Not enough quota is available to process this command. (0x80070718)
17:04:23 [ERROR] EVENT_OBJECT_REORDER: Not enough quota is available to process this command. (0x80070718)
17:04:23 [ERROR] EVENT_OBJECT_REORDER: 17Not enough quota is available to process this command.: (00x480070718:)23
 [ERROR] EVENT_OBJECT_REORDER: Not enough quota is available to process this command. (0x80070718)
17:04:23 [ERROR] EVENT_OBJECT_REORDER: Not enough quota is available to process this command. (0x80070718)
17:04:23 [ERROR] EVENT_OBJECT_REORDER: Not enough quota is available to process this command. (0x80070718)
17:04:23 [ERROR] EVENT_OBJECT_REORDER: Not enough quota is available to process this command. (0x80070718)
17:04:23 [ERROR] EVENT_OBJECT_REORDER: Not enough quota is available to process this command. (0x80070718)
17:04:23 [ERROR] EVENT_OBJECT_REORDER: Not enough quota is available to process this command. (0x80070718)
17:04:23 [ERROR] EVENT_OBJECT_REORDER: Not enough quota is available to process this command. (0x80070718)
17:04:23 [ERROR] EVENT_OBJECT_REORDER: Not enough quota is available to process this command. (0x80070718)
17:04:23 [ERROR] EVENT_OBJECT_REORDER: Not enough quota is available to process this command. (0x80070718)
17:04:23 [ERROR] EVENT_OBJECT_REORDER: Not enough quota is available to process this command. (0x80070718)
17:04:23 [ERROR] EVENT_OBJECT_REORDER: Not enough quota is available to process this command. (0x80070718)
17:04:23 [ERROR] EVENT_OBJECT_REORDER: Not enough quota is available to process this command. (0x80070718)
17:04:23 [ERROR] EVENT_OBJECT_REORDER: Not enough quota is available to process this command. (0x80070718)
17:04:23 [ERROR] EVENT_OBJECT_REORDER: Not enough quota is available to process this command. (0x80070718)
17:04:23 [ERROR] EVENT_OBJECT_REORDER: Not enough quota is available to process this command. (0x80070718)
17:04:23 [ERROR] EVENT_OBJECT_REORDER: Not enough quota is available to process this command. (0x80070718)
17:04:23 [ERROR] EVENT_OBJECT_REORDER: Not enough quota is available to process this command. (0x80070718)
17:04:23 [ERROR] EVENT_OBJECT_REORDER: Not enough quota is available to process this command. (0x80070718)
17:04:23 [ERROR] EVENT_OBJECT_REORDER: Not enough quota is available to process this command. (0x80070718)
17:04:23 [ERROR] EVENT_OBJECT_REORDER: Not enough quota is available to process this command. (0x80070718)
17:0174::0234 :23 [ERROR] [ERROR]EVENT_OBJECT_REORDER : EVENT_OBJECT_REORDER: Not enough quota is available to process this command. (0x80070718)Not enough quota is available to process this command.
 (0x80070718)
17:04:23 [ERROR] EVENT_OBJECT_REORDER: Not enough quota is available to process this command. (0x80070718)
17:04:23 17:[ERROR]0 4EVENT_OBJECT_REORDER:: 23 Not enough quota is available to process this command.[ERROR] ( 0xEVENT_OBJECT_REORDER80070718: )Not enough quota is available to process this command.
 (0x80070718)
17:04:23 [ERROR] 17EVENT_OBJECT_REORDER:0: 4Not enough quota is available to process this command.: (230x 80070718[ERROR]) 
EVENT_OBJECT_REORDER: Not enough quota is available to process this command. (0x80070718)
17:04:23 [ERROR] EVENT_OBJECT_REORDER: Not enough quota is available to process this command. (0x80070718)
17:04:23 [ERROR] EVENT_OBJECT_REORDER: Not enough quota is available to process this command. (0x80070718)
17:04:23 [ERROR] EVENT_OBJECT_REORDER: Not enough quota is available to process this command. (0x80070718)
17:04:23 [ERROR] EVENT_OBJECT_REORDER: Not enough quota is available to process this command. (0x80070718)
17:04:23 [ERROR] EVENT_OBJECT_REORDER: Not enough quota is available to process this command. (0x80070718)
17:04:23 [ERROR] EVENT_OBJECT_REORDER: Not enough quota is available to process this command. (0x80070718)
17:04:1723: 0[ERROR]4 :EVENT_OBJECT_REORDER: 23 [ERROR] Not enough quota is available to process this command.EVENT_OBJECT_REORDER (: 0x80070718)
Not enough quota is available to process this command. (0x80070718)
17:04:23 [ERROR] EVENT_OBJECT_REORDER: Not enough quota is available to process this command. (0x80070718)
17:04:23 [ERROR] EVENT_OBJECT_REORDER: Not enough quota is available to process this command. (0x80070718)
17:04:1723: 0[ERROR] 4EVENT_OBJECT_REORDER:: 23 [ERROR]Not enough quota is available to process this command. (0x80070718) 
EVENT_OBJECT_REORDER: Not enough quota is available to process this command. (0x80070718)
17:04:23 [ERROR] EVENT_OBJECT_REORDER: Not enough quota is available to process this command. (0x80070718)
17:04:23 [ERROR] EVENT_OBJECT_REORDER: Not enough quota is available to process this command. (0x80070718)
17:04:23 [ERROR] EVENT_OBJECT_REORDER: Not enough quota is available to process this command. (0x80070718)
17:04:23 [ERROR] EVENT_OBJECT_REORDER: Not enough quota is available to process this command. (0x80070718)
17:04:23 [ERROR] EVENT_OBJECT_REORDER: Not enough quota is available to process this command. (0x80070718)
17:04:23 [ERROR] EVENT_OBJECT_REORDER: Not enough quota is available to process this command. (0x80070718)
17:04:23 [ERROR] EVENT_OBJECT_REORDER: Not enough quota is available to process this command. (0x80070718)
17:04:23 [ERROR] EVENT_OBJECT_REORDER: Not enough quota is available to process this command. (0x80070718)
17:04:23 [ERROR] EVENT_OBJECT_REORDER: Not enough quota is available to process this command. (0x80070718)
17:04:23 [ERROR] EVENT_OBJECT_REORDER: Not enough quota is available to process this command. (0x80070718)
17:04:23 [ERROR] EVENT_OBJECT_REORDER: Not enough quota is available to process this command. (0x80070718)
17:04:23 [ERROR] EVENT_OBJECT_REORDER: Not enough quota is available to process this command. (0x80070718)
17:04:23 [ERROR] EVENT_OBJECT_REORDER: Not enough quota is available to process this command. (0x80070718)
17:04:23 [ERROR] EVENT_OBJECT_REORDER: Not enough quota is available to process this command. (0x80070718)
17:04:23 [ERROR] EVENT_OBJECT_REORDER: Not enough quota is available to process this command. (0x80070718)
17:04:23 [ERROR] EVENT_OBJECT_REORDER: Not enough quota is available to process this command. (0x80070718)
17:04:23 [ERROR] EVENT_OBJECT_REORDER: Not enough quota is available to process this command. (0x80070718)
17:04:23 [ERROR] EVENT_OBJECT_REORDER: Not enough quota is available to process this command. (0x80070718)
17:04:23 [ERROR] EVENT_OBJECT_REORDER: Not enough quota is available to process this command. (0x80070718)
17:04:23 [ERROR] EVENT_OBJECT_REORDER: Not enough quota is available to process this command. (0x80070718)
17:04:23 [ERROR] EVENT_OBJECT_REORDER: Not enough quota is available to process this command. (0x80070718)
17:04:23 17[ERROR]: 0EVENT_OBJECT_REORDER: 4:23 Not enough quota is available to process this command.[ERROR] ( 0xEVENT_OBJECT_REORDER80070718: )
Not enough quota is available to process this command. (0x80070718)
17:04:23 [ERROR] EVENT_OBJECT_REORDER: Not enough quota is available to process this command. (0x80070718)
17:04:23 [ERROR] EVENT_OBJECT_REORDER: Not enough quota is available to process this command. (0x80070718)
17:04:23 [ERROR] EVENT_OBJECT_REORDER17: :Not enough quota is available to process this command.0 (40x:8007071823) 
[ERROR] EVENT_OBJECT_REORDER: Not enough quota is available to process this command. (0x80070718)
17:04:23 [ERROR] EVENT_OBJECT_REORDER: Not enough quota is available to process this command. (0x80070718)
17:04:23 [ERROR] EVENT_OBJECT_REORDER: Not enough quota is available to process this command. (0x80070718)
17:04:23 [ERROR] EVENT_OBJECT_REORDER: Not enough quota is available to process this command. (0x80070718)
17:04:23 [ERROR] EVENT_OBJECT_REORDER: Not enough quota is available to process this command. (0x80070718)
17:04:23 [ERROR] EVENT_OBJECT_REORDER: Not enough quota is available to process this command. (0x80070718)
17:04:23 [ERROR] EVENT_OBJECT_REORDER: Not enough quota is available to process this command. (0x80070718)
17:04:23 [ERROR] EVENT_OBJECT_REORDER: Not enough quota is available to process this command. (0x80070718)
17:04:23 [ERROR] EVENT_OBJECT_REORDER: Not enough quota is available to process this command. (0x80070718)
17:04:23 [ERROR] EVENT_OBJECT_REORDER: Not enough quota is available to process this command. (0x80070718)
17:04:23 [ERROR] EVENT_OBJECT_REORDER: Not enough quota is available to process this command. (0x80070718)
17:04:23 [ERROR] EVENT_OBJECT_REORDER: Not enough quota is available to process this command. (0x80070718)
17:04:23 [ERROR] EVENT_OBJECT_REORDER: Not enough quota is available to process this command. (0x80070718)
17:04:23 [ERROR] EVENT_OBJECT_REORDER: Not enough quota is available to process this command. (0x80070718)
17:04:23 [ERROR] EVENT_OBJECT_REORDER: Not enough quota is available to process this command. (0x80070718)
17:04:23 [ERROR] EVENT_OBJECT_REORDER: Not enough quota is available to process this command. (0x80070718)
17:04:23 [ERROR] EVENT_OBJECT_REORDER: Not enough quota is available to process this command. (0x80070718)
17:04:23 [ERROR] EVENT_OBJECT_REORDER: Not enough quota is available to process this command. (0x80070718)
17:04:23 [ERROR] EVENT_OBJECT_REORDER: Not enough quota is available to process this command. (0x80070718)
17:04:23 [ERROR] EVENT_OBJECT_REORDER: Not enough quota is available to process this command. (0x80070718)
17:04:23 [ERROR] EVENT_OBJECT_REORDER: Not enough quota is available to process this command. (0x80070718)
17:04:23 [ERROR] EVENT_OBJECT_REORDER: Not enough quota is available to process this command. (0x80070718)
17:04:23 [ERROR] EVENT_OBJECT_REORDER: Not enough quota is available to process this command. (0x80070718)
17:04:23 [ERROR] EVENT_OBJECT_REORDER: Not enough quota is available to process this command. (0x80070718)
17:04:23 [ERROR] EVENT_OBJECT_REORDER: Not enough quota is available to process this command. (0x80070718)
17:04:23 [ERROR] EVENT_OBJECT_REORDER: Not enough quota is available to process this command. (0x80070718)
17:04:23 [ERROR] EVENT_OBJECT_REORDER: Not enough quota is available to process this command. (0x80070718)
17:04:23 [ERROR] EVENT_OBJECT_REORDER: Not enough quota is available to process this command. (0x80070718)
17:04:23 [ERROR] EVENT_OBJECT_REORDER: Not enough quota is available to process this command. (0x80070718)
17:04:23 [ERROR] EVENT_OBJECT_REORDER: Not enough quota is available to process this command. (0x80070718)
17:0174::0234 :23[ERROR]  [ERROR]EVENT_OBJECT_REORDER17 : :EVENT_OBJECT_REORDERNot enough quota is available to process this command.0:  (4Not enough quota is available to process this command.0x: (80070718230x) 80070718
[ERROR]) 
EVENT_OBJECT_REORDER: Not enough quota is available to process this command. (0x80070718)
17:04:23 [ERROR] EVENT_OBJECT_REORDER: Not enough quota is available to process this command. (0x80070718)
17:04:23 [ERROR] EVENT_OBJECT_REORDER: Not enough quota is available to process this command. (0x80070718)
17:04:23 [ERROR] EVENT_OBJECT_REORDER: Not enough quota is available to process this command. (0x80070718)
17:04:23 [ERROR] EVENT_OBJECT_REORDER: Not enough quota is available to process this command. (0x80070718)
17:04:23 [ERROR] EVENT_OBJECT_REORDER: Not enough quota is available to process this command. (0x80070718)
17:04:23 [ERROR] EVENT_OBJECT_REORDER: Not enough quota is available to process this command. (0x80070718)
17:04:23 [ERROR] EVENT_OBJECT_REORDER: Not enough quota is available to process this command. (0x80070718)
17:04:23 [ERROR] EVENT_OBJECT_REORDER: Not enough quota is available to process this command. (0x80070718)
17:04:23 [ERROR] EVENT_OBJECT_REORDER: Not enough quota is available to process this command. (0x80070718)
17:04:23 [ERROR] EVENT_OBJECT_REORDER: Not enough quota is available to process this command. (0x80070718)
17:04:23 [ERROR] EVENT_OBJECT_REORDER: Not enough quota is available to process this command. (0x80070718)
17:04:23 [ERROR] EVENT_OBJECT_REORDER: Not enough quota is available to process this command. (0x80070718)
17:04:23 [ERROR] EVENT_OBJECT_REORDER: Not enough quota is available to process this command. (0x80070718)
17:04:23 [ERROR] EVENT_OBJECT_REORDER: Not enough quota is available to process this command. (0x80070718)
17:0174::23 0[ERROR] 4EVENT_OBJECT_REORDER:: 23Not enough quota is available to process this command. ( 0x80070718[ERROR]) 
EVENT_OBJECT_REORDER: Not enough quota is available to process this command. (0x80070718)
17:04:23 [ERROR] EVENT_OBJECT_REORDER: Not enough quota is available to process this command. (0x80070718)
17:04:23 [ERROR] EVENT_OBJECT_REORDER: Not enough quota is available to process this command. (0x80070718)
17:04:23 [ERROR] EVENT_OBJECT_REORDER: Not enough quota is available to process this command. (0x80070718)
17:04:23 [ERROR] EVENT_OBJECT_REORDER: Not enough quota is available to process this command. (0x80070718)
17:04:23 [ERROR] EVENT_OBJECT_REORDER: Not enough quota is available to process this command. (0x80070718)
17:04:23 [ERROR] EVENT_OBJECT_REORDER: Not enough quota is available to process this command. (0x80070718)
17:04:23 [ERROR] EVENT_OBJECT_REORDER: Not enough quota is available to process this command. (0x80070718)
17:04:23 [ERROR] EVENT_OBJECT_REORDER: Not enough quota is available to process this command. (0x80070718)
17:04:23 [ERROR] EVENT_OBJECT_REORDER: Not enough quota is available to process this command. (0x80070718)
17:04:23 [ERROR] EVENT_OBJECT_REORDER: Not enough quota is available to process this command. (0x80070718)
17:04:23 [ERROR] EVENT_OBJECT_REORDER: Not enough quota is available to process this command. (0x80070718)
17:04:23 [ERROR] EVENT_OBJECT_REORDER: Not enough quota is available to process this command. (0x80070718)
17:04:23 [ERROR] EVENT_OBJECT_REORDER: Not enough quota is available to process this command. (0x80070718)
17:04:23 [ERROR] EVENT_OBJECT_REORDER: Not enough quota is available to process this command. (0x80070718)
17:04:23 [ERROR] EVENT_OBJECT_REORDER: Not enough quota is available to process this command. (0x80070718)
17:04:23 [ERROR] EVENT_OBJECT_REORDER: Not enough quota is available to process this command. (0x80070718)
17:04:23 [ERROR] EVENT_OBJECT_REORDER: Not enough quota is available to process this command. (0x80070718)
17:04:23 [ERROR] EVENT_OBJECT_REORDER: Not enough quota is available to process this command. (0x80070718)
17:04:23 [ERROR] EVENT_OBJECT_REORDER: Not enough quota is available to process this command. (0x80070718)
17:04:23 [ERROR] EVENT_OBJECT_REORDER: Not enough quota is available to process this command. (0x80070718)
17:04:23 [ERROR] EVENT_OBJECT_REORDER: Not enough quota is available to process this command. (0x80070718)
17:04:23 [ERROR] EVENT_OBJECT_REORDER: Not enough quota is available to process this command. (0x80070718)
17:04:23 [ERROR] EVENT_OBJECT_REORDER: Not enough quota is available to process this command. (0x80070718)
17:04:23 [ERROR] EVENT_OBJECT_REORDER: Not enough quota is available to process this command. (0x80070718)
17:04:23 [ERROR] EVENT_OBJECT_REORDER: Not enough quota is available to process this command. (0x80070718)
17:04:23 [ERROR] EVENT_OBJECT_REORDER: Not enough quota is available to process this command. (0x80070718)
17:04:23 [ERROR] EVENT_OBJECT_REORDER: Not enough quota is available to process this command. (0x80070718)
17:04:23 [ERROR] EVENT_OBJECT_REORDER: Not enough quota is available to process this command. (0x80070718)
17:04:23 [ERROR] EVENT_OBJECT_REORDER: Not enough quota is available to process this command. (0x80070718)
17:04:23 [ERROR] EVENT_OBJECT_REORDER: Not enough quota is available to process this command. (0x80070718)
17:04:23 [ERROR] EVENT_OBJECT_REORDER: Not enough quota is available to process this command. (0x80070718)
17:04:23 [ERROR] EVENT_OBJECT_REORDER: Not enough quota is available to process this command. (0x80070718)
17:04:23 [ERROR] EVENT_OBJECT_REORDER: Not enough quota is available to process this command. (0x80070718)
17:04:23 [ERROR] EVENT_OBJECT_REORDER: Not enough quota is available to process this command. (0x80070718)
17:04:23 [ERROR] EVENT_OBJECT_REORDER: Not enough quota is available to process this command. (0x80070718)
17:04:23 [ERROR] EVENT_OBJECT_REORDER: Not enough quota is available to process this command. (0x80070718)
17:04:23 [ERROR] EVENT_OBJECT_REORDER17: :Not enough quota is available to process this command.0 (4:0x2380070718 )
[ERROR] EVENT_OBJECT_REORDER: Not enough quota is available to process this command. (0x80070718)
17:04:23 [ERROR] EVENT_OBJECT_REORDER: Not enough quota is available to process this command. (0x80070718)
17:04:23 [ERROR] EVENT_OBJECT_REORDER: Not enough quota is available to process this command. (0x80070718)
17:04:23 [ERROR] EVENT_OBJECT_REORDER: Not enough quota is available to process this command. (0x80070718)
17:04:23 [ERROR] EVENT_OBJECT_REORDER: Not enough quota is available to process this command. (0x80070718)
17:04:23 [ERROR] EVENT_OBJECT_REORDER: Not enough quota is available to process this command. (0x80070718)
17:04:23 [ERROR] EVENT_OBJECT_REORDER: Not enough quota is available to process this command. (0x80070718)
17:04:23 [ERROR] EVENT_OBJECT_REORDER: Not enough quota is available to process this command. (0x80070718)
17:04:23 [ERROR] EVENT_OBJECT_REORDER: Not enough quota is available to process this command. (0x80070718)
17:04:23 [ERROR] EVENT_OBJECT_REORDER: Not enough quota is available to process this command. (0x80070718)
17:04:23 [ERROR] EVENT_OBJECT_REORDER: Not enough quota is available to process this command. (0x80070718)
17:04:23 [ERROR] EVENT_OBJECT_REORDER: Not enough quota is available to process this command. (0x80070718)
17:04:23 [ERROR] EVENT_OBJECT_REORDER: Not enough quota is available to process this command. (0x80070718)
17:04:23 [ERROR]17 :EVENT_OBJECT_REORDER04: :Not enough quota is available to process this command. (0x80070718)23
 [ERROR] EVENT_OBJECT_REORDER: Not enough quota is available to process this command. (0x80070718)
17:04:23 [ERROR] EVENT_OBJECT_REORDER: Not enough quota is available to process this command. (0x80070718)
17:04:23 [ERROR] EVENT_OBJECT_REORDER: Not enough quota is available to process this command. (0x80070718)
17:04:23 [ERROR] EVENT_OBJECT_REORDER: Not enough quota is available to process this command. (0x80070718)
17:0174::0234 :[ERROR]23  EVENT_OBJECT_REORDER[ERROR]:  Not enough quota is available to process this command.EVENT_OBJECT_REORDER (: 0xNot enough quota is available to process this command.80070718 ()0x
80070718)
17:04:23 [ERROR] EVENT_OBJECT_REORDER: Not enough quota is available to process this command. (0x80070718)
17:04:23 [ERROR] EVENT_OBJECT_REORDER: Not enough quota is available to process this command. (0x80070718)
17:04:23 [ERROR] EVENT_OBJECT_REORDER: Not enough quota is available to process this command. (0x80070718)
17:04:23 [ERROR] EVENT_OBJECT_REORDER: Not enough quota is available to process this command. (0x80070718)
17:04:23 [ERROR] EVENT_OBJECT_REORDER: Not enough quota is available to process this command. (0x80070718)
17:04:23 [ERROR] EVENT_OBJECT_REORDER: Not enough quota is available to process this command. (0x80070718)
17:04:23 [ERROR] EVENT_OBJECT_REORDER: Not enough quota is available to process this command. (0x80070718)
17:04:23 [ERROR] EVENT_OBJECT_REORDER: Not enough quota is available to process this command. (0x80070718)
17:04:23 [ERROR] EVENT_OBJECT_REORDER: Not enough quota is available to process this command. (0x80070718)
17:04:23 [ERROR] EVENT_OBJECT_REORDER: Not enough quota is available to process this command. (0x80070718)
17:04:23 [ERROR] EVENT_OBJECT_REORDER: Not enough quota is available to process this command. (0x80070718)
17:04:23 [ERROR] EVENT_OBJECT_REORDER: 17:04:Not enough quota is available to process this command.23 ( 0x[ERROR]80070718 )EVENT_OBJECT_REORDER
: Not enough quota is available to process this command. (0x80070718)
17:04:23 [ERROR] EVENT_OBJECT_REORDER: Not enough quota is available to process this command. (0x80070718)
17:04:23 [ERROR] EVENT_OBJECT_REORDER: Not enough quota is available to process this command. (0x80070718)
17:04:23 [ERROR] EVENT_OBJECT_REORDER: Not enough quota is available to process this command. (0x80070718)
17:04:23 [ERROR] EVENT_OBJECT_REORDER: Not enough quota is available to process this command. (0x80070718)
17:04:23 [ERROR] EVENT_OBJECT_REORDER: Not enough quota is available to process this command. (0x80070718)
17:04:23 [ERROR] EVENT_OBJECT_REORDER: Not enough quota is available to process this command. (0x80070718)
17:04:23 [ERROR] EVENT_OBJECT_REORDER: Not enough quota is available to process this command. (0x80070718)
17:04:23 [ERROR] EVENT_OBJECT_REORDER: Not enough quota is available to process this command. (0x80070718)
17:04:23 [ERROR] EVENT_OBJECT_REORDER: Not enough quota is available to process this command. (0x80070718)
17:04:23 [ERROR] EVENT_OBJECT_REORDER: Not enough quota is available to process this command. (0x80070718)
17:04:23 [ERROR] EVENT_OBJECT_REORDER: Not enough quota is available to process this command. (0x80070718)
17:04:23 [ERROR] EVENT_OBJECT_REORDER: Not enough quota is available to process this command. (0x80070718)
17:04:23 [ERROR] EVENT_OBJECT_REORDER: Not enough quota is available to process this command. (0x80070718)
17:04:23 [ERROR] EVENT_OBJECT_REORDER: Not enough quota is available to process this command. (0x80070718)
17:04:23 [ERROR] EVENT_OBJECT_REORDER: Not enough quota is available to process this command. (0x80070718)
17:04:23 [ERROR] EVENT_OBJECT_REORDER: Not enough quota is available to process this command. (0x80070718)
17:04:23 [ERROR] EVENT_OBJECT_REORDER: Not enough quota is available to process this command. (0x80070718)
17:04:23 [ERROR] EVENT_OBJECT_REORDER: Not enough quota is available to process this command. (0x80070718)
17:04:23 [ERROR] EVENT_OBJECT_REORDER: Not enough quota is available to process this command. (0x80070718)
17:04:23 [ERROR] EVENT_OBJECT_REORDER: Not enough quota is available to process this command. (0x80070718)
17:04:23 17[ERROR]: 0EVENT_OBJECT_REORDER4: :Not enough quota is available to process this command. (0x8007071823) 
[ERROR] EVENT_OBJECT_REORDER: Not enough quota is available to process this command. (0x80070718)
17:04:23 [ERROR] EVENT_OBJECT_REORDER: Not enough quota is available to process this command. (0x80070718)
17:04:23 [ERROR] EVENT_OBJECT_REORDER: Not enough quota is available to process this command. (0x80070718)
17:04:23 [ERROR] EVENT_OBJECT_REORDER: Not enough quota is available to process this command. (0x80070718)
17:04:23 [ERROR] EVENT_OBJECT_REORDER: Not enough quota is available to process this command. (0x80070718)
17:04:23 [ERROR] EVENT_OBJECT_REORDER17: :04:Not enough quota is available to process this command.23 ( 0x80070718[ERROR]) 
EVENT_OBJECT_REORDER: Not enough quota is available to process this command. (0x80070718)
17:04:1723: 0[ERROR]4: 23EVENT_OBJECT_REORDER : [ERROR] EVENT_OBJECT_REORDERNot enough quota is available to process this command.:  (0x80070718)Not enough quota is available to process this command.
 (0x80070718)
17:04:23 [ERROR] EVENT_OBJECT_REORDER: Not enough quota is available to process this command. (0x80070718)
17:04:23 [ERROR] EVENT_OBJECT_REORDER: Not enough quota is available to process this command. (0x80070718)
17:04:23 [ERROR] EVENT_OBJECT_REORDER: Not enough quota is available to process this command. (0x80070718)
17:04:23 [ERROR] EVENT_OBJECT_REORDER: Not enough quota is available to process this command. (0x80070718)
17:04:23 [ERROR] EVENT_OBJECT_REORDER: Not enough quota is available to process this command. (0x80070718)
17:04:23 [ERROR] EVENT_OBJECT_REORDER: Not enough quota is available to process this command. (0x80070718)
17:04:23 [ERROR] EVENT_OBJECT_REORDER: Not enough quota is available to process this command. (0x80070718)
17:04:23 [ERROR] EVENT_OBJECT_REORDER: Not enough quota is available to process this command. (0x80070718)
17:04:23 [ERROR] EVENT_OBJECT_REORDER: Not enough quota is available to process this command. (0x80070718)
17:04:23 [ERROR] EVENT_OBJECT_REORDER: Not enough quota is available to process this command. (0x80070718)
17:04:23 [ERROR] EVENT_OBJECT_REORDER: Not enough quota is available to process this command. (0x80070718)
17:04:23 [ERROR] EVENT_OBJECT_REORDER: Not enough quota is available to process this command. (0x80070718)
17:04:23 [ERROR] EVENT_OBJECT_REORDER: Not enough quota is available to process this command. (0x80070718)
17:04:23 [ERROR] EVENT_OBJECT_REORDER: Not enough quota is available to process this command. (0x80070718)
17:04:23 [ERROR] EVENT_OBJECT_REORDER: Not enough quota is available to process this command. (0x80070718)
17:04:1723: 0[ERROR] 4EVENT_OBJECT_REORDER:: 23 Not enough quota is available to process this command.[ERROR]  (EVENT_OBJECT_REORDER0x: 80070718Not enough quota is available to process this command.) (
0x80070718)
17:04:23 [ERROR] EVENT_OBJECT_REORDER: Not enough quota is available to process this command. (0x80070718)
17:04:23 [ERROR] EVENT_OBJECT_REORDER: Not enough quota is available to process this command. (0x80070718)
17:04:23 [ERROR] EVENT_OBJECT_REORDER: Not enough quota is available to process this command. (0x80070718)
17:04:23 [ERROR] EVENT_OBJECT_REORDER: Not enough quota is available to process this command. (0x80070718)
17:04:23 [ERROR] EVENT_OBJECT_REORDER: Not enough quota is available to process this command. (0x80070718)
17:04:23 [ERROR] EVENT_OBJECT_REORDER: Not enough quota is available to process this command. (0x80070718)
17:04:23 [ERROR] EVENT_OBJECT_REORDER: Not enough quota is available to process this command. (0x80070718)
17:04:23 [ERROR] EVENT_OBJECT_REORDER: Not enough quota is available to process this command. (0x80070718)
17:04:23 [ERROR] EVENT_OBJECT_REORDER: Not enough quota is available to process this command. (0x80070718)
17:04:23 [ERROR] EVENT_OBJECT_REORDER: Not enough quota is available to process this command. (0x80070718)
17:04:23 [ERROR] EVENT_OBJECT_REORDER: Not enough quota is available to process this command. (0x80070718)
17:04:23 [ERROR] EVENT_OBJECT_REORDER: Not enough quota is available to process this command. (0x80070718)
17:04:23 [ERROR] EVENT_OBJECT_REORDER: Not enough quota is available to process this command. (0x80070718)
17:04:23 [ERROR] EVENT_OBJECT_REORDER: Not enough quota is available to process this command. (0x80070718)
17:04:23 [ERROR] EVENT_OBJECT_REORDER: Not enough quota is available to process this command. (0x80070718)
17:04:23 [ERROR] EVENT_OBJECT_REORDER: Not enough quota is available to process this command. (0x80070718)
17:04:23 [ERROR] EVENT_OBJECT_REORDER: Not enough quota is available to process this command. (0x80070718)
17:04:23 [ERROR] EVENT_OBJECT_REORDER: Not enough quota is available to process this command. (0x80070718)
17:04:23 [ERROR] EVENT_OBJECT_REORDER: Not enough quota is available to process this command. (0x80070718)
17:04:23 [ERROR] EVENT_OBJECT_REORDER: Not enough quota is available to process this command. (0x80070718)
17:04:23 [ERROR] EVENT_OBJECT_REORDER: Not enough quota is available to process this command. (0x80070718)
17:04:23 [ERROR] EVENT_OBJECT_REORDER: Not enough quota is available to process this command. (0x80070718)
17:04:23 [ERROR] EVENT_OBJECT_REORDER: Not enough quota is available to process this command. (0x80070718)
17:04:23 [ERROR] EVENT_OBJECT_REORDER: Not enough quota is available to process this command. (0x80070718)
17:04:23 [ERROR] EVENT_OBJECT_REORDER: Not enough quota is available to process this command. (0x80070718)
17:04:23 [ERROR] EVENT_OBJECT_REORDER: Not enough quota is available to process this command. (0x80070718)
17:04:23 [ERROR] EVENT_OBJECT_REORDER: Not enough quota is available to process this command. (0x80070718)
17:04:23 [ERROR] EVENT_OBJECT_REORDER: Not enough quota is available to process this command. (0x80070718)
17:04:23 [ERROR] EVENT_OBJECT_REORDER: Not enough quota is available to process this command. (0x80070718)
17:04:23 [ERROR] EVENT_OBJECT_REORDER: Not enough quota is available to process this command. (0x80070718)
17:04:23 [ERROR] EVENT_OBJECT_REORDER: Not enough quota is available to process this command. (0x80070718)
17:04:23 [ERROR] EVENT_OBJECT_REORDER: Not enough quota is available to process this command. (0x80070718)
17:04:23 [ERROR] EVENT_OBJECT_REORDER: Not enough quota is available to process this command. (0x80070718)
17:04:23 [ERROR] EVENT_OBJECT_REORDER: Not enough quota is available to process this command. (0x80070718)
17:04:23 [ERROR] EVENT_OBJECT_REORDER: Not enough quota is available to process this command. (0x80070718)
17:04:23 [ERROR] EVENT_OBJECT_REORDER: Not enough quota is available to process this command. (0x80070718)
17:04:23 [ERROR] EVENT_OBJECT_REORDER: Not enough quota is available to process this command. (0x80070718)
17:04:23 [ERROR] EVENT_OBJECT_REORDER: Not enough quota is available to process this command. (0x8007071817):04
:23 [ERROR] EVENT_OBJECT_REORDER: Not enough quota is available to process this command. (0x80070718)
17:04:23 [ERROR] EVENT_OBJECT_REORDER: Not enough quota is available to process this command. (0x80070718)
17:04:1723: 0[ERROR] 4EVENT_OBJECT_REORDER:: 23 [ERROR]Not enough quota is available to process this command.  (EVENT_OBJECT_REORDER: 0x80070718)
Not enough quota is available to process this command. (0x80070718)
17:04:23 [ERROR] EVENT_OBJECT_REORDER: Not enough quota is available to process this command. (0x80070718)
17:0174:0:423: 23[ERROR]  EVENT_OBJECT_REORDER: [ERROR] EVENT_OBJECT_REORDER: Not enough quota is available to process this command. (Not enough quota is available to process this command.0x (800707180x)80070718
)
17:04:23 [ERROR] EVENT_OBJECT_REORDER: Not enough quota is available to process this command. (0x80070718)
17:04:23 [ERROR] EVENT_OBJECT_REORDER: Not enough quota is available to process this command. (0x80070718)
17:0174::0234 :[ERROR]23  EVENT_OBJECT_REORDER[ERROR]:  EVENT_OBJECT_REORDER: Not enough quota is available to process this command. (0xNot enough quota is available to process this command.80070718 ()0x
80070718)
17:04:23 [ERROR] EVENT_OBJECT_REORDER: Not enough quota is available to process this command. (0x80070718)
1717::004:234 :[ERROR] 23EVENT_OBJECT_REORDER : [ERROR] Not enough quota is available to process this command.EVENT_OBJECT_REORDER (: 0xNot enough quota is available to process this command.80070718 ()0x
80070718)
17:04:23 [ERROR] EVENT_OBJECT_REORDER: Not enough quota is available to process this command. (0x80070718)
17:04:23 [ERROR] EVENT_OBJECT_REORDER: Not enough quota is available to process this command. (0x80070718)
17:04:23 [ERROR] EVENT_OBJECT_REORDER: Not enough quota is available to process this command. (0x80070718)
17:04:23 [ERROR] EVENT_OBJECT_REORDER: Not enough quota is available to process this command. (0x80070718)
17:04:23 [ERROR] EVENT_OBJECT_REORDER: Not enough quota is available to process this command. (0x80070718)
17:04:23 [ERROR] EVENT_OBJECT_REORDER: Not enough quota is available to process this command. (0x80070718)
17:04:23 [ERROR] EVENT_OBJECT_REORDER: Not enough quota is available to process this command. (0x80070718)
17:04:23 [ERROR] EVENT_OBJECT_REORDER: Not enough quota is available to process this command. (0x80070718)
17:04:23 [ERROR] EVENT_OBJECT_REORDER: Not enough quota is available to process this command. (0x80070718)
17:04:23 [ERROR] EVENT_OBJECT_REORDER: Not enough quota is available to process this command. (0x80070718)
17:04:23 [ERROR] EVENT_OBJECT_REORDER: Not enough quota is available to process this command. (0x80070718)
17:04:23 [ERROR] EVENT_OBJECT_REORDER: Not enough quota is available to process this command. (0x80070718)
17:04:23 [ERROR] EVENT_OBJECT_REORDER: Not enough quota is available to process this command. (0x80070718)
17:04:23 [ERROR] EVENT_OBJECT_REORDER: Not enough quota is available to process this command. (0x80070718)
17:04:23 [ERROR] EVENT_OBJECT_REORDER: Not enough quota is available to process this command. (0x80070718)
17:04:23 [ERROR] EVENT_OBJECT_REORDER: Not enough quota is available to process this command. (0x80070718)
17:04:23 [ERROR] EVENT_OBJECT_REORDER: Not enough quota is available to process this command. (0x80070718)
17:04:23 [ERROR] EVENT_OBJECT_REORDER: Not enough quota is available to process this command. (0x80070718)
17:04:23 [ERROR] EVENT_OBJECT_REORDER: Not enough quota is available to process this command. (0x80070718)
17:04:23 [ERROR] EVENT_OBJECT_REORDER: Not enough quota is available to process this command. (0x80070718)
17:04:23 [ERROR] EVENT_OBJECT_REORDER: Not enough quota is available to process this command. (0x1780070718:)0
4:23 [ERROR] EVENT_OBJECT_REORDER: Not enough quota is available to process this command. (0x80070718)
17:04:23 [ERROR] EVENT_OBJECT_REORDER: Not enough quota is available to process this command. (0x80070718)
17:04:23 [ERROR] EVENT_OBJECT_REORDER: Not enough quota is available to process this command. (0x80070718)
17:04:23 [ERROR] EVENT_OBJECT_REORDER: Not enough quota is available to process this command. (0x80070718)
17:04:23 [ERROR] EVENT_OBJECT_REORDER: Not enough quota is available to process this command. (0x80070718)
17:04:23 [ERROR] EVENT_OBJECT_REORDER: Not enough quota is available to process this command. (0x80070718)
17:04:23 [ERROR] EVENT_OBJECT_REORDER: Not enough quota is available to process this command. (0x80070718)
17:04:23 [ERROR] EVENT_OBJECT_REORDER: Not enough quota is available to process this command. (0x80070718)
17:04:23 [ERROR] EVENT_OBJECT_REORDER: Not enough quota is available to process this command. (0x80070718)
17:04:23 [ERROR] EVENT_OBJECT_REORDER: Not enough quota is available to process this command. (0x80070718)
17:04:23 [ERROR] EVENT_OBJECT_REORDER: Not enough quota is available to process this command. (0x80070718)
17:04:23 [ERROR] EVENT_OBJECT_REORDER: Not enough quota is available to process this command. (0x80070718)
17:170:40:423: 23[ERROR]  [ERROR]EVENT_OBJECT_REORDER : EVENT_OBJECT_REORDER: Not enough quota is available to process this command. (0x80070718Not enough quota is available to process this command.) (
0x80070718)
17:04:23 [ERROR] EVENT_OBJECT_REORDER: Not enough quota is available to process this command. (0x80070718)
17:04:23 [ERROR] EVENT_OBJECT_REORDER: Not enough quota is available to process this command. (0x80070718)
17:04:23 [ERROR] EVENT_OBJECT_REORDER: Not enough quota is available to process this command. (0x80070718)
17:04:23 [ERROR] EVENT_OBJECT_REORDER: Not enough quota is available to process this command. (0x80070718)
17:04:23 [ERROR] EVENT_OBJECT_REORDER: Not enough quota is available to process this command. (0x80070718)
17:04:23 [ERROR] EVENT_OBJECT_REORDER: Not enough quota is available to process this command. (0x80070718)
17:04:23 [ERROR] EVENT_OBJECT_REORDER: Not enough quota is available to process this command. (0x80070718)
17:04:23 [ERROR] EVENT_OBJECT_REORDER: Not enough quota is available to process this command. (0x80070718)
17:04:23 [ERROR] EVENT_OBJECT_REORDER: Not enough quota is available to process this command. (0x80070718)
17:04:23 [ERROR] EVENT_OBJECT_REORDER: Not enough quota is available to process this command. (0x80070718)
17:04:23 [ERROR] EVENT_OBJECT_REORDER: Not enough quota is available to process this command. (0x80070718)
17:04:23 [ERROR] EVENT_OBJECT_REORDER: Not enough quota is available to process this command. (0x80070718)
17:04:23 [ERROR] EVENT_OBJECT_REORDER: Not enough quota is available to process this command. (0x80070718)
17:04:23 [ERROR] EVENT_OBJECT_REORDER: Not enough quota is available to process this command. (0x80070718)
17:04:23 [ERROR] EVENT_OBJECT_REORDER: Not enough quota is available to process this command. (0x80070718)
17:04:23 [ERROR] 17EVENT_OBJECT_REORDER:: 04:23 Not enough quota is available to process this command.[ERROR] ( 0xEVENT_OBJECT_REORDER80070718: )Not enough quota is available to process this command.
 (0x80070718)
17:04:23 [ERROR] EVENT_OBJECT_REORDER: Not enough quota is available to process this command. (0x80070718)
17:04:23 [ERROR] EVENT_OBJECT_REORDER: Not enough quota is available to process this command. (0x80070718)
17:04:23 [ERROR] EVENT_OBJECT_REORDER: Not enough quota is available to process this command. (0x80070718)
17:04:23 [ERROR] EVENT_OBJECT_REORDER: Not enough quota is available to process this command. (0x80070718)
17:04:23 [ERROR] EVENT_OBJECT_REORDER: Not enough quota is available to process this command. (0x80070718)
17:04:23 [ERROR] EVENT_OBJECT_REORDER: Not enough quota is available to process this command. (0x80070718)
17:04:23 [ERROR] EVENT_OBJECT_REORDER: Not enough quota is available to process this command. (0x80070718)
17:04:23 [ERROR] EVENT_OBJECT_REORDER: Not enough quota is available to process this command. (0x80070718)
17:04:23 [ERROR] EVENT_OBJECT_REORDER: Not enough quota is available to process this command. (0x80070718)
17:04:23 [ERROR] EVENT_OBJECT_REORDER: Not enough quota is available to process this command. (0x80070718)
17:04:23 [ERROR] 17EVENT_OBJECT_REORDER:: 0Not enough quota is available to process this command. (40x:8007071823) 
[ERROR] EVENT_OBJECT_REORDER: Not enough quota is available to process this command. (0x80070718)
17:04:23 [ERROR] EVENT_OBJECT_REORDER: Not enough quota is available to process this command. (0x80070718)
17:04:23 [ERROR] EVENT_OBJECT_REORDER: Not enough quota is available to process this command. (0x80070718)
17:04:23 [ERROR] EVENT_OBJECT_REORDER: Not enough quota is available to process this command. (0x80070718)
17:04:23 [ERROR] EVENT_OBJECT_REORDER: Not enough quota is available to process this command. (0x80070718)
17:04:23 [ERROR] EVENT_OBJECT_REORDER: Not enough quota is available to process this command. (0x80070718)
17:04:23 [ERROR] EVENT_OBJECT_REORDER: Not enough quota is available to process this command. (0x80070718)
17:04:23 [ERROR] EVENT_OBJECT_REORDER: Not enough quota is available to process this command. (0x80070718)
17:04:23 [ERROR] EVENT_OBJECT_REORDER: Not enough quota is available to process this command. (0x80070718)
17:04:23 [ERROR] EVENT_OBJECT_REORDER: Not enough quota is available to process this command. (0x80070718)
17:04:23 [ERROR] EVENT_OBJECT_REORDER: 17Not enough quota is available to process this command.: (00x480070718:)23
 [ERROR] EVENT_OBJECT_REORDER: Not enough quota is available to process this command. (0x80070718)
17:04:23 [ERROR] EVENT_OBJECT_REORDER: Not enough quota is available to process this command. (0x80070718)
17:04:23 [ERROR] EVENT_OBJECT_REORDER: Not enough quota is available to process this command. (0x80070718)
17:04:23 [ERROR] EVENT_OBJECT_REORDER: Not enough quota is available to process this command. (0x80070718)
17:04:23 [ERROR] EVENT_OBJECT_REORDER: Not enough quota is available to process this command. (0x80070718)
17:04:23 [ERROR] EVENT_OBJECT_REORDER: Not enough quota is available to process this command. (0x80070718)
17:04:23 [ERROR] EVENT_OBJECT_REORDER: Not enough quota is available to process this command. (0x80070718)
17:04:23 [ERROR] EVENT_OBJECT_REORDER: Not enough quota is available to process this command. (0x80070718)
17:04:23 [ERROR] EVENT_OBJECT_REORDER: Not enough quota is available to process this command. (0x80070718)
17:04:23 [ERROR] EVENT_OBJECT_REORDER: Not enough quota is available to process this command. (0x80070718)
17:04:23 [ERROR] EVENT_OBJECT_REORDER: Not enough quota is available to process this command. (0x80070718)
17:04:23 [ERROR] EVENT_OBJECT_REORDER: Not enough quota is available to process this command. (0x80070718)
17:04:23 [ERROR] EVENT_OBJECT_REORDER: Not enough quota is available to process this command. (0x80070718)
17:04:23 [ERROR] EVENT_OBJECT_REORDER: Not enough quota is available to process this command. (0x80070718)
17:04:23 [ERROR] EVENT_OBJECT_REORDER: Not enough quota is available to process this command. (0x80070718)
17:04:2317 :[ERROR]0 4EVENT_OBJECT_REORDER:: 23 [ERROR]Not enough quota is available to process this command.  (EVENT_OBJECT_REORDER0x: 80070718)Not enough quota is available to process this command.
 (0x80070718)
17:04:23 [ERROR] EVENT_OBJECT_REORDER: Not enough quota is available to process this command. (0x80070718)
17:04:23 [ERROR] EVENT_OBJECT_REORDER: Not enough quota is available to process this command. (0x80070718)
17:04:23 [ERROR] EVENT_OBJECT_REORDER: Not enough quota is available to process this command. (0x80070718)
17:04:23 [ERROR] EVENT_OBJECT_REORDER: Not enough quota is available to process this command. (0x80070718)
17:04:24 [ERROR] EVENT_OBJECT_REORDER: Not enough quota is available to process this command. (0x80070718)
17:04:24 [ERROR] EVENT_OBJECT_REORDER: Not enough quota is available to process this command. (0x80070718)
17:04:24 [ERROR] EVENT_OBJECT_REORDER: Not enough quota is available to process this command. (0x80070718)
17:04:24 [ERROR] EVENT_OBJECT_REORDER: Not enough quota is available to process this command. (0x80070718)
17:04:24 [ERROR] EVENT_OBJECT_REORDER: Not enough quota is available to process this command. (0x80070718)
17:04:24 [ERROR] EVENT_OBJECT_REORDER: Not enough quota is available to process this command. (0x80070718)
17:04:24 [ERROR] EVENT_OBJECT_REORDER: Not enough quota is available to process this command. (0x80070718)
17:04:24 [ERROR] 17EVENT_OBJECT_REORDER:: 04:24Not enough quota is available to process this command.  (0x80070718[ERROR]) 
EVENT_OBJECT_REORDER: Not enough quota is available to process this command. (0x80070718)
17:04:24 [ERROR] EVENT_OBJECT_REORDER: Not enough quota is available to process this command. (0x80070718)
17:04:24 [ERROR] EVENT_OBJECT_REORDER: Not enough quota is available to process this command. (0x80070718)
17:04:24 [ERROR] EVENT_OBJECT_REORDER: Not enough quota is available to process this command. (0x80070718)
17:04:24 [ERROR] EVENT_OBJECT_REORDER: Not enough quota is available to process this command. (0x80070718)
17:04:24 [ERROR] EVENT_OBJECT_REORDER: Not enough quota is available to process this command. (0x80070718)
17:04:24 [ERROR] EVENT_OBJECT_REORDER: Not enough quota is available to process this command. (0x80070718)
17:04:24 [ERROR] EVENT_OBJECT_REORDER: Not enough quota is available to process this command. (0x80070718)
17:04:24 [ERROR] EVENT_OBJECT_REORDER: Not enough quota is available to process this command. (0x80070718)
17:04:24 [ERROR] EVENT_OBJECT_REORDER: Not enough quota is available to process this command. (0x80070718)
17:04:24 [ERROR] EVENT_OBJECT_REORDER: Not enough quota is available to process this command. (0x80070718)
17:04:24 [ERROR] EVENT_OBJECT_REORDER: Not enough quota is available to process this command. (0x80070718)
17:04:24 [ERROR] EVENT_OBJECT_REORDER: Not enough quota is available to process this command. (0x80070718)
17:04:24 [ERROR] EVENT_OBJECT_REORDER: Not enough quota is available to process this command. (0x80070718)
17:04:24 [ERROR] EVENT_OBJECT_REORDER: Not enough quota is available to process this command. (0x80070718)
17:04:24 [ERROR] EVENT_OBJECT_REORDER: Not enough quota is available to process this command. (0x80070718)
17:04:24 [ERROR] EVENT_OBJECT_REORDER: Not enough quota is available to process this command. (0x80070718)
17:04:24 [ERROR] EVENT_OBJECT_REORDER: Not enough quota is available to process this command. (0x80070718)
17:04:24 [ERROR] EVENT_OBJECT_REORDER: Not enough quota is available to process this command. (0x80070718)
17:04:24 [ERROR] EVENT_OBJECT_REORDER: Not enough quota is available to process this command. (0x80070718)
17:04:24 [ERROR] EVENT_OBJECT_REORDER: Not enough quota is available to process this command. (0x80070718)
17:04:24 [ERROR] EVENT_OBJECT_REORDER: Not enough quota is available to process this command. (0x80070718)
17:04:24 [ERROR] EVENT_OBJECT_REORDER: Not enough quota is available to process this command. (0x80070718)
17:04:24 [ERROR] EVENT_OBJECT_REORDER: Not enough quota is available to process this command. (0x80070718)
17:04:24 [ERROR] EVENT_OBJECT_REORDER: Not enough quota is available to process this command. (0x80070718)
17:04:24 [ERROR] EVENT_OBJECT_REORDER: Not enough quota is available to process this command. (0x80070718)
17:04:24 [ERROR] EVENT_OBJECT_REORDER: Not enough quota is available to process this command. (0x80070718)
17:04:24 [ERROR] EVENT_OBJECT_REORDER: Not enough quota is available to process this command. (0x80070718)
17:04:24 [ERROR] EVENT_OBJECT_REORDER: Not enough quota is available to process this command. (0x80070718)
17:04:24 [ERROR] EVENT_OBJECT_REORDER: Not enough quota is available to process this command. (0x80070718)
17:170:044::2424  [ERROR] [ERROR]EVENT_OBJECT_REORDER:  Not enough quota is available to process this command. (EVENT_OBJECT_REORDER0x: 80070718)
Not enough quota is available to process this command. (0x80070718)
17:04:24 [ERROR] EVENT_OBJECT_REORDER: Not enough quota is available to process this command. (0x80070718)
17:04:24 [ERROR]17 :EVENT_OBJECT_REORDER0: 4:Not enough quota is available to process this command.24 (17 0x:[ERROR]800707180 )4EVENT_OBJECT_REORDER
:: 24 [ERROR] Not enough quota is available to process this command.EVENT_OBJECT_REORDER (: 0xNot enough quota is available to process this command.80070718 ()0x80070718
)
17:04:24 [ERROR] EVENT_OBJECT_REORDER: Not enough quota is available to process this command. (0x80070718)
17:04:24 [ERROR] EVENT_OBJECT_REORDER: Not enough quota is available to process this command. (0x80070718)
17:04:24 [ERROR] EVENT_OBJECT_REORDER: Not enough quota is available to process this command. (0x8007071817):
04:24 [ERROR] EVENT_OBJECT_REORDER: Not enough quota is available to process this command. (0x80070718)
17:04:24 [ERROR] EVENT_OBJECT_REORDER: Not enough quota is available to process this command. (0x80070718)
17:04:24 [ERROR] EVENT_OBJECT_REORDER: Not enough quota is available to process this command. (0x80070718)
17:04:24 [ERROR] EVENT_OBJECT_REORDER: Not enough quota is available to process this command. (0x80070718)
17:04:24 [ERROR] EVENT_OBJECT_REORDER: Not enough quota is available to process this command. (0x80070718)
17:04:24 [ERROR] EVENT_OBJECT_REORDER: Not enough quota is available to process this command. (0x80070718)
17:04:24 [ERROR] EVENT_OBJECT_REORDER: Not enough quota is available to process this command. (0x80070718)
17:04:24 [ERROR] EVENT_OBJECT_REORDER: Not enough quota is available to process this command. (0x80070718)
17:04:24 [ERROR] EVENT_OBJECT_REORDER: Not enough quota is available to process this command. (0x80070718)
17:04:24 [ERROR] EVENT_OBJECT_REORDER: Not enough quota is available to process this command. (0x80070718)
17:04:24 [ERROR] EVENT_OBJECT_REORDER: Not enough quota is available to process this command. (0x80070718)
17:04:24 [ERROR] EVENT_OBJECT_REORDER: Not enough quota is available to process this command. (0x80070718)
17:04:24 [ERROR] EVENT_OBJECT_REORDER: Not enough quota is available to process this command. (0x80070718)
17:04:24 [ERROR] EVENT_OBJECT_REORDER: Not enough quota is available to process this command. (0x80070718)
17:04:24 17:0[ERROR]4 :EVENT_OBJECT_REORDER24 : [ERROR] EVENT_OBJECT_REORDER: Not enough quota is available to process this command. (Not enough quota is available to process this command.0x (800707180x)80070718
)
17:04:24 [ERROR] EVENT_OBJECT_REORDER: Not enough quota is available to process this command. (0x80070718)
17:0417::240 4:24[ERROR]  [ERROR]EVENT_OBJECT_REORDER : EVENT_OBJECT_REORDER: Not enough quota is available to process this command. (0x80070718Not enough quota is available to process this command.) (
0x80070718)
17:04:24 [ERROR] EVENT_OBJECT_REORDER: Not enough quota is available to process this command. (0x80070718)
17:04:24 [ERROR] EVENT_OBJECT_REORDER: Not enough quota is available to process this command. (0x80070718)
17:04:24 [ERROR] EVENT_OBJECT_REORDER: Not enough quota is available to process this command. (0x80070718)
17:04:24 [ERROR] EVENT_OBJECT_REORDER: Not enough quota is available to process this command. (0x80070718)
17:04:24 [ERROR] EVENT_OBJECT_REORDER: Not enough quota is available to process this command. (0x80070718)
17:04:24 [ERROR] EVENT_OBJECT_REORDER: Not enough quota is available to process this command. (0x1780070718:)0
4:24 [ERROR] EVENT_OBJECT_REORDER: Not enough quota is available to process this command. (0x80070718)
17:04:24 [ERROR] EVENT_OBJECT_REORDER: Not enough quota is available to process this command. (0x80070718)
17:04:24 [ERROR] EVENT_OBJECT_REORDER: Not enough quota is available to process this command. (0x80070718)
17:04:24 [ERROR] EVENT_OBJECT_REORDER: Not enough quota is available to process this command. (0x80070718)
17:04:24 [ERROR] EVENT_OBJECT_REORDER: Not enough quota is available to process this command. (0x80070718)
17:04:24 [ERROR] EVENT_OBJECT_REORDER: Not enough quota is available to process this command. (170x:80070718)0
4:24 [ERROR] EVENT_OBJECT_REORDER: Not enough quota is available to process this command. (0x80070718)
17:04:24 [ERROR] EVENT_OBJECT_REORDER: Not enough quota is available to process this command. (0x80070718)
17:04:24 [ERROR] EVENT_OBJECT_REORDER: Not enough quota is available to process this command. (0x80070718)
17:04:24 [ERROR] EVENT_OBJECT_REORDER: Not enough quota is available to process this command. (0x80070718)
17:04:24 [ERROR] EVENT_OBJECT_REORDER: Not enough quota is available to process this command. (0x80070718)
17:04:24 [ERROR] EVENT_OBJECT_REORDER: Not enough quota is available to process this command. (0x80070718)
17:04:24 [ERROR] EVENT_OBJECT_REORDER: Not enough quota is available to process this command. (0x80070718)
17:04:24 [ERROR] EVENT_OBJECT_REORDER: Not enough quota is available to process this command. (0x80070718)
17:04:24 [ERROR] EVENT_OBJECT_REORDER: Not enough quota is available to process this command. (0x80070718)
17:04:24 [ERROR] EVENT_OBJECT_REORDER: Not enough quota is available to process this command. (0x80070718)
17:04:24 [ERROR] EVENT_OBJECT_REORDER: Not enough quota is available to process this command. (0x80070718)
17:04:24 [ERROR] EVENT_OBJECT_REORDER: Not enough quota is available to process this command. (0x80070718)
17:04:24 [ERROR] EVENT_OBJECT_REORDER: Not enough quota is available to process this command. (0x80070718)
17:04:24 [ERROR] EVENT_OBJECT_REORDER: Not enough quota is available to process this command. (0x80070718)
17:04:24 [ERROR] EVENT_OBJECT_REORDER: Not enough quota is available to process this command. (0x80070718)
17:04:24 [ERROR] EVENT_OBJECT_REORDER: Not enough quota is available to process this command. (0x80070718)
17:04:24 [ERROR] EVENT_OBJECT_REORDER: Not enough quota is available to process this command. (0x80070718)
17:04:24 [ERROR] EVENT_OBJECT_REORDER: Not enough quota is available to process this command. (0x80070718)
17:04:24 [ERROR] EVENT_OBJECT_REORDER: Not enough quota is available to process this command. (0x80070718)
17:04:24 [ERROR] EVENT_OBJECT_REORDER: Not enough quota is available to process this command. (0x80070718)
17:04:24 [ERROR] EVENT_OBJECT_REORDER: Not enough quota is available to process this command. (0x80070718)
17:04:24 [ERROR] EVENT_OBJECT_REORDER: Not enough quota is available to process this command. (0x80070718)
17:04:24 [ERROR] EVENT_OBJECT_REORDER: Not enough quota is available to process this command. (0x80070718)
17:04:24 [ERROR] EVENT_OBJECT_REORDER: Not enough quota is available to process this command. (0x80070718)
17:04:24 [ERROR] EVENT_OBJECT_REORDER: Not enough quota is available to process this command. (0x80070718)
17:04:24 [ERROR] EVENT_OBJECT_REORDER: Not enough quota is available to process this command. (0x80070718)
17:04:24 [ERROR] EVENT_OBJECT_REORDER: Not enough quota is available to process this command. (0x80070718)
17:04:24 [ERROR] EVENT_OBJECT_REORDER: Not enough quota is available to process this command. (0x80070718)
17:04:24 [ERROR] EVENT_OBJECT_REORDER: Not enough quota is available to process this command. (0x80070718)
17:04:24 [ERROR] EVENT_OBJECT_REORDER: Not enough quota is available to process this command. (0x80070718)
17:04:24 [ERROR] EVENT_OBJECT_REORDER: Not enough quota is available to process this command. (0x80070718)
17:04:24 [ERROR] EVENT_OBJECT_REORDER: Not enough quota is available to process this command. (0x80070718)
17:04:24 [ERROR] EVENT_OBJECT_REORDER: Not enough quota is available to process this command. (0x80070718)
17:04:24 [ERROR] EVENT_OBJECT_REORDER: Not enough quota is available to process this command. (0x80070718)
17:0417::240 4[ERROR]: 24EVENT_OBJECT_REORDER : [ERROR]Not enough quota is available to process this command.  (EVENT_OBJECT_REORDER0x: 80070718Not enough quota is available to process this command.) (
0x80070718)
17:04:24 [ERROR] EVENT_OBJECT_REORDER: Not enough quota is available to process this command. (0x80070718)
17:04:24 [ERROR] EVENT_OBJECT_REORDER: Not enough quota is available to process this command. (0x80070718)
17:04:24 [ERROR] EVENT_OBJECT_REORDER: Not enough quota is available to process this command. (0x80070718)
17:04:24 [ERROR] EVENT_OBJECT_REORDER: Not enough quota is available to process this command. (0x1780070718:0)4
:24 [ERROR] EVENT_OBJECT_REORDER: Not enough quota is available to process this command. (0x80070718)
17:04:24 [ERROR] EVENT_OBJECT_REORDER: Not enough quota is available to process this command. (0x80070718)
17:04:24 [ERROR] EVENT_OBJECT_REORDER: Not enough quota is available to process this command. (0x80070718)
17:04:24 [ERROR] EVENT_OBJECT_REORDER: Not enough quota is available to process this command. (0x80070718)
17:04:24 [ERROR] EVENT_OBJECT_REORDER: Not enough quota is available to process this command. (0x80070718)
17:04:24 [ERROR] EVENT_OBJECT_REORDER: Not enough quota is available to process this command. (0x80070718)
17:04:24 [ERROR] EVENT_OBJECT_REORDER: Not enough quota is available to process this command. (0x80070718)
17:04:24 [ERROR] EVENT_OBJECT_REORDER: Not enough quota is available to process this command. (0x80070718)
17:04:24 [ERROR] EVENT_OBJECT_REORDER: Not enough quota is available to process this command. (0x80070718)
17:04:24 [ERROR] EVENT_OBJECT_REORDER: Not enough quota is available to process this command. (0x80070718)
17:04:24 [ERROR] EVENT_OBJECT_REORDER: Not enough quota is available to process this command. (0x80070718)
17:04:24 [ERROR] EVENT_OBJECT_REORDER: Not enough quota is available to process this command. (0x80070718)
17:04:24 [ERROR] EVENT_OBJECT_REORDER: Not enough quota is available to process this command. (0x80070718)
17:04:24 [ERROR] EVENT_OBJECT_REORDER: Not enough quota is available to process this command. (0x80070718)
17:04:24 [ERROR] EVENT_OBJECT_REORDER: Not enough quota is available to process this command. (0x80070718)
17:04:24 [ERROR] EVENT_OBJECT_REORDER: Not enough quota is available to process this command. (0x80070718)
17:04:24 [ERROR] EVENT_OBJECT_REORDER: Not enough quota is available to process this command. (0x80070718)
17:04:24 [ERROR] EVENT_OBJECT_REORDER: Not enough quota is available to process this command. (0x80070718)
17:04:24 [ERROR] EVENT_OBJECT_REORDER: Not enough quota is available to process this command. (0x80070718)
17:04:24 [ERROR] EVENT_OBJECT_REORDER: Not enough quota is available to process this command. (0x80070718)
17:04:24 [ERROR] EVENT_OBJECT_REORDER: Not enough quota is available to process this command. (0x80070718)
17:04:24 [ERROR] EVENT_OBJECT_REORDER: Not enough quota is available to process this command. (0x80070718)
17:04:24 [ERROR] EVENT_OBJECT_REORDER: Not enough quota is available to process this command. (0x80070718)17:
04:24 [ERROR] EVENT_OBJECT_REORDER: Not enough quota is available to process this command. (0x80070718)
17:04:24 [ERROR] EVENT_OBJECT_REORDER: Not enough quota is available to process this command. (0x80070718)
17:04:24 [ERROR] EVENT_OBJECT_REORDER: Not enough quota is available to process this command. (0x80070718)
17:04:24 [ERROR] EVENT_OBJECT_REORDER: Not enough quota is available to process this command. (0x80070718)
17:04:24 [ERROR] 17EVENT_OBJECT_REORDER:: 04:24Not enough quota is available to process this command.  (0x[ERROR]80070718 )EVENT_OBJECT_REORDER
: Not enough quota is available to process this command. (0x80070718)
17:04:24 [ERROR] EVENT_OBJECT_REORDER: Not enough quota is available to process this command. (0x80070718)
17:04:24 [ERROR] EVENT_OBJECT_REORDER: Not enough quota is available to process this command. (0x80070718)
17:04:24 [ERROR] EVENT_OBJECT_REORDER: Not enough quota is available to process this command. (0x80070718)
17:04:24 [ERROR] EVENT_OBJECT_REORDER: Not enough quota is available to process this command. (0x80070718)
17:04:24 [ERROR] EVENT_OBJECT_REORDER: Not enough quota is available to process this command. (0x80070718)
17:04:24 [ERROR] EVENT_OBJECT_REORDER: Not enough quota is available to process this command. (0x80070718)
17:04:24 [ERROR] EVENT_OBJECT_REORDER: Not enough quota is available to process this command. (0x80070718)
17:04:24 [ERROR] EVENT_OBJECT_REORDER: Not enough quota is available to process this command. (0x80070718)
17:04:24 [ERROR] EVENT_OBJECT_REORDER: Not enough quota is available to process this command. (0x80070718)
17:04:24 [ERROR] EVENT_OBJECT_REORDER: Not enough quota is available to process this command. (0x80070718)
17:04:24 [ERROR] EVENT_OBJECT_REORDER: Not enough quota is available to process this command. (0x80070718)
17:04:24 [ERROR] EVENT_OBJECT_REORDER: Not enough quota is available to process this command. (0x80070718)
17:04:24 [ERROR] EVENT_OBJECT_REORDER: Not enough quota is available to process this command. (0x80070718)
17:04:24 [ERROR] EVENT_OBJECT_REORDER: Not enough quota is available to process this command. (0x80070718)
17:04:24 [ERROR] EVENT_OBJECT_REORDER: Not enough quota is available to process this command. (0x80070718)
17:04:24 [ERROR] EVENT_OBJECT_REORDER: Not enough quota is available to process this command. (0x80070718)
17:04:24 [ERROR] EVENT_OBJECT_REORDER: Not enough quota is available to process this command. (0x80070718)
17:04:24 [ERROR] EVENT_OBJECT_REORDER: Not enough quota is available to process this command. (0x80070718)
17:04:24 [ERROR] EVENT_OBJECT_REORDER: Not enough quota is available to process this command. (0x80070718)
17:04:24 [ERROR] EVENT_OBJECT_REORDER: 17Not enough quota is available to process this command.17: (:00x04800707184:):24
24  [ERROR][ERROR]  EVENT_OBJECT_REORDER: EVENT_OBJECT_REORDER: Not enough quota is available to process this command.Not enough quota is available to process this command. ( (0x0x8007071880070718))

17:04:24 [ERROR] EVENT_OBJECT_REORDER: Not enough quota is available to process this command. (0x80070718)
17:04:24 [ERROR] EVENT_OBJECT_REORDER: Not enough quota is available to process this command. (0x80070718)
17:04:24 [ERROR] EVENT_OBJECT_REORDER: Not enough quota is available to process this command. (0x80070718)
17:04:24 [ERROR] EVENT_OBJECT_REORDER: Not enough quota is available to process this command. (0x80070718)
17:04:24 [ERROR] EVENT_OBJECT_REORDER: 17:04Not enough quota is available to process this command.: (240x 80070718[ERROR]) 
EVENT_OBJECT_REORDER: Not enough quota is available to process this command. (0x80070718)
17:04:24 [ERROR] EVENT_OBJECT_REORDER: Not enough quota is available to process this command. (0x80070718)
17:04:24 [ERROR] EVENT_OBJECT_REORDER: Not enough quota is available to process this command. (0x80070718)
17:04:24 [ERROR] EVENT_OBJECT_REORDER: Not enough quota is available to process this command.17 (:0x0800707184):
24 [ERROR] EVENT_OBJECT_REORDER: Not enough quota is available to process this command. (0x80070718)
17:04:24 [ERROR] EVENT_OBJECT_REORDER: Not enough quota is available to process this command. (0x80070718)
17:04:24 [ERROR] EVENT_OBJECT_REORDER: Not enough quota is available to process this command. (0x80070718)
17:04:24 [ERROR] EVENT_OBJECT_REORDER: Not enough quota is available to process this command. (0x80070718)
17:04:24 [ERROR] EVENT_OBJECT_REORDER: Not enough quota is available to process this command. (0x80070718)
17:04:24 [ERROR] EVENT_OBJECT_REORDER: Not enough quota is available to process this command. (0x80070718)
17:04:24 [ERROR] EVENT_OBJECT_REORDER: Not enough quota is available to process this command. (0x80070718)
17:04:24 [ERROR] EVENT_OBJECT_REORDER: Not enough quota is available to process this command. (0x80070718)
17:04:24 [ERROR] EVENT_OBJECT_REORDER: Not enough quota is available to process this command. (0x80070718)
17:04:24 [ERROR] EVENT_OBJECT_REORDER: Not enough quota is available to process this command. (0x80070718)
17:04:24 [ERROR] EVENT_OBJECT_REORDER: Not enough quota is available to process this command. (0x80070718)
17:04:24 [ERROR] EVENT_OBJECT_REORDER: Not enough quota is available to process this command. (0x80070718)
17:04:24 [ERROR] EVENT_OBJECT_REORDER: Not enough quota is available to process this command. (0x80070718)
17:04:24 [ERROR] EVENT_OBJECT_REORDER: Not enough quota is available to process this command. (170x:80070718)0
4:24 17[ERROR]: 0EVENT_OBJECT_REORDER4: :Not enough quota is available to process this command.24 ( 0x80070718[ERROR]) 
EVENT_OBJECT_REORDER: Not enough quota is available to process this command. (0x80070718)
17:04:24 [ERROR] EVENT_OBJECT_REORDER: Not enough quota is available to process this command. (0x80070718)
17:04:24 [ERROR] EVENT_OBJECT_REORDER: Not enough quota is available to process this command. (0x80070718)
17:04:24 [ERROR] EVENT_OBJECT_REORDER: Not enough quota is available to process this command. (0x80070718)
17:04:24 [ERROR] EVENT_OBJECT_REORDER: Not enough quota is available to process this command. (0x80070718)
17:04:24 [ERROR] EVENT_OBJECT_REORDER: Not enough quota is available to process this command. (0x80070718)
17:04:24 [ERROR] EVENT_OBJECT_REORDER: Not enough quota is available to process this command. (0x80070718)
17:04:24 [ERROR] EVENT_OBJECT_REORDER: Not enough quota is available to process this command. (0x80070718)
17:04:24 [ERROR] EVENT_OBJECT_REORDER: Not enough quota is available to process this command. (0x80070718)
17:04:24 [ERROR] EVENT_OBJECT_REORDER: Not enough quota is available to process this command. (0x80070718)
17:0174::024 [ERROR]4 :EVENT_OBJECT_REORDER24:  [ERROR] EVENT_OBJECT_REORDERNot enough quota is available to process this command.:  (0x80070718)
Not enough quota is available to process this command. (0x80070718)
17:04:24 [ERROR] EVENT_OBJECT_REORDER: Not enough quota is available to process this command. (0x80070718)
17:04:24 [ERROR] EVENT_OBJECT_REORDER: Not enough quota is available to process this command. (0x80070718)
17:04:24 [ERROR] EVENT_OBJECT_REORDER: Not enough quota is available to process this command. (0x80070718)
17:04:24 [ERROR] EVENT_OBJECT_REORDER: Not enough quota is available to process this command. (0x80070718)
17:04:24 [ERROR] EVENT_OBJECT_REORDER: Not enough quota is available to process this command. (0x80070718)
17:04:24 [ERROR] EVENT_OBJECT_REORDER: Not enough quota is available to process this command. (0x80070718)
17:04:24 [ERROR] EVENT_OBJECT_REORDER: Not enough quota is available to process this command. (0x80070718)
17:04:24 [ERROR] EVENT_OBJECT_REORDER: Not enough quota is available to process this command. (0x80070718)
17:04:24 [ERROR] EVENT_OBJECT_REORDER: Not enough quota is available to process this command. (0x80070718)
17:04:24 [ERROR] EVENT_OBJECT_REORDER: Not enough quota is available to process this command. (0x80070718)
17:04:24 [ERROR] EVENT_OBJECT_REORDER: Not enough quota is available to process this command. (0x80070718)
17:04:24 [ERROR] EVENT_OBJECT_REORDER: Not enough quota is available to process this command. (0x80070718)
17:04:24 [ERROR] EVENT_OBJECT_REORDER: Not enough quota is available to process this command. (0x80070718)
17:04:24 [ERROR] EVENT_OBJECT_REORDER: Not enough quota is available to process this command. (0x80070718)
17:04:24 [ERROR] EVENT_OBJECT_REORDER: Not enough quota is available to process this command. (0x80070718)
17:04:24 [ERROR] EVENT_OBJECT_REORDER: Not enough quota is available to process this command. (0x80070718)
17:04:24 [ERROR] EVENT_OBJECT_REORDER: Not enough quota is available to process this command. (0x80070718)
17:04:24 [ERROR] EVENT_OBJECT_REORDER: Not enough quota is available to process this command. (0x80070718)
17:04:24 [ERROR] EVENT_OBJECT_REORDER: Not enough quota is available to process this command. (0x80070718)
17:04:24 [ERROR] EVENT_OBJECT_REORDER: Not enough quota is available to process this command. (0x80070718)
17:04:24 [ERROR] EVENT_OBJECT_REORDER: Not enough quota is available to process this command. (0x80070718)
17:04:24 [ERROR] EVENT_OBJECT_REORDER: Not enough quota is available to process this command. (0x80070718)
17:04:24 [ERROR] EVENT_OBJECT_REORDER: Not enough quota is available to process this command. (0x80070718)
17:04:24 [ERROR] EVENT_OBJECT_REORDER: Not enough quota is available to process this command. (0x80070718)
17:04:24 [ERROR] EVENT_OBJECT_REORDER: Not enough quota is available to process this command. (0x80070718)
1717::040:424: 24[ERROR]  [ERROR] EVENT_OBJECT_REORDEREVENT_OBJECT_REORDER: : Not enough quota is available to process this command. (Not enough quota is available to process this command.0x (800707180x)80070718
)
17:04:24 [ERROR] EVENT_OBJECT_REORDER: Not enough quota is available to process this command. (0x80070718)
17:0417::240 4[ERROR] EVENT_OBJECT_REORDER:: 24 [ERROR] Not enough quota is available to process this command.EVENT_OBJECT_REORDER (: 0xNot enough quota is available to process this command.80070718 ()0x
80070718)
17:04:24 [ERROR] EVENT_OBJECT_REORDER: Not enough quota is available to process this command. (0x80070718)
17:04:24 [ERROR] EVENT_OBJECT_REORDER: Not enough quota is available to process this command. (0x80070718)
17:04:17:240 4[ERROR]: 24EVENT_OBJECT_REORDER : [ERROR]Not enough quota is available to process this command.  (EVENT_OBJECT_REORDER: 0x80070718)
Not enough quota is available to process this command. (0x80070718)
17:04:24 [ERROR] EVENT_OBJECT_REORDER: Not enough quota is available to process this command. (0x1780070718:)0
4:24 [ERROR] EVENT_OBJECT_REORDER: Not enough quota is available to process this command. (0x80070718)
17:04:24 [ERROR] EVENT_OBJECT_REORDER: Not enough quota is available to process this command. (0x80070718)
17:04:24 [ERROR] EVENT_OBJECT_REORDER: Not enough quota is available to process this command. (0x80070718)
17:04:24 [ERROR] EVENT_OBJECT_REORDER: Not enough quota is available to process this command. (0x80070718)
17:04:24 [ERROR] EVENT_OBJECT_REORDER: Not enough quota is available to process this command. (0x80070718)
17:04:24 [ERROR] EVENT_OBJECT_REORDER: Not enough quota is available to process this command. (0x80070718)
17:04:24 [ERROR] EVENT_OBJECT_REORDER: Not enough quota is available to process this command. (0x80070718)
17:04:24 [ERROR] EVENT_OBJECT_REORDER: Not enough quota is available to process this command. (0x80070718)
17:04:24 [ERROR] EVENT_OBJECT_REORDER: Not enough quota is available to process this command. (0x80070718)
17:04:24 [ERROR] EVENT_OBJECT_REORDER: Not enough quota is available to process this command. (0x80070718)
17:04:24 [ERROR] EVENT_OBJECT_REORDER: Not enough quota is available to process this command. (0x80070718)
17:04:24 [ERROR] EVENT_OBJECT_REORDER: Not enough quota is available to process this command. (0x80070718)
17:04:24 [ERROR] EVENT_OBJECT_REORDER: Not enough quota is available to process this command. (0x80070718)
17:04:24 [ERROR] EVENT_OBJECT_REORDER: Not enough quota is available to process this command. (0x80070718)
17:04:24 [ERROR] EVENT_OBJECT_REORDER: Not enough quota is available to process this command. (0x80070718)
17:04:24 [ERROR] EVENT_OBJECT_REORDER: Not enough quota is available to process this command. (17:0x0800707184):
24 [ERROR] EVENT_OBJECT_REORDER: Not enough quota is available to process this command. (0x80070718)
17:04:24 [ERROR] EVENT_OBJECT_REORDER: Not enough quota is available to process this command. (0x80070718)
17:04:24 [ERROR] EVENT_OBJECT_REORDER: Not enough quota is available to process this command. (0x80070718)
17:04:24 [ERROR] EVENT_OBJECT_REORDER: Not enough quota is available to process this command. (0x80070718)
1717::0044::2424  [ERROR] [ERROR]EVENT_OBJECT_REORDER:  Not enough quota is available to process this command. (0x80070718EVENT_OBJECT_REORDER): 
Not enough quota is available to process this command. (0x80070718)
17:04:24 [ERROR] EVENT_OBJECT_REORDER: Not enough quota is available to process this command. (0x80070718)
17:04:24 [ERROR] EVENT_OBJECT_REORDER: Not enough quota is available to process this command. (0x80070718)
17:04:24 [ERROR] EVENT_OBJECT_REORDER: Not enough quota is available to process this command. (0x80070718)
17:04:24 [ERROR] EVENT_OBJECT_REORDER: Not enough quota is available to process this command. (0x80070718)
17:04:24 [ERROR] EVENT_OBJECT_REORDER: Not enough quota is available to process this command. (0x80070718)
17:04:24 [ERROR] EVENT_OBJECT_REORDER: Not enough quota is available to process this command. (0x80070718)
17:04:24 [ERROR] EVENT_OBJECT_REORDER: Not enough quota is available to process this command. (0x80070718)
17:04:24 [ERROR] EVENT_OBJECT_REORDER: Not enough quota is available to process this command. (0x80070718)
17:04:24 [ERROR] EVENT_OBJECT_REORDER: Not enough quota is available to process this command. (0x80070718)
17:04:24 [ERROR] EVENT_OBJECT_REORDER: Not enough quota is available to process this command. (0x80070718)
17:04:24 [ERROR] EVENT_OBJECT_REORDER: Not enough quota is available to process this command. (0x80070718)
17:170:40:424: 24[ERROR]  17[ERROR]EVENT_OBJECT_REORDER: : 0EVENT_OBJECT_REORDERNot enough quota is available to process this command.4:  (:Not enough quota is available to process this command.0x2417 (80070718 :0x)[ERROR]080070718
 4)EVENT_OBJECT_REORDER:
: 24 Not enough quota is available to process this command. ([ERROR]0x 80070718EVENT_OBJECT_REORDER): 
Not enough quota is available to process this command. (0x80070718)
17:04:24 [ERROR] EVENT_OBJECT_REORDER: Not enough quota is available to process this command. (0x80070718)
17:04:1724: 0[ERROR] 4EVENT_OBJECT_REORDER:: 24 [ERROR] EVENT_OBJECT_REORDERNot enough quota is available to process this command.:  (0x80070718)
Not enough quota is available to process this command. (0x80070718)
17:04:24 [ERROR] EVENT_OBJECT_REORDER: Not enough quota is available to process this command. (0x80070718)
17:04:24 [ERROR] EVENT_OBJECT_REORDER: 17:0Not enough quota is available to process this command.4 (:0x2480070718 )[ERROR]
 EVENT_OBJECT_REORDER: Not enough quota is available to process this command. (0x80070718)
17:04:24 [ERROR] EVENT_OBJECT_REORDER: Not enough quota is available to process this command. (0x80070718)17
:04:24 [ERROR] EVENT_OBJECT_REORDER: Not enough quota is available to process this command. (0x80070718)
17:04:24 [ERROR] EVENT_OBJECT_REORDER: Not enough quota is available to process this command. (0x80070718)
17:04:24 [ERROR] EVENT_OBJECT_REORDER: Not enough quota is available to process this command. (0x80070718)
17:04:24 [ERROR] EVENT_OBJECT_REORDER: Not enough quota is available to process this command. (0x80070718)
17:04:24 [ERROR] EVENT_OBJECT_REORDER: Not enough quota is available to process this command. (0x80070718)
17:04:24 17[ERROR]: 0EVENT_OBJECT_REORDER: 4Not enough quota is available to process this command. (:0x2480070718 )
[ERROR] EVENT_OBJECT_REORDER: Not enough quota is available to process this command. (0x80070718)
17:04:24 [ERROR] EVENT_OBJECT_REORDER: Not enough quota is available to process this command. (0x80070718)
17:04:24 [ERROR] EVENT_OBJECT_REORDER: Not enough quota is available to process this command. (0x80070718)
17:04:24 [ERROR] EVENT_OBJECT_REORDER: Not enough quota is available to process this command. (0x1780070718:)0
4:24 [ERROR] EVENT_OBJECT_REORDER: Not enough quota is available to process this command. (0x80070718)
17:04:24 [ERROR] EVENT_OBJECT_REORDER: Not enough quota is available to process this command. (0x80070718)
17:04:24 [ERROR] EVENT_OBJECT_REORDER: Not enough quota is available to process this command. (0x80070718)
17:04:24 [ERROR] EVENT_OBJECT_REORDER: Not enough quota is available to process this command. (0x80070718)
17:04:24 [ERROR] EVENT_OBJECT_REORDER: Not enough quota is available to process this command. (0x80070718)
17:04:24 [ERROR] EVENT_OBJECT_REORDER: Not enough quota is available to process this command. (0x80070718)
17:04:24 [ERROR] EVENT_OBJECT_REORDER: Not enough quota is available to process this command. (0x80070718)
17:04:24 [ERROR] EVENT_OBJECT_REORDER: Not enough quota is available to process this command. (0x80070718)
17:04:24 [ERROR] EVENT_OBJECT_REORDER: Not enough quota is available to process this command. (0x80070718)
17:04:24 [ERROR] EVENT_OBJECT_REORDER: Not enough quota is available to process this command. (0x80070718)
17:04:24 [ERROR] EVENT_OBJECT_REORDER: Not enough quota is available to process this command. (0x80070718)
17:04:24 [ERROR] EVENT_OBJECT_REORDER: Not enough quota is available to process this command. (0x80070718)
17:04:24 [ERROR] EVENT_OBJECT_REORDER: Not enough quota is available to process this command. (0x80070718)
17:04:24 [ERROR] EVENT_OBJECT_REORDER: Not enough quota is available to process this command. (0x80070718)
17:04:24 [ERROR] EVENT_OBJECT_REORDER: Not enough quota is available to process this command. (0x80070718)
17:04:24 [ERROR] EVENT_OBJECT_REORDER: Not enough quota is available to process this command. (0x80070718)
17:04:24 [ERROR] EVENT_OBJECT_REORDER: Not enough quota is available to process this command. (0x80070718)
17:04:24 [ERROR] EVENT_OBJECT_REORDER: Not enough quota is available to process this command. (0x80070718)
17:04:24 [ERROR] EVENT_OBJECT_REORDER: Not enough quota is available to process this command. (0x80070718)
17:04:24 [ERROR] EVENT_OBJECT_REORDER: Not enough quota is available to process this command. (0x80070718)
17:04:24 [ERROR] EVENT_OBJECT_REORDER: Not enough quota is available to process this command. (0x80070718)
17:04:24 [ERROR] EVENT_OBJECT_REORDER: Not enough quota is available to process this command. (0x80070718)
17:04:24 [ERROR] EVENT_OBJECT_REORDER: Not enough quota is available to process this command. (0x80070718)
17:04:24 [ERROR] EVENT_OBJECT_REORDER: Not enough quota is available to process this command. (0x80070718)
17:04:24 [ERROR] EVENT_OBJECT_REORDER: Not enough quota is available to process this command. (0x80070718)
17:04:24 [ERROR] EVENT_OBJECT_REORDER: Not enough quota is available to process this command. (0x80070718)
17:04:24 [ERROR] EVENT_OBJECT_REORDER: Not enough quota is available to process this command. (0x80070718)
17:04:24 [ERROR] EVENT_OBJECT_REORDER: Not enough quota is available to process this command. (0x80070718)
17:04:24 [ERROR] EVENT_OBJECT_REORDER: Not enough quota is available to process this command. (0x80070718)
17:04:24 [ERROR] EVENT_OBJECT_REORDER: Not enough quota is available to process this command. (0x80070718)
17:04:24 [ERROR] EVENT_OBJECT_REORDER: Not enough quota is available to process this command. (0x80070718)
17:04:24 [ERROR] EVENT_OBJECT_REORDER: Not enough quota is available to process this command. (0x80070718)
17:04:24 [ERROR] EVENT_OBJECT_REORDER: Not enough quota is available to process this command. (0x80070718)
17:04:24 [ERROR] EVENT_OBJECT_REORDER: Not enough quota is available to process this command. (0x80070718)
17:04:24 [ERROR] EVENT_OBJECT_REORDER: Not enough quota is available to process this command. (0x80070718)
17:04:24 [ERROR] EVENT_OBJECT_REORDER: Not enough quota is available to process this command. (0x80070718)
17:04:24 [ERROR] EVENT_OBJECT_REORDER: Not enough quota is available to process this command. (0x80070718)
17:04:24 [ERROR] EVENT_OBJECT_REORDER: Not enough quota is available to process this command. (0x80070718)
17:04:24 [ERROR] EVENT_OBJECT_REORDER: Not enough quota is available to process this command. (0x80070718)
17:04:24 [ERROR] EVENT_OBJECT_REORDER: Not enough quota is available to process this command. (0x80070718)
17:04:24 [ERROR] EVENT_OBJECT_REORDER: Not enough quota is available to process this command. (0x80070718)
17:04:24 [ERROR] EVENT_OBJECT_REORDER: Not enough quota is available to process this command. (0x80070718)
17:04:24 [ERROR] EVENT_OBJECT_REORDER: Not enough quota is available to process this command. (0x80070718)
17:04:24 [ERROR] EVENT_OBJECT_REORDER: Not enough quota is available to process this command. (0x80070718)
17:04:24 [ERROR] EVENT_OBJECT_REORDER: Not enough quota is available to process this command. (0x80070718)
17:04:24 [ERROR] EVENT_OBJECT_REORDER: Not enough quota is available to process this command. (0x80070718)
17:04:24 [ERROR] EVENT_OBJECT_REORDER: Not enough quota is available to process this command. (0x80070718)
17:04:24 [ERROR] EVENT_OBJECT_REORDER: Not enough quota is available to process this command. (0x80070718)
17:04:24 [ERROR] EVENT_OBJECT_REORDER: Not enough quota is available to process this command. (0x80070718)
17:04:24 [ERROR] EVENT_OBJECT_REORDER: Not enough quota is available to process this command. (0x80070718)
17:04:24 [ERROR] EVENT_OBJECT_REORDER: Not enough quota is available to process this command. (0x80070718)
17:04:24 [ERROR] EVENT_OBJECT_REORDER: Not enough quota is available to process this command. (0x80070718)
17:04:24 [ERROR] EVENT_OBJECT_REORDER: Not enough quota is available to process this command. (0x80070718)
17:04:24 [ERROR] EVENT_OBJECT_REORDER: Not enough quota is available to process this command. (170x:800707180)4
:24 [ERROR] EVENT_OBJECT_REORDER: Not enough quota is available to process this command. (0x80070718)
17:04:2417 :0[ERROR]4 :EVENT_OBJECT_REORDER24:  [ERROR] EVENT_OBJECT_REORDER: Not enough quota is available to process this command. (0xNot enough quota is available to process this command.80070718 ()0x
80070718)
17:04:24 [ERROR] EVENT_OBJECT_REORDER: Not enough quota is available to process this command. (0x80070718)
17:04:24 [ERROR] EVENT_OBJECT_REORDER: Not enough quota is available to process this command. (0x80070718)
17:04:24 [ERROR] EVENT_OBJECT_REORDER: Not enough quota is available to process this command. (0x80070718)
17:04:24 [ERROR] EVENT_OBJECT_REORDER: Not enough quota is available to process this command. (0x80070718)
17:04:24 [ERROR] EVENT_OBJECT_REORDER: Not enough quota is available to process this command. (0x80070718)
17:04:24 [ERROR] EVENT_OBJECT_REORDER: Not enough quota is available to process this command. (0x80070718)
17:04:24 [ERROR] EVENT_OBJECT_REORDER: Not enough quota is available to process this command. (0x80070718)
17:04:24 [ERROR] EVENT_OBJECT_REORDER: Not enough quota is available to process this command. (0x80070718)
17:04:24 [ERROR] EVENT_OBJECT_REORDER: Not enough quota is available to process this command. (0x80070718)
17:04:24 [ERROR] EVENT_OBJECT_REORDER: Not enough quota is available to process this command. (0x80070718)
17:04:24 [ERROR] EVENT_OBJECT_REORDER: Not enough quota is available to process this command. (0x80070718)
17:04:24 [ERROR] EVENT_OBJECT_REORDER: Not enough quota is available to process this command. (0x80070718)
17:04:24 [ERROR] EVENT_OBJECT_REORDER: Not enough quota is available to process this command. (0x80070718)
17:04:24 [ERROR] EVENT_OBJECT_REORDER: Not enough quota is available to process this command. (0x80070718)
17:04:24 [ERROR] EVENT_OBJECT_REORDER: Not enough quota is available to process this command. (0x80070718)
17:04:24 [ERROR] EVENT_OBJECT_REORDER: Not enough quota is available to process this command. (0x80070718)
17:0174::0244 :[ERROR]24  [ERROR] EVENT_OBJECT_REORDEREVENT_OBJECT_REORDER: : Not enough quota is available to process this command.Not enough quota is available to process this command. ( (0x0x8007071880070718))

17:04:24 [ERROR] EVENT_OBJECT_REORDER: Not enough quota is available to process this command. (0x80070718)
17:04:24 [ERROR] EVENT_OBJECT_REORDER: Not enough quota is available to process this command. (0x80070718)
17:04:24 [ERROR] EVENT_OBJECT_REORDER: Not enough quota is available to process this command. (0x80070718)
17:04:24 [ERROR] EVENT_OBJECT_REORDER: Not enough quota is available to process this command. (0x80070718)
17:04:24 [ERROR] EVENT_OBJECT_REORDER: Not enough quota is available to process this command. (0x80070718)
17:04:24 [ERROR] EVENT_OBJECT_REORDER: Not enough quota is available to process this command. (0x80070718)
17:04:17:04:24 [ERROR]24  EVENT_OBJECT_REORDER[ERROR]:  EVENT_OBJECT_REORDER: Not enough quota is available to process this command. (Not enough quota is available to process this command.0x (800707180x)80070718
)
17:04:24 [ERROR] EVENT_OBJECT_REORDER: Not enough quota is available to process this command. (0x80070718)
17:04:24 [ERROR] EVENT_OBJECT_REORDER: Not enough quota is available to process this command. (0x80070718)
17:04:24 [ERROR] EVENT_OBJECT_REORDER: Not enough quota is available to process this command. (0x80070718)
17:0174::0244 :[ERROR] EVENT_OBJECT_REORDER24:  Not enough quota is available to process this command.[ERROR] ( 0xEVENT_OBJECT_REORDER80070718: )
Not enough quota is available to process this command. (0x80070718)
17:04:24 [ERROR] EVENT_OBJECT_REORDER: Not enough quota is available to process this command. (0x80070718)
17:04:24 [ERROR] EVENT_OBJECT_REORDER: Not enough quota is available to process this command. (0x80070718)
17:04:24 [ERROR] EVENT_OBJECT_REORDER: Not enough quota is available to process this command. (0x80070718)
17:04:24 [ERROR] EVENT_OBJECT_REORDER: Not enough quota is available to process this command. (0x80070718)
17:04:24 [ERROR] EVENT_OBJECT_REORDER: Not enough quota is available to process this command. (0x80070718)
17:04:24 [ERROR] EVENT_OBJECT_REORDER: Not enough quota is available to process this command. (0x80070718)
17:04:24 [ERROR] EVENT_OBJECT_REORDER: Not enough quota is available to process this command. (0x80070718)
17:04:24 [ERROR] EVENT_OBJECT_REORDER: Not enough quota is available to process this command. (0x80070718)
17:04:24 [ERROR] EVENT_OBJECT_REORDER: Not enough quota is available to process this command. (0x80070718)
17:04:24 [ERROR] EVENT_OBJECT_REORDER: Not enough quota is available to process this command. (0x80070718)
17:04:24 [ERROR] EVENT_OBJECT_REORDER: Not enough quota is available to process this command. (0x80070718)
17:0174::0244 :[ERROR] 24EVENT_OBJECT_REORDER : [ERROR] EVENT_OBJECT_REORDERNot enough quota is available to process this command.:  (0xNot enough quota is available to process this command.80070718 ()0x
80070718)
17:04:24 [ERROR] EVENT_OBJECT_REORDER: Not enough quota is available to process this command. (0x80070718)
17:0174::0424: 24[ERROR]  [ERROR]EVENT_OBJECT_REORDER : EVENT_OBJECT_REORDERNot enough quota is available to process this command. (0x80070718): 
Not enough quota is available to process this command. (0x80070718)
17:04:24 [ERROR] EVENT_OBJECT_REORDER: Not enough quota is available to process this command. (0x80070718)
17:04:24 [ERROR] EVENT_OBJECT_REORDER: Not enough quota is available to process this command. (0x80070718)
17:04:24 [ERROR] EVENT_OBJECT_REORDER: Not enough quota is available to process this command. (0x80070718)
17:04:24 [ERROR] EVENT_OBJECT_REORDER: Not enough quota is available to process this command. (0x80070718)
17:04:24 [ERROR] EVENT_OBJECT_REORDER: Not enough quota is available to process this command. (0x80070718)
17:04:24 [ERROR] EVENT_OBJECT_REORDER: Not enough quota is available to process this command. (0x80070718)
17:170:40:424: 24 [ERROR][ERROR]  EVENT_OBJECT_REORDEREVENT_OBJECT_REORDER: : Not enough quota is available to process this command.Not enough quota is available to process this command. (17 (0x:0x80070718080070718)4)
:
24 [ERROR] EVENT_OBJECT_REORDER: Not enough quota is available to process this command. (0x80070718)
17:04:24 [ERROR] EVENT_OBJECT_REORDER: Not enough quota is available to process this command. (0x80070718)
17:04:24 [ERROR] EVENT_OBJECT_REORDER: Not enough quota is available to process this command. (0x80070718)
17:04:24 [ERROR] EVENT_OBJECT_REORDER: Not enough quota is available to process this command. (0x80070718)
17:04:24 [ERROR] EVENT_OBJECT_REORDER: Not enough quota is available to process this command. (0x80070718)
17:04:24 [ERROR] EVENT_OBJECT_REORDER: Not enough quota is available to process this command. (0x80070718)
17:04:24 [ERROR] EVENT_OBJECT_REORDER: Not enough quota is available to process this command. (0x80070718)
17:04:24 [ERROR] EVENT_OBJECT_REORDER: Not enough quota is available to process this command. (0x80070718)
17:04:24 [ERROR] EVENT_OBJECT_REORDER: Not enough quota is available to process this command. (0x80070718)
17:04:24 [ERROR]17 :EVENT_OBJECT_REORDER0: 4:24Not enough quota is available to process this command.  ([ERROR]0x 80070718)
EVENT_OBJECT_REORDER: Not enough quota is available to process this command. (0x80070718)
17:04:24 [ERROR] EVENT_OBJECT_REORDER: Not enough quota is available to process this command. (0x80070718)
17:04:24 [ERROR] EVENT_OBJECT_REORDER: Not enough quota is available to process this command. (0x80070718)
17:04:24 [ERROR] EVENT_OBJECT_REORDER: Not enough quota is available to process this command. (0x80070718)
17:04:24 [ERROR] EVENT_OBJECT_REORDER: Not enough quota is available to process this command. (0x80070718)
17:04:24 [ERROR] EVENT_OBJECT_REORDER: Not enough quota is available to process this command. (0x80070718)
17:04:24 [ERROR] EVENT_OBJECT_REORDER: Not enough quota is available to process this command. (0x80070718)
17:04:24 [ERROR] EVENT_OBJECT_REORDER: Not enough quota is available to process this command. (0x80070718)
17:04:24 [ERROR] EVENT_OBJECT_REORDER: Not enough quota is available to process this command. (0x80070718)
17:04:24 [ERROR] EVENT_OBJECT_REORDER: Not enough quota is available to process this command. (0x80070718)
17:04:24 [ERROR] EVENT_OBJECT_REORDER: Not enough quota is available to process this command. (0x80070718)
17:04:24 [ERROR] EVENT_OBJECT_REORDER: Not enough quota is available to process this command. (0x80070718)
17:04:24 [ERROR] EVENT_OBJECT_REORDER: Not enough quota is available to process this command. (0x80070718)
17:04:24 [ERROR] EVENT_OBJECT_REORDER: Not enough quota is available to process this command. (0x80070718)
17:04:24 [ERROR] EVENT_OBJECT_REORDER: Not enough quota is available to process this command. (0x80070718)
17:04:24 [ERROR] EVENT_OBJECT_REORDER: Not enough quota is available to process this command. (0x80070718)
17:04:24 [ERROR] EVENT_OBJECT_REORDER: Not enough quota is available to process this command. (0x80070718)
17:04:24 [ERROR] EVENT_OBJECT_REORDER: Not enough quota is available to process this command. (0x80070718)
17:04:24 [ERROR] EVENT_OBJECT_REORDER: Not enough quota is available to process this command. (0x80070718)
17:04:24 [ERROR] EVENT_OBJECT_REORDER: Not enough quota is available to process this command. (0x80070718)17
:04:24 [ERROR] EVENT_OBJECT_REORDER: Not enough quota is available to process this command. (0x80070718)
17:04:24 [ERROR] EVENT_OBJECT_REORDER: Not enough quota is available to process this command. (0x80070718)
17:04:24 [ERROR] EVENT_OBJECT_REORDER: Not enough quota is available to process this command. (0x80070718)
17:04:24 [ERROR] EVENT_OBJECT_REORDER: Not enough quota is available to process this command. (0x80070718)
17:04:24 [ERROR] EVENT_OBJECT_REORDER: Not enough quota is available to process this command. (0x80070718)
17:04:24 [ERROR] EVENT_OBJECT_REORDER: Not enough quota is available to process this command. (0x80070718)
17:0417::240 4[ERROR]: 1724EVENT_OBJECT_REORDER: : 0[ERROR]Not enough quota is available to process this command.4  (:EVENT_OBJECT_REORDER0x24: 80070718 Not enough quota is available to process this command.)[ERROR] (
 0xEVENT_OBJECT_REORDER80070718: )
Not enough quota is available to process this command. (0x80070718)
17:04:24 [ERROR] EVENT_OBJECT_REORDER: Not enough quota is available to process this command. (0x80070718)
17:04:24 [ERROR] EVENT_OBJECT_REORDER: Not enough quota is available to process this command. (0x80070718)
17:04:24 [ERROR] EVENT_OBJECT_REORDER: Not enough quota is available to process this command. (0x80070718)
17:04:24 [ERROR] EVENT_OBJECT_REORDER: Not enough quota is available to process this command. (0x80070718)
17:04:24 [ERROR] EVENT_OBJECT_REORDER: Not enough quota is available to process this command. (0x80070718)
17:04:24 [ERROR] EVENT_OBJECT_REORDER: Not enough quota is available to process this command. (0x80070718)
17:04:24 [ERROR] EVENT_OBJECT_REORDER: Not enough quota is available to process this command. (0x80070718)
17:04:24 [ERROR] EVENT_OBJECT_REORDER: Not enough quota is available to process this command. (0x80070718)
17:04:24 [ERROR] EVENT_OBJECT_REORDER: Not enough quota is available to process this command. (0x80070718)
17:04:24 [ERROR] EVENT_OBJECT_REORDER: Not enough quota is available to process this command. (0x80070718)
17:04:24 [ERROR] EVENT_OBJECT_REORDER: Not enough quota is available to process this command. (0x80070718)
17:04:24 [ERROR] EVENT_OBJECT_REORDER: Not enough quota is available to process this command. (0x80070718)
17:04:24 [ERROR] EVENT_OBJECT_REORDER: Not enough quota is available to process this command. (0x80070718)
17:04:24 [ERROR] EVENT_OBJECT_REORDER: Not enough quota is available to process this command. (0x80070718)
17:04:17:240 4[ERROR]: 24EVENT_OBJECT_REORDER : [ERROR] Not enough quota is available to process this command.EVENT_OBJECT_REORDER (: 0xNot enough quota is available to process this command.80070718) (0x
80070718)
17:04:24 [ERROR] EVENT_OBJECT_REORDER: Not enough quota is available to process this command. (0x80070718)
17:04:24 [ERROR] EVENT_OBJECT_REORDER: Not enough quota is available to process this command. (0x80070718)
17:04:24 [ERROR] EVENT_OBJECT_REORDER: Not enough quota is available to process this command. (0x80070718)
17:04:24 [ERROR] EVENT_OBJECT_REORDER: Not enough quota is available to process this command. (0x80070718)
17:04:24 [ERROR] EVENT_OBJECT_REORDER: Not enough quota is available to process this command. (0x80070718)
17:04:24 [ERROR] EVENT_OBJECT_REORDER: Not enough quota is available to process this command. (0x80070718)
17:04:24 [ERROR] EVENT_OBJECT_REORDER: Not enough quota is available to process this command. (0x80070718)
17:04:24 [ERROR] EVENT_OBJECT_REORDER: Not enough quota is available to process this command. (0x80070718)
17:04:24 [ERROR] EVENT_OBJECT_REORDER: Not enough quota is available to process this command. (0x80070718)
17:04:24 [ERROR] EVENT_OBJECT_REORDER: Not enough quota is available to process this command. (0x80070718)
17:04:24 [ERROR] EVENT_OBJECT_REORDER: Not enough quota is available to process this command. (0x80070718)
17:04:24 [ERROR] EVENT_OBJECT_REORDER: Not enough quota is available to process this command. (0x80070718)
17:04:24 [ERROR] EVENT_OBJECT_REORDER: Not enough quota is available to process this command. (0x80070718)
17:04:24 [ERROR] EVENT_OBJECT_REORDER: Not enough quota is available to process this command. (0x80070718)17
:04:24 [ERROR] EVENT_OBJECT_REORDER: Not enough quota is available to process this command. (0x80070718)
17:04:24 [ERROR] EVENT_OBJECT_REORDER: Not enough quota is available to process this command. (0x80070718)
17:04:24 [ERROR] EVENT_OBJECT_REORDER: Not enough quota is available to process this command. (0x80070718)
17:04:24 [ERROR] EVENT_OBJECT_REORDER: Not enough quota is available to process this command. (0x80070718)
17:04:24 [ERROR] EVENT_OBJECT_REORDER: Not enough quota is available to process this command. (0x80070718)
17:04:24 [ERROR] EVENT_OBJECT_REORDER: Not enough quota is available to process this command. (0x80070718)
17:04:24 [ERROR] EVENT_OBJECT_REORDER: Not enough quota is available to process this command. (0x80070718)
17:04:24 [ERROR] EVENT_OBJECT_REORDER: Not enough quota is available to process this command. (0x80070718)
17:04:24 [ERROR] EVENT_OBJECT_REORDER: Not enough quota is available to process this command. (0x80070718)
17:04:24 [ERROR] EVENT_OBJECT_REORDER: Not enough quota is available to process this command. (0x80070718)
17:04:24 [ERROR] EVENT_OBJECT_REORDER: Not enough quota is available to process this command. (0x80070718)
17:04:24 [ERROR] EVENT_OBJECT_REORDER: Not enough quota is available to process this command. (0x80070718)
17:04:24 [ERROR] EVENT_OBJECT_REORDER: Not enough quota is available to process this command. (0x80070718)
17:04:24 [ERROR] EVENT_OBJECT_REORDER: Not enough quota is available to process this command. (0x80070718)
17:04:24 [ERROR] EVENT_OBJECT_REORDER: Not enough quota is available to process this command. (0x80070718)
17:04:24 [ERROR]17 :EVENT_OBJECT_REORDER0: 4:Not enough quota is available to process this command.24 ( 0x80070718[ERROR]) 
EVENT_OBJECT_REORDER: Not enough quota is available to process this command. (0x80070718)
17:17:04:240 4[ERROR]: 24EVENT_OBJECT_REORDER : [ERROR]Not enough quota is available to process this command. ( 0xEVENT_OBJECT_REORDER80070718: )Not enough quota is available to process this command.
 (0x80070718)
17:04:24 [ERROR] EVENT_OBJECT_REORDER: Not enough quota is available to process this command. (0x80070718)
17:04:24 [ERROR] EVENT_OBJECT_REORDER: Not enough quota is available to process this command. (0x80070718)
17:04:24 [ERROR] EVENT_OBJECT_REORDER: Not enough quota is available to process this command. (0x80070718)
17:04:1724 :[ERROR]04:24  EVENT_OBJECT_REORDER[ERROR]:  EVENT_OBJECT_REORDER: Not enough quota is available to process this command. (0x80070718Not enough quota is available to process this command.) (
0x80070718)
17:04:24 [ERROR] EVENT_OBJECT_REORDER: Not enough quota is available to process this command. (0x80070718)
17:04:24 [ERROR] EVENT_OBJECT_REORDER: Not enough quota is available to process this command. (0x80070718)
17:04:24 [ERROR] EVENT_OBJECT_REORDER: Not enough quota is available to process this command. (0x80070718)
17:04:24 [ERROR] EVENT_OBJECT_REORDER: Not enough quota is available to process this command. (0x80070718)
17:04:24 [ERROR] EVENT_OBJECT_REORDER: Not enough quota is available to process this command. (0x80070718)
17:04:24 [ERROR] EVENT_OBJECT_REORDER: Not enough quota is available to process this command. (0x80070718)
17:04:24 [ERROR] EVENT_OBJECT_REORDER: Not enough quota is available to process this command. (0x80070718)
17:04:24 [ERROR] EVENT_OBJECT_REORDER: Not enough quota is available to process this command. (0x80070718)
17:04:24 [ERROR] EVENT_OBJECT_REORDER: Not enough quota is available to process this command. (0x80070718)
17:04:24 [ERROR] EVENT_OBJECT_REORDER: Not enough quota is available to process this command. (0x80070718)
17:04:24 [ERROR] EVENT_OBJECT_REORDER: Not enough quota is available to process this command. (0x80070718)
17:04:24 [ERROR] EVENT_OBJECT_REORDER: Not enough quota is available to process this command. (0x80070718)
17:04:24 [ERROR] EVENT_OBJECT_REORDER: Not enough quota is available to process this command. (0x80070718)
17:04:24 [ERROR] EVENT_OBJECT_REORDER: Not enough quota is available to process this command. (0x80070718)
17:04:24 [ERROR] EVENT_OBJECT_REORDER: Not enough quota is available to process this command. (0x80070718)
17:04:24 [ERROR] EVENT_OBJECT_REORDER: Not enough quota is available to process this command. (0x80070718)
17:04:24 [ERROR] EVENT_OBJECT_REORDER: Not enough quota is available to process this command. (0x80070718)
17:04:24 [ERROR] EVENT_OBJECT_REORDER: Not enough quota is available to process this command. (0x80070718)
17:04:24 [ERROR] EVENT_OBJECT_REORDER: Not enough quota is available to process this command. (0x80070718)
17:04:24 [ERROR] EVENT_OBJECT_REORDER: Not enough quota is available to process this command. (0x80070718)
17:04:24 [ERROR] EVENT_OBJECT_REORDER: Not enough quota is available to process this command. (0x80070718)
17:04:24 [ERROR] EVENT_OBJECT_REORDER: Not enough quota is available to process this command. (0x80070718)
17:04:24 [ERROR] EVENT_OBJECT_REORDER: Not enough quota is available to process this command. (0x8007071817):
04:24 [ERROR] EVENT_OBJECT_REORDER: Not enough quota is available to process this command. (0x80070718)
17:04:24 [ERROR] EVENT_OBJECT_REORDER: Not enough quota is available to process this command. (0x80070718)
17:04:24 [ERROR] EVENT_OBJECT_REORDER: Not enough quota is available to process this command. (0x80070718)
17:04:24 [ERROR] EVENT_OBJECT_REORDER: Not enough quota is available to process this command. (0x80070718)
17:04:24 [ERROR] EVENT_OBJECT_REORDER: Not enough quota is available to process this command. (0x80070718)
17:04:24 [ERROR]17 :EVENT_OBJECT_REORDER: 04:24Not enough quota is available to process this command.  (0x[ERROR]80070718 )EVENT_OBJECT_REORDER
: 17Not enough quota is available to process this command.: (00x480070718:)24
 [ERROR] EVENT_OBJECT_REORDER: Not enough quota is available to process this command. (0x80070718)
17:04:24 [ERROR] EVENT_OBJECT_REORDER: Not enough quota is available to process this command. (0x80070718)
17:0417::240 4[ERROR] :EVENT_OBJECT_REORDER24:  [ERROR]Not enough quota is available to process this command.  (EVENT_OBJECT_REORDER0x: 80070718)Not enough quota is available to process this command.
 (0x80070718)
17:04:24 [ERROR] EVENT_OBJECT_REORDER: Not enough quota is available to process this command. (0x80070718)
17:04:24 [ERROR] EVENT_OBJECT_REORDER: Not enough quota is available to process this command. (0x80070718)
17:04:24 [ERROR] EVENT_OBJECT_REORDER: Not enough quota is available to process this command. (0x80070718)
17:04:24 [ERROR] EVENT_OBJECT_REORDER: Not enough quota is available to process this command. (0x80070718)
17:04:24 [ERROR] EVENT_OBJECT_REORDER: Not enough quota is available to process this command. (0x80070718)
17:04:24 [ERROR] EVENT_OBJECT_REORDER: Not enough quota is available to process this command. (0x80070718)
17:04:24 [ERROR] EVENT_OBJECT_REORDER: Not enough quota is available to process this command. (0x80070718)
17:04:24 [ERROR] EVENT_OBJECT_REORDER: Not enough quota is available to process this command. (0x80070718)
17:04:24 [ERROR] EVENT_OBJECT_REORDER: Not enough quota is available to process this command. (0x80070718)
17:04:24 [ERROR] EVENT_OBJECT_REORDER: Not enough quota is available to process this command. (0x80070718)
17:04:24 [ERROR] EVENT_OBJECT_REORDER: Not enough quota is available to process this command. (0x80070718)
17:04:24 [ERROR] EVENT_OBJECT_REORDER: Not enough quota is available to process this command. (0x80070718)
17:04:24 [ERROR] EVENT_OBJECT_REORDER: Not enough quota is available to process this command. (0x80070718)
17:04:24 [ERROR] EVENT_OBJECT_REORDER: Not enough quota is available to process this command. (0x80070718)
17:04:24 [ERROR] EVENT_OBJECT_REORDER: Not enough quota is available to process this command. (0x80070718)
17:04:1724:0 4[ERROR]:17 24:EVENT_OBJECT_REORDER 0: [ERROR]4Not enough quota is available to process this command. : (EVENT_OBJECT_REORDER240x:  80070718Not enough quota is available to process this command.[ERROR]) ( 
0xEVENT_OBJECT_REORDER80070718: )
Not enough quota is available to process this command. (0x80070718)
17:04:24 [ERROR] EVENT_OBJECT_REORDER: Not enough quota is available to process this command. (0x80070718)
17:04:24 [ERROR] EVENT_OBJECT_REORDER: Not enough quota is available to process this command. (0x80070718)
17:04:24 [ERROR] EVENT_OBJECT_REORDER: Not enough quota is available to process this command. (0x80070718)
17:04:24 [ERROR] EVENT_OBJECT_REORDER: Not enough quota is available to process this command. (0x80070718)
17:04:24 [ERROR] EVENT_OBJECT_REORDER: Not enough quota is available to process this command. (0x80070718)
17:04:24 [ERROR] EVENT_OBJECT_REORDER: Not enough quota is available to process this command.17 (:0x0800707184):
24 [ERROR] EVENT_OBJECT_REORDER: Not enough quota is available to process this command. (0x80070718)
17:04:24 [ERROR] EVENT_OBJECT_REORDER: Not enough quota is available to process this command. (0x80070718)
17:0417::0244 :[ERROR] 24EVENT_OBJECT_REORDER : [ERROR] EVENT_OBJECT_REORDER: Not enough quota is available to process this command. (0xNot enough quota is available to process this command.80070718 (0x80070718))

17:04:24 [ERROR] EVENT_OBJECT_REORDER: Not enough quota is available to process this command. (0x80070718)
17:04:24 [ERROR] EVENT_OBJECT_REORDER: Not enough quota is available to process this command. (0x80070718)
17:04:24 [ERROR] EVENT_OBJECT_REORDER: Not enough quota is available to process this command. (0x80070718)
17:04:24 [ERROR] EVENT_OBJECT_REORDER: Not enough quota is available to process this command. (0x80070718)
17:04:24 [ERROR] EVENT_OBJECT_REORDER: Not enough quota is available to process this command. (0x80070718)
17:04:24 [ERROR] EVENT_OBJECT_REORDER: Not enough quota is available to process this command. (0x80070718)
17:04:24 [ERROR] EVENT_OBJECT_REORDER: Not enough quota is available to process this command. (0x80070718)
17:04:24 [ERROR] EVENT_OBJECT_REORDER: Not enough quota is available to process this command. (0x80070718)
17:04:24 [ERROR] EVENT_OBJECT_REORDER: Not enough quota is available to process this command. (0x80070718)
17:04:24 [ERROR] EVENT_OBJECT_REORDER: Not enough quota is available to process this command. (0x80070718)
17:04:24 [ERROR] EVENT_OBJECT_REORDER: Not enough quota is available to process this command. (0x80070718)
1717::040:424: 24[ERROR]  [ERROR]EVENT_OBJECT_REORDER : EVENT_OBJECT_REORDERNot enough quota is available to process this command. (: 0x80070718)
Not enough quota is available to process this command. (0x80070718)
17:04:24 [ERROR] EVENT_OBJECT_REORDER: Not enough quota is available to process this command. (0x80070718)
17:0417::240 4:[ERROR]24  EVENT_OBJECT_REORDER[ERROR]:  Not enough quota is available to process this command.EVENT_OBJECT_REORDER (: 0x80070718Not enough quota is available to process this command.) (
0x80070718)
17:04:24 [ERROR] EVENT_OBJECT_REORDER: Not enough quota is available to process this command. (0x80070718)
17:04:24 [ERROR] EVENT_OBJECT_REORDER: Not enough quota is available to process this command. (0x80070718)
17:04:24 [ERROR] EVENT_OBJECT_REORDER: Not enough quota is available to process this command. (0x80070718)
17:04:24 [ERROR] EVENT_OBJECT_REORDER: Not enough quota is available to process this command. (0x80070718)
17:04:24 [ERROR] EVENT_OBJECT_REORDER: Not enough quota is available to process this command. (0x80070718)
17:04:24 [ERROR] EVENT_OBJECT_REORDER: Not enough quota is available to process this command. (0x80070718)
17:04:24 [ERROR] EVENT_OBJECT_REORDER: Not enough quota is available to process this command. (0x80070718)
17:04:24 [ERROR] EVENT_OBJECT_REORDER: Not enough quota is available to process this command. (0x80070718)
17:04:24 [ERROR] EVENT_OBJECT_REORDER: Not enough quota is available to process this command. (0x80070718)
17:04:24 [ERROR] EVENT_OBJECT_REORDER: Not enough quota is available to process this command. (0x80070718)
17:04:24 [ERROR] EVENT_OBJECT_REORDER: Not enough quota is available to process this command. (0x80070718)
17:04:24 [ERROR] EVENT_OBJECT_REORDER: Not enough quota is available to process this command. (0x80070718)
17:04:24 [ERROR] EVENT_OBJECT_REORDER: Not enough quota is available to process this command. (0x80070718)
17:04:24 [ERROR] EVENT_OBJECT_REORDER: Not enough quota is available to process this command. (0x80070718)
17:04:24 [ERROR] EVENT_OBJECT_REORDER: Not enough quota is available to process this command. (0x80070718)
17:04:24 [ERROR] EVENT_OBJECT_REORDER: Not enough quota is available to process this command. (0x80070718)
17:04:24 [ERROR] EVENT_OBJECT_REORDER: Not enough quota is available to process this command. (0x80070718)
17:04:24 [ERROR] EVENT_OBJECT_REORDER: Not enough quota is available to process this command. (0x80070718)
17:04:24 17:[ERROR]0 4EVENT_OBJECT_REORDER:: 24 [ERROR]Not enough quota is available to process this command.  (EVENT_OBJECT_REORDER0x: 80070718Not enough quota is available to process this command. ()0x80070718)

17:04:24 [ERROR] EVENT_OBJECT_REORDER: Not enough quota is available to process this command. (0x80070718)
17:04:24 [ERROR] EVENT_OBJECT_REORDER: Not enough quota is available to process this command. (0x80070718)
17:04:24 [ERROR] EVENT_OBJECT_REORDER: Not enough quota is available to process this command. (0x80070718)
17:04:24 [ERROR] EVENT_OBJECT_REORDER: Not enough quota is available to process this command. (0x80070718)
17:04:24 [ERROR] EVENT_OBJECT_REORDER: Not enough quota is available to process this command. (0x80070718)
17:04:24 [ERROR] EVENT_OBJECT_REORDER: Not enough quota is available to process this command. (0x80070718)
17:04:24 [ERROR] EVENT_OBJECT_REORDER: Not enough quota is available to process this command. (0x80070718)
17:04:24 [ERROR] EVENT_OBJECT_REORDER: Not enough quota is available to process this command. (0x80070718)
17:04:24 [ERROR] EVENT_OBJECT_REORDER: Not enough quota is available to process this command. (0x80070718)
17:04:24 [ERROR] EVENT_OBJECT_REORDER: Not enough quota is available to process this command. (0x80070718)
17:04:24 [ERROR] EVENT_OBJECT_REORDER: Not enough quota is available to process this command. (0x80070718)
17:04:24 [ERROR] EVENT_OBJECT_REORDER: Not enough quota is available to process this command. (0x80070718)
17:04:24 [ERROR] EVENT_OBJECT_REORDER: Not enough quota is available to process this command. (0x80070718)
17:04:24 [ERROR] EVENT_OBJECT_REORDER: Not enough quota is available to process this command. (0x80070718)
17:04:24 [ERROR] EVENT_OBJECT_REORDER: Not enough quota is available to process this command. (0x80070718)
17:04:24 [ERROR] EVENT_OBJECT_REORDER: Not enough quota is available to process this command. (0x80070718)
17:04:24 [ERROR] EVENT_OBJECT_REORDER: Not enough quota is available to process this command. (0x80070718)
17:04:24 [ERROR] EVENT_OBJECT_REORDER: Not enough quota is available to process this command. (0x80070718)
17:04:24 [ERROR] EVENT_OBJECT_REORDER: Not enough quota is available to process this command. (0x80070718)
17:04:24 [ERROR]17 :EVENT_OBJECT_REORDER0: 4Not enough quota is available to process this command. (0x80070718):
24 [ERROR] EVENT_OBJECT_REORDER: Not enough quota is available to process this command. (0x80070718)
17:04:24 [ERROR] EVENT_OBJECT_REORDER: Not enough quota is available to process this command. (0x80070718)
17:04:24 [ERROR] EVENT_OBJECT_REORDER: Not enough quota is available to process this command. (0x80070718)
17:04:24 [ERROR] EVENT_OBJECT_REORDER: Not enough quota is available to process this command. (0x80070718)
17:04:24 [ERROR] EVENT_OBJECT_REORDER: Not enough quota is available to process this command. (0x80070718)
17:04:24 [ERROR] EVENT_OBJECT_REORDER: Not enough quota is available to process this command. (0x80070718)
17:04:24 [ERROR] EVENT_OBJECT_REORDER: Not enough quota is available to process this command. (0x80070718)
17:04:24 [ERROR] EVENT_OBJECT_REORDER: Not enough quota is available to process this command. (0x80070718)
17:04:24 [ERROR] EVENT_OBJECT_REORDER: Not enough quota is available to process this command. (0x80070718)
17:04:24 [ERROR] EVENT_OBJECT_REORDER: Not enough quota is available to process this command. (0x80070718)
17:04:24 [ERROR] EVENT_OBJECT_REORDER: Not enough quota is available to process this command. (0x80070718)
17:04:24 [ERROR] EVENT_OBJECT_REORDER: Not enough quota is available to process this command. (0x80070718)
17:04:24 [ERROR] EVENT_OBJECT_REORDER: Not enough quota is available to process this command. (0x80070718)
17:04:24 [ERROR] EVENT_OBJECT_REORDER: Not enough quota is available to process this command. (0x80070718)
17:04:24 [ERROR] EVENT_OBJECT_REORDER: Not enough quota is available to process this command. (0x80070718)
17:04:24 [ERROR] 17EVENT_OBJECT_REORDER:04: :24 Not enough quota is available to process this command.[ERROR] ( 0xEVENT_OBJECT_REORDER8007071817: ):
Not enough quota is available to process this command.0 (40x:8007071824) 
[ERROR] EVENT_OBJECT_REORDER: Not enough quota is available to process this command. (0x80070718)
17:04:24 [ERROR] EVENT_OBJECT_REORDER: Not enough quota is available to process this command. (0x80070718)
17:04:24 [ERROR] EVENT_OBJECT_REORDER: Not enough quota is available to process this command. (0x80070718)
17:04:24 [ERROR] EVENT_OBJECT_REORDER: Not enough quota is available to process this command. (0x80070718)
17:04:24 [ERROR] EVENT_OBJECT_REORDER: Not enough quota is available to process this command. (0x80070718)
17:04:24 17:[ERROR]0 4EVENT_OBJECT_REORDER:: 24 Not enough quota is available to process this command. ([ERROR]0x 80070718)EVENT_OBJECT_REORDER
: Not enough quota is available to process this command. (0x80070718)
17:04:24 [ERROR] EVENT_OBJECT_REORDER: Not enough quota is available to process this command. (0x80070718)
17:04:24 [ERROR] EVENT_OBJECT_REORDER: Not enough quota is available to process this command. (0x80070718)
17:04:24 [ERROR] EVENT_OBJECT_REORDER: Not enough quota is available to process this command. (0x80070718)
17:04:24 [ERROR] EVENT_OBJECT_REORDER: Not enough quota is available to process this command. (0x80070718)
17:04:24 [ERROR] EVENT_OBJECT_REORDER: Not enough quota is available to process this command. (0x80070718)
17:04:24 [ERROR] EVENT_OBJECT_REORDER: Not enough quota is available to process this command. (0x80070718)
17:04:24 [ERROR] EVENT_OBJECT_REORDER: Not enough quota is available to process this command. (0x80070718)
17:04:24 [ERROR] EVENT_OBJECT_REORDER: Not enough quota is available to process this command. (0x80070718)
17:04:24 [ERROR] EVENT_OBJECT_REORDER: Not enough quota is available to process this command. (0x80070718)
17:04:24 17[ERROR]: 0EVENT_OBJECT_REORDER4: :Not enough quota is available to process this command. (240x 80070718)[ERROR]
 EVENT_OBJECT_REORDER: Not enough quota is available to process this command. (0x80070718)
17:04:24 [ERROR] EVENT_OBJECT_REORDER: Not enough quota is available to process this command. (0x80070718)
17:04:24 [ERROR] EVENT_OBJECT_REORDER: Not enough quota is available to process this command. (0x80070718)
17:04:24 [ERROR] EVENT_OBJECT_REORDER: Not enough quota is available to process this command. (0x80070718)
17:04:24 [ERROR] EVENT_OBJECT_REORDER: Not enough quota is available to process this command. (0x80070718)
17:04:24 [ERROR] EVENT_OBJECT_REORDER: Not enough quota is available to process this command. (0x80070718)
17:04:24 [ERROR] EVENT_OBJECT_REORDER: Not enough quota is available to process this command. (0x80070718)
17:04:24 [ERROR] EVENT_OBJECT_REORDER: Not enough quota is available to process this command. (0x80070718)
17:04:24 [ERROR] EVENT_OBJECT_REORDER: Not enough quota is available to process this command. (0x80070718)
17:04:24 [ERROR] EVENT_OBJECT_REORDER: Not enough quota is available to process this command. (0x80070718)
17:04:24 [ERROR] EVENT_OBJECT_REORDER: Not enough quota is available to process this command. (0x80070718)
17:04:24 [ERROR] EVENT_OBJECT_REORDER: Not enough quota is available to process this command. (0x80070718)
17:04:24 [ERROR] EVENT_OBJECT_REORDER: Not enough quota is available to process this command. (0x80070718)
17:04:24 [ERROR] EVENT_OBJECT_REORDER: Not enough quota is available to process this command. (0x80070718)
17:04:24 [ERROR] EVENT_OBJECT_REORDER: Not enough quota is available to process this command. (0x80070718)
17:04:24 [ERROR] EVENT_OBJECT_REORDER: Not enough quota is available to process this command. (0x80070718)
17:04:24 [ERROR] EVENT_OBJECT_REORDER: Not enough quota is available to process this command. (0x80070718)
17:04:24 [ERROR] EVENT_OBJECT_REORDER: Not enough quota is available to process this command. (0x80070718)
17:04:24 [ERROR] EVENT_OBJECT_REORDER: Not enough quota is available to process this command. (0x80070718)
17:04:24 [ERROR] EVENT_OBJECT_REORDER: Not enough quota is available to process this command. (0x80070718)
17:04:24 [ERROR] EVENT_OBJECT_REORDER: Not enough quota is available to process this command. (0x80070718)
17:0417::2404 :[ERROR]24  EVENT_OBJECT_REORDER[ERROR]:  Not enough quota is available to process this command.EVENT_OBJECT_REORDER (: 0x80070718Not enough quota is available to process this command.) (
0x80070718)
17:04:24 [ERROR] EVENT_OBJECT_REORDER: Not enough quota is available to process this command. (0x80070718)
17:04:25 [ERROR] EVENT_OBJECT_REORDER: Not enough quota is available to process this command. (0x80070718)
17:04:25 [ERROR] EVENT_OBJECT_REORDER: Not enough quota is available to process this command. (0x80070718)
17:04:25 [ERROR] EVENT_OBJECT_REORDER: Not enough quota is available to process this command. (0x80070718)
17:04:25 [ERROR] EVENT_OBJECT_REORDER: Not enough quota is available to process this command. (0x80070718)
17:04:25 [ERROR] EVENT_OBJECT_REORDER: Not enough quota is available to process this command. (0x80070718)
17:04:25 [ERROR] EVENT_OBJECT_REORDER: Not enough quota is available to process this command. (0x80070718)
17:04:25 [ERROR] EVENT_OBJECT_REORDER: Not enough quota is available to process this command. (0x80070718)
17:04:25 [ERROR] EVENT_OBJECT_REORDER: Not enough quota is available to process this command. (0x80070718)
17:04:25 [ERROR] EVENT_OBJECT_REORDER: Not enough quota is available to process this command. (0x80070718)
17:04:25 [ERROR] EVENT_OBJECT_REORDER: Not enough quota is available to process this command. (0x80070718)
17:04:25 [ERROR] EVENT_OBJECT_REORDER: Not enough quota is available to process this command. (0x80070718)
17:04:25 [ERROR] EVENT_OBJECT_REORDER: Not enough quota is available to process this command. (0x80070718)
17:04:25 [ERROR] EVENT_OBJECT_REORDER: Not enough quota is available to process this command. (0x80070718)
17:04:25 [ERROR] EVENT_OBJECT_REORDER: Not enough quota is available to process this command. (0x80070718)
17:170:40:425: 25 [ERROR][ERROR]  EVENT_OBJECT_REORDEREVENT_OBJECT_REORDER: : Not enough quota is available to process this command. (Not enough quota is available to process this command.0x (800707180x)8007071817
):
04:25 [ERROR] EVENT_OBJECT_REORDER: Not enough quota is available to process this command. (0x80070718)
17:04:25 [ERROR] EVENT_OBJECT_REORDER: Not enough quota is available to process this command. (0x80070718)
17:04:25 [ERROR] EVENT_OBJECT_REORDER: Not enough quota is available to process this command. (0x80070718)
17:04:25 [ERROR] EVENT_OBJECT_REORDER: Not enough quota is available to process this command. (0x80070718)
17:04:25 [ERROR] EVENT_OBJECT_REORDER: Not enough quota is available to process this command. (0x80070718)
17:04:25 [ERROR] EVENT_OBJECT_REORDER: Not enough quota is available to process this command. (0x80070718)
17:0174::0254 :[ERROR] 25EVENT_OBJECT_REORDER : [ERROR] EVENT_OBJECT_REORDERNot enough quota is available to process this command.:  (Not enough quota is available to process this command.0x (80070718)0x
80070718)
17:04:25 [ERROR] EVENT_OBJECT_REORDER: Not enough quota is available to process this command. (0x80070718)
17:04:25 [ERROR] EVENT_OBJECT_REORDER: Not enough quota is available to process this command. (0x80070718)
17:04:25 [ERROR] EVENT_OBJECT_REORDER: Not enough quota is available to process this command. (0x80070718)
17:04:25 [ERROR] EVENT_OBJECT_REORDER: Not enough quota is available to process this command. (0x80070718)
17:04:25 [ERROR] EVENT_OBJECT_REORDER: Not enough quota is available to process this command. (0x80070718)
17:04:25 [ERROR] EVENT_OBJECT_REORDER: Not enough quota is available to process this command. (0x80070718)
17:04:25 [ERROR] EVENT_OBJECT_REORDER: Not enough quota is available to process this command. (0x80070718)
17:04:25 [ERROR] EVENT_OBJECT_REORDER: Not enough quota is available to process this command. (0x80070718)
17:04:25 [ERROR] EVENT_OBJECT_REORDER: Not enough quota is available to process this command. (0x80070718)
17:04:25 [ERROR] EVENT_OBJECT_REORDER: Not enough quota is available to process this command. (0x80070718)
17:04:25 [ERROR] EVENT_OBJECT_REORDER: Not enough quota is available to process this command. (0x80070718)
17:04:25 [ERROR] EVENT_OBJECT_REORDER: 17:0Not enough quota is available to process this command. (0x800707184):25
 [ERROR] EVENT_OBJECT_REORDER: Not enough quota is available to process this command. (0x80070718)
17:04:25 [ERROR] EVENT_OBJECT_REORDER: Not enough quota is available to process this command. (0x80070718)17
:04:25 [ERROR] EVENT_OBJECT_REORDER: Not enough quota is available to process this command. (0x80070718)
17:04:25 [ERROR]17 :EVENT_OBJECT_REORDER04:25 : [ERROR] Not enough quota is available to process this command.EVENT_OBJECT_REORDER (: 0xNot enough quota is available to process this command.80070718 ()0x80070718
)
17:04:25 [ERROR] EVENT_OBJECT_REORDER: Not enough quota is available to process this command. (0x80070718)
17:04:25 [ERROR] EVENT_OBJECT_REORDER: Not enough quota is available to process this command. (0x80070718)
17:04:25 [ERROR] EVENT_OBJECT_REORDER: Not enough quota is available to process this command. (0x80070718)
17:04:25 [ERROR] EVENT_OBJECT_REORDER: Not enough quota is available to process this command. (0x80070718)
17:04:25 [ERROR] EVENT_OBJECT_REORDER: Not enough quota is available to process this command. (0x80070718)
17:04:25 [ERROR] EVENT_OBJECT_REORDER: Not enough quota is available to process this command. (0x80070718)
17:04:25 [ERROR] EVENT_OBJECT_REORDER: Not enough quota is available to process this command. (0x80070718)
17:04:25 [ERROR] EVENT_OBJECT_REORDER: Not enough quota is available to process this command. (0x80070718)
17:04:25 [ERROR] EVENT_OBJECT_REORDER: Not enough quota is available to process this command. (0x80070718)
17:04:25 [ERROR] EVENT_OBJECT_REORDER: Not enough quota is available to process this command. (0x80070718)
17:04:25 [ERROR] EVENT_OBJECT_REORDER: Not enough quota is available to process this command. (0x80070718)
17:04:25 [ERROR] EVENT_OBJECT_REORDER: Not enough quota is available to process this command. (0x80070718)
17:04:25 [ERROR] EVENT_OBJECT_REORDER: Not enough quota is available to process this command. (0x80070718)
17:04:25 [ERROR] EVENT_OBJECT_REORDER: Not enough quota is available to process this command. (0x80070718)
17:04:25 [ERROR] EVENT_OBJECT_REORDER: Not enough quota is available to process this command. (0x80070718)
17:04:25 [ERROR] EVENT_OBJECT_REORDER: Not enough quota is available to process this command. (0x80070718)
17:04:25 [ERROR] EVENT_OBJECT_REORDER: Not enough quota is available to process this command. (0x80070718)
17:04:25 [ERROR] EVENT_OBJECT_REORDER: Not enough quota is available to process this command. (0x80070718)
17:04:25 [ERROR] EVENT_OBJECT_REORDER: Not enough quota is available to process this command. (0x80070718)
17:04:25 [ERROR] EVENT_OBJECT_REORDER: Not enough quota is available to process this command. (0x80070718)
17:04:25 [ERROR] EVENT_OBJECT_REORDER: Not enough quota is available to process this command. (0x80070718)
17:04:25 [ERROR] EVENT_OBJECT_REORDER: Not enough quota is available to process this command. (0x80070718)
17:04:25 [ERROR] EVENT_OBJECT_REORDER: Not enough quota is available to process this command. (0x80070718)
17:04:25 [ERROR] EVENT_OBJECT_REORDER: Not enough quota is available to process this command. (0x80070718)
17:04:25 [ERROR] EVENT_OBJECT_REORDER: Not enough quota is available to process this command. (0x80070718)
17:04:25 [ERROR] EVENT_OBJECT_REORDER: Not enough quota is available to process this command. (0x80070718)
17:04:25 [ERROR] EVENT_OBJECT_REORDER: Not enough quota is available to process this command. (0x80070718)
17:04:25 [ERROR] EVENT_OBJECT_REORDER: Not enough quota is available to process this command. (0x80070718)
17:04:25 [ERROR] EVENT_OBJECT_REORDER: Not enough quota is available to process this command. (0x80070718)
17:04:25 [ERROR] EVENT_OBJECT_REORDER: Not enough quota is available to process this command. (0x80070718)
17:04:25 [ERROR] EVENT_OBJECT_REORDER: Not enough quota is available to process this command. (0x80070718)
17:04:25 [ERROR] EVENT_OBJECT_REORDER: Not enough quota is available to process this command. (0x80070718)
17:04:25 [ERROR] EVENT_OBJECT_REORDER: Not enough quota is available to process this command. (0x80070718)
17:04:25 [ERROR] EVENT_OBJECT_REORDER: Not enough quota is available to process this command. (0x80070718)
17:04:25 [ERROR] EVENT_OBJECT_REORDER: Not enough quota is available to process this command. (0x80070718)
17:04:25 [ERROR] EVENT_OBJECT_REORDER: Not enough quota is available to process this command. (0x80070718)
17:04:25 [ERROR] EVENT_OBJECT_REORDER: Not enough quota is available to process this command. (0x80070718)
17:04:25 [ERROR] EVENT_OBJECT_REORDER: Not enough quota is available to process this command. (0x80070718)
17:04:25 [ERROR] EVENT_OBJECT_REORDER: Not enough quota is available to process this command. (0x80070718)
17:04:25 [ERROR] EVENT_OBJECT_REORDER: Not enough quota is available to process this command. (0x80070718)
17:04:25 [ERROR] EVENT_OBJECT_REORDER: Not enough quota is available to process this command. (0x80070718)
17:04:25 [ERROR] EVENT_OBJECT_REORDER: Not enough quota is available to process this command. (0x80070718)
17:04:25 [ERROR] EVENT_OBJECT_REORDER: Not enough quota is available to process this command. (0x80070718)
17:04:25 [ERROR] EVENT_OBJECT_REORDER: Not enough quota is available to process this command. (0x80070718)
17:04:25 [ERROR] EVENT_OBJECT_REORDER: Not enough quota is available to process this command. (0x80070718)
17:04:25 [ERROR] EVENT_OBJECT_REORDER: Not enough quota is available to process this command. (0x80070718)
17:04:25 [ERROR] EVENT_OBJECT_REORDER: Not enough quota is available to process this command. (0x80070718)
17:04:25 [ERROR] EVENT_OBJECT_REORDER: Not enough quota is available to process this command. (0x80070718)
17:04:25 [ERROR] EVENT_OBJECT_REORDER: Not enough quota is available to process this command. (0x80070718)
17:04:25 [ERROR] EVENT_OBJECT_REORDER: Not enough quota is available to process this command. (0x80070718)
17:04:25 [ERROR] EVENT_OBJECT_REORDER: Not enough quota is available to process this command. (0x80070718)
17:04:25 [ERROR] EVENT_OBJECT_REORDER: Not enough quota is available to process this command. (0x80070718)
17:04:25 [ERROR] EVENT_OBJECT_REORDER: Not enough quota is available to process this command. (0x80070718)
17:04:25 [ERROR] EVENT_OBJECT_REORDER: Not enough quota is available to process this command. (0x80070718)
17:04:25 [ERROR] EVENT_OBJECT_REORDER: Not enough quota is available to process this command. (0x80070718)
17:04:25 [ERROR] EVENT_OBJECT_REORDER: Not enough quota is available to process this command. (0x80070718)
17:04:17:250 4[ERROR] :EVENT_OBJECT_REORDER25:  [ERROR] Not enough quota is available to process this command.EVENT_OBJECT_REORDER (: 0x80070718)
Not enough quota is available to process this command. (0x80070718)
17:04:25 [ERROR] EVENT_OBJECT_REORDER: Not enough quota is available to process this command. (0x80070718)
17:04:25 [ERROR] EVENT_OBJECT_REORDER: Not enough quota is available to process this command. (0x80070718)
17:04:25 [ERROR] EVENT_OBJECT_REORDER: Not enough quota is available to process this command. (0x80070718)
17:04:25 [ERROR] EVENT_OBJECT_REORDER: Not enough quota is available to process this command. (0x80070718)
17:04:25 [ERROR] EVENT_OBJECT_REORDER: Not enough quota is available to process this command. (0x80070718)
17:04:25 [ERROR] EVENT_OBJECT_REORDER: Not enough quota is available to process this command. (0x80070718)
17:04:25 [ERROR] EVENT_OBJECT_REORDER: Not enough quota is available to process this command. (0x80070718)
17:04:25 [ERROR] EVENT_OBJECT_REORDER: Not enough quota is available to process this command. (0x80070718)
17:04:25 [ERROR] EVENT_OBJECT_REORDER: Not enough quota is available to process this command. (0x80070718)
17:04:25 [ERROR] EVENT_OBJECT_REORDER: Not enough quota is available to process this command. (0x80070718)
17:04:25 [ERROR] EVENT_OBJECT_REORDER: Not enough quota is available to process this command. (0x80070718)
17:04:25 [ERROR] EVENT_OBJECT_REORDER: Not enough quota is available to process this command. (0x80070718)
17:04:25 [ERROR] EVENT_OBJECT_REORDER: Not enough quota is available to process this command. (0x80070718)
17:04:25 [ERROR] EVENT_OBJECT_REORDER: Not enough quota is available to process this command. (0x80070718)
17:04:25 [ERROR] EVENT_OBJECT_REORDER: Not enough quota is available to process this command. (0x80070718)
17:170:404::2525  [ERROR][ERROR]  EVENT_OBJECT_REORDEREVENT_OBJECT_REORDER: : Not enough quota is available to process this command. (0x80070718)
Not enough quota is available to process this command. (0x80070718)
17:04:25 [ERROR] EVENT_OBJECT_REORDER: Not enough quota is available to process this command. (0x80070718)
17:04:25 [ERROR] EVENT_OBJECT_REORDER: Not enough quota is available to process this command. (0x80070718)
17:04:25 [ERROR] EVENT_OBJECT_REORDER: Not enough quota is available to process this command. (0x80070718)
17:04:25 [ERROR] EVENT_OBJECT_REORDER: Not enough quota is available to process this command. (0x80070718)
17:04:25 [ERROR] EVENT_OBJECT_REORDER: Not enough quota is available to process this command. (0x80070718)
17:04:25 [ERROR] EVENT_OBJECT_REORDER: Not enough quota is available to process this command. (0x80070718)
17:04:25 [ERROR] EVENT_OBJECT_REORDER: Not enough quota is available to process this command. (0x80070718)
17:04:25 [ERROR] EVENT_OBJECT_REORDER: Not enough quota is available to process this command. (0x80070718)
17:04:25 [ERROR] 17EVENT_OBJECT_REORDER: :04Not enough quota is available to process this command.: (250x 80070718[ERROR]) 
EVENT_OBJECT_REORDER: Not enough quota is available to process this command. (0x80070718)
17:04:25 [ERROR] EVENT_OBJECT_REORDER: Not enough quota is available to process this command. (0x80070718)
17:04:25 [ERROR] EVENT_OBJECT_REORDER: Not enough quota is available to process this command. (0x80070718)
17:04:25 [ERROR] EVENT_OBJECT_REORDER: Not enough quota is available to process this command. (0x80070718)
17:04:25 [ERROR] EVENT_OBJECT_REORDER: Not enough quota is available to process this command. (0x80070718)
17:04:25 [ERROR] EVENT_OBJECT_REORDER: Not enough quota is available to process this command. (0x80070718)
17:04:25 [ERROR] EVENT_OBJECT_REORDER: Not enough quota is available to process this command. (0x80070718)
17:04:25 [ERROR] EVENT_OBJECT_REORDER: Not enough quota is available to process this command. (0x80070718)
17:04:25 [ERROR] EVENT_OBJECT_REORDER: Not enough quota is available to process this command. (0x80070718)
17:04:25 [ERROR] EVENT_OBJECT_REORDER: Not enough quota is available to process this command. (0x80070718)
17:0174::0254 :[ERROR]25  EVENT_OBJECT_REORDER[ERROR]:  Not enough quota is available to process this command.EVENT_OBJECT_REORDER (: 0x80070718)Not enough quota is available to process this command.
 (0x80070718)
17:04:25 [ERROR] EVENT_OBJECT_REORDER: Not enough quota is available to process this command. (0x80070718)
17:04:25 [ERROR] EVENT_OBJECT_REORDER: Not enough quota is available to process this command. (0x80070718)
17:04:25 [ERROR] EVENT_OBJECT_REORDER: Not enough quota is available to process this command. (0x80070718)
17:04:25 [ERROR] EVENT_OBJECT_REORDER: Not enough quota is available to process this command. (0x80070718)
17:04:25 [ERROR] EVENT_OBJECT_REORDER: Not enough quota is available to process this command. (0x80070718)
17:04:25 [ERROR] EVENT_OBJECT_REORDER: Not enough quota is available to process this command. (0x80070718)
17:04:25 [ERROR] EVENT_OBJECT_REORDER: Not enough quota is available to process this command. (0x80070718)
17:04:25 [ERROR] EVENT_OBJECT_REORDER: Not enough quota is available to process this command. (0x80070718)
17:04:25 [ERROR] EVENT_OBJECT_REORDER: Not enough quota is available to process this command. (0x80070718)
17:04:25 [ERROR] EVENT_OBJECT_REORDER: Not enough quota is available to process this command. (0x80070718)
17:04:25 [ERROR] EVENT_OBJECT_REORDER: Not enough quota is available to process this command. (0x80070718)
17:04:25 [ERROR] EVENT_OBJECT_REORDER: Not enough quota is available to process this command. (0x80070718)
17:04:25 [ERROR] EVENT_OBJECT_REORDER: Not enough quota is available to process this command. (0x80070718)
17:04:25 [ERROR] EVENT_OBJECT_REORDER: Not enough quota is available to process this command. (0x80070718)
17:04:25 [ERROR] EVENT_OBJECT_REORDER: Not enough quota is available to process this command. (0x80070718)
17:04:25 [ERROR] EVENT_OBJECT_REORDER: Not enough quota is available to process this command. (0x80070718)
17:04:25 [ERROR] EVENT_OBJECT_REORDER: Not enough quota is available to process this command. (0x80070718)
17:04:25 [ERROR] EVENT_OBJECT_REORDER: Not enough quota is available to process this command. (0x80070718)
17:04:25 [ERROR] EVENT_OBJECT_REORDER: Not enough quota is available to process this command. (0x80070718)
17:04:25 [ERROR] EVENT_OBJECT_REORDER: Not enough quota is available to process this command. (0x80070718)
17:04:25 [ERROR] EVENT_OBJECT_REORDER: Not enough quota is available to process this command. (0x80070718)
17:04:25 [ERROR] EVENT_OBJECT_REORDER: Not enough quota is available to process this command. (0x80070718)
17:04:25 [ERROR] EVENT_OBJECT_REORDER: Not enough quota is available to process this command. (0x80070718)
17:04:25 [ERROR] EVENT_OBJECT_REORDER: Not enough quota is available to process this command. (0x80070718)
17:04:25 [ERROR] EVENT_OBJECT_REORDER: Not enough quota is available to process this command. (0x80070718)
17:170:40:425: 25[ERROR] 17 [ERROR]:EVENT_OBJECT_REORDER 0: EVENT_OBJECT_REORDER4Not enough quota is available to process this command.: : (25Not enough quota is available to process this command.0x  (80070718[ERROR]0x) 80070718
EVENT_OBJECT_REORDER): 
Not enough quota is available to process this command. (0x80070718)
17:04:25 [ERROR] EVENT_OBJECT_REORDER: Not enough quota is available to process this command. (0x80070718)
17:04:25 [ERROR] EVENT_OBJECT_REORDER: Not enough quota is available to process this command. (0x80070718)
17:04:25 [ERROR] EVENT_OBJECT_REORDER: Not enough quota is available to process this command. (0x80070718)
17:04:25 [ERROR] EVENT_OBJECT_REORDER: Not enough quota is available to process this command. (0x80070718)
17:04:25 [ERROR] EVENT_OBJECT_REORDER: Not enough quota is available to process this command. (0x80070718)
17:04:25 [ERROR] EVENT_OBJECT_REORDER: Not enough quota is available to process this command. (0x80070718)
17:04:25 [ERROR] EVENT_OBJECT_REORDER: Not enough quota is available to process this command. (0x80070718)
17:04:25 [ERROR] EVENT_OBJECT_REORDER: Not enough quota is available to process this command. (0x80070718)
17:04:25 [ERROR] EVENT_OBJECT_REORDER: Not enough quota is available to process this command. (0x80070718)
17:04:25 [ERROR] EVENT_OBJECT_REORDER: Not enough quota is available to process this command. (0x80070718)
17:04:25 [ERROR] EVENT_OBJECT_REORDER: Not enough quota is available to process this command. (0x80070718)
17:04:25 [ERROR] EVENT_OBJECT_REORDER: Not enough quota is available to process this command. (0x80070718)
17:04:25 [ERROR] EVENT_OBJECT_REORDER: Not enough quota is available to process this command. (0x80070718)
17:04:25 [ERROR] EVENT_OBJECT_REORDER: Not enough quota is available to process this command. (0x80070718)
17:04:25 [ERROR] EVENT_OBJECT_REORDER: Not enough quota is available to process this command. (0x80070718)
17:04:25 [ERROR] EVENT_OBJECT_REORDER: Not enough quota is available to process this command. (0x80070718)
17:04:25 [ERROR] EVENT_OBJECT_REORDER: Not enough quota is available to process this command. (0x80070718)
17:04:25 [ERROR] EVENT_OBJECT_REORDER: Not enough quota is available to process this command. (0x80070718)
17:04:25 [ERROR] EVENT_OBJECT_REORDER: Not enough quota is available to process this command. (0x80070718)
17:04:25 [ERROR] EVENT_OBJECT_REORDER: Not enough quota is available to process this command. (0x80070718)
17:04:25 [ERROR] EVENT_OBJECT_REORDER: Not enough quota is available to process this command. (0x80070718)
17:04:25 [ERROR] EVENT_OBJECT_REORDER: Not enough quota is available to process this command. (0x80070718)
17:04:25 [ERROR] EVENT_OBJECT_REORDER: Not enough quota is available to process this command. (0x80070718)
17:170:40:425: 1725[ERROR]:  0[ERROR]EVENT_OBJECT_REORDER4 : :EVENT_OBJECT_REORDERNot enough quota is available to process this command.25:  ( Not enough quota is available to process this command.0x[ERROR] (80070718 0x)EVENT_OBJECT_REORDER80070718
: )
Not enough quota is available to process this command. (0x80070718)
17:04:25 [ERROR] EVENT_OBJECT_REORDER: Not enough quota is available to process this command. (0x80070718)
17:04:25 [ERROR] EVENT_OBJECT_REORDER: Not enough quota is available to process this command. (0x80070718)
17:04:25 [ERROR] EVENT_OBJECT_REORDER: Not enough quota is available to process this command. (0x80070718)
17:04:25 [ERROR] EVENT_OBJECT_REORDER: Not enough quota is available to process this command. (0x80070718)
17:04:25 [ERROR] EVENT_OBJECT_REORDER: Not enough quota is available to process this command. (0x80070718)
17:04:25 [ERROR] EVENT_OBJECT_REORDER: Not enough quota is available to process this command. (0x80070718)
17:04:25 [ERROR] EVENT_OBJECT_REORDER: Not enough quota is available to process this command. (0x80070718)
17:04:25 [ERROR] EVENT_OBJECT_REORDER: Not enough quota is available to process this command. (0x80070718)
17:04:25 [ERROR] EVENT_OBJECT_REORDER: Not enough quota is available to process this command.17 (:0x0800707184):
25 [ERROR] EVENT_OBJECT_REORDER: Not enough quota is available to process this command. (0x80070718)
17:04:25 [ERROR] EVENT_OBJECT_REORDER: Not enough quota is available to process this command. (0x80070718)
17:04:25 [ERROR] EVENT_OBJECT_REORDER: Not enough quota is available to process this command. (0x80070718)
17:04:25 [ERROR] EVENT_OBJECT_REORDER: Not enough quota is available to process this command. (0x80070718)
17:04:25 [ERROR] EVENT_OBJECT_REORDER: 17Not enough quota is available to process this command.: (00x480070718:)25
 [ERROR] EVENT_OBJECT_REORDER: Not enough quota is available to process this command. (0x80070718)
17:04:25 [ERROR] EVENT_OBJECT_REORDER: Not enough quota is available to process this command. (0x80070718)
17:04:25 [ERROR] EVENT_OBJECT_REORDER: Not enough quota is available to process this command. (0x80070718)
17:04:25 [ERROR] EVENT_OBJECT_REORDER: Not enough quota is available to process this command. (0x80070718)
17:170:044::2525 [ERROR]  EVENT_OBJECT_REORDER[ERROR]:  Not enough quota is available to process this command. (EVENT_OBJECT_REORDER0x: 80070718)
Not enough quota is available to process this command. (0x80070718)
17:04:25 [ERROR] EVENT_OBJECT_REORDER: Not enough quota is available to process this command. (0x80070718)
17:04:25 [ERROR] EVENT_OBJECT_REORDER: Not enough quota is available to process this command. (0x80070718)
17:170:40:425: 25[ERROR]  [ERROR] EVENT_OBJECT_REORDEREVENT_OBJECT_REORDER: : Not enough quota is available to process this command. (0x80070718)Not enough quota is available to process this command.
 (0x80070718)
17:04:25 [ERROR] EVENT_OBJECT_REORDER: Not enough quota is available to process this command. (0x80070718)
17:04:25 [ERROR] EVENT_OBJECT_REORDER: Not enough quota is available to process this command. (0x80070718)
17:0174::0254 :25[ERROR]  [ERROR]EVENT_OBJECT_REORDER : EVENT_OBJECT_REORDER: Not enough quota is available to process this command. (0x80070718)Not enough quota is available to process this command.
 (0x80070718)
17:04:25 [ERROR] EVENT_OBJECT_REORDER: Not enough quota is available to process this command. (0x80070718)
17:04:25 [ERROR] EVENT_OBJECT_REORDER: Not enough quota is available to process this command. (0x80070718)
17:04:25 [ERROR] EVENT_OBJECT_REORDER: Not enough quota is available to process this command. (0x80070718)
17:04:25 [ERROR] EVENT_OBJECT_REORDER: Not enough quota is available to process this command. (0x80070718)
17:04:25 [ERROR] EVENT_OBJECT_REORDER: Not enough quota is available to process this command. (0x80070718)
17:04:25 [ERROR] EVENT_OBJECT_REORDER: Not enough quota is available to process this command. (0x80070718)
17:04:25 17:[ERROR]0 4:EVENT_OBJECT_REORDER25:  [ERROR] EVENT_OBJECT_REORDERNot enough quota is available to process this command.:  (Not enough quota is available to process this command.0x (800707180x)80070718
)
17:0174::0254 :25[ERROR]  [ERROR] EVENT_OBJECT_REORDEREVENT_OBJECT_REORDER: : Not enough quota is available to process this command. (0x80070718Not enough quota is available to process this command.) (
0x80070718)
17:04:25 [ERROR] EVENT_OBJECT_REORDER: Not enough quota is available to process this command. (0x80070718)
17:04:25 [ERROR] EVENT_OBJECT_REORDER: Not enough quota is available to process this command. (0x80070718)
17:04:25 [ERROR] EVENT_OBJECT_REORDER: Not enough quota is available to process this command. (0x80070718)
17:04:25 [ERROR] EVENT_OBJECT_REORDER: Not enough quota is available to process this command. (0x80070718)
17:04:25 [ERROR] EVENT_OBJECT_REORDER: Not enough quota is available to process this command. (0x80070718)
17:04:25 [ERROR] EVENT_OBJECT_REORDER: Not enough quota is available to process this command. (0x80070718)
17:04:25 [ERROR] EVENT_OBJECT_REORDER: Not enough quota is available to process this command. (0x80070718)
17:04:25 [ERROR] EVENT_OBJECT_REORDER: Not enough quota is available to process this command. (0x80070718)
17:04:25 [ERROR] EVENT_OBJECT_REORDER: Not enough quota is available to process this command. (0x80070718)
17:04:25 [ERROR] EVENT_OBJECT_REORDER: Not enough quota is available to process this command. (0x80070718)
17:04:25 [ERROR] EVENT_OBJECT_REORDER: Not enough quota is available to process this command. (0x80070718)
17:04:25 [ERROR] EVENT_OBJECT_REORDER: Not enough quota is available to process this command. (0x80070718)
17:04:25 [ERROR] EVENT_OBJECT_REORDER: Not enough quota is available to process this command. (0x80070718)
17:04:25 [ERROR] EVENT_OBJECT_REORDER: Not enough quota is available to process this command. (0x80070718)
17:04:25 [ERROR] EVENT_OBJECT_REORDER: Not enough quota is available to process this command. (0x80070718)
17:04:25 [ERROR] EVENT_OBJECT_REORDER: Not enough quota is available to process this command. (0x80070718)
17:04:25 [ERROR] EVENT_OBJECT_REORDER: Not enough quota is available to process this command. (0x80070718)
17:04:25 [ERROR] EVENT_OBJECT_REORDER: Not enough quota is available to process this command. (0x80070718)
17:04:25 [ERROR] EVENT_OBJECT_REORDER: Not enough quota is available to process this command. (0x80070718)
17:04:25 [ERROR] EVENT_OBJECT_REORDER: Not enough quota is available to process this command. (0x80070718)
17:04:25 [ERROR] EVENT_OBJECT_REORDER: Not enough quota is available to process this command. (0x80070718)
17:04:25 [ERROR] EVENT_OBJECT_REORDER: Not enough quota is available to process this command. (0x80070718)
17:04:25 [ERROR] EVENT_OBJECT_REORDER: Not enough quota is available to process this command. (0x80070718)
17:04:25 [ERROR] EVENT_OBJECT_REORDER: Not enough quota is available to process this command. (0x80070718)
17:04:25 [ERROR] EVENT_OBJECT_REORDER: Not enough quota is available to process this command. (0x80070718)
17:04:25 [ERROR] EVENT_OBJECT_REORDER: Not enough quota is available to process this command. (0x80070718)
17:04:25 [ERROR] EVENT_OBJECT_REORDER: Not enough quota is available to process this command. (0x80070718)
17:04:25 [ERROR] EVENT_OBJECT_REORDER: Not enough quota is available to process this command. (0x80070718)
17:04:25 [ERROR] EVENT_OBJECT_REORDER: Not enough quota is available to process this command. (0x80070718)
17:04:25 [ERROR] EVENT_OBJECT_REORDER: Not enough quota is available to process this command. (0x80070718)
17:04:25 [ERROR] EVENT_OBJECT_REORDER: Not enough quota is available to process this command. (0x80070718)
17:04:25 [ERROR] EVENT_OBJECT_REORDER: Not enough quota is available to process this command. (0x80070718)
17:04:25 [ERROR] EVENT_OBJECT_REORDER: Not enough quota is available to process this command. (0x80070718)
17:04:25 [ERROR] EVENT_OBJECT_REORDER: Not enough quota is available to process this command. (0x80070718)
17:04:25 [ERROR] EVENT_OBJECT_REORDER: Not enough quota is available to process this command. (0x80070718)
17:04:25 [ERROR] EVENT_OBJECT_REORDER: Not enough quota is available to process this command. (0x80070718)
17:04:25 [ERROR] EVENT_OBJECT_REORDER: Not enough quota is available to process this command. (0x80070718)
17:04:25 [ERROR] EVENT_OBJECT_REORDER: Not enough quota is available to process this command. (0x80070718)
17:04:25 [ERROR] EVENT_OBJECT_REORDER: Not enough quota is available to process this command. (0x80070718)
17:04:25 [ERROR] EVENT_OBJECT_REORDER: Not enough quota is available to process this command. (0x80070718)
17:04:25 [ERROR] EVENT_OBJECT_REORDER: Not enough quota is available to process this command. (0x80070718)
17:04:25 [ERROR] EVENT_OBJECT_REORDER: Not enough quota is available to process this command. (0x80070718)
17:04:25 [ERROR] EVENT_OBJECT_REORDER: Not enough quota is available to process this command. (0x80070718)
17:04:25 [ERROR] EVENT_OBJECT_REORDER: Not enough quota is available to process this command. (0x80070718)
17:04:25 [ERROR] EVENT_OBJECT_REORDER: Not enough quota is available to process this command. (0x80070718)
17:04:25 [ERROR] EVENT_OBJECT_REORDER: Not enough quota is available to process this command. (0x80070718)
17:04:25 [ERROR] EVENT_OBJECT_REORDER: Not enough quota is available to process this command. (0x8007071817):
04:25 [ERROR] EVENT_OBJECT_REORDER: Not enough quota is available to process this command. (0x80070718)
17:04:25 [ERROR] EVENT_OBJECT_REORDER: Not enough quota is available to process this command. (0x80070718)
17:04:25 [ERROR] EVENT_OBJECT_REORDER: Not enough quota is available to process this command. (0x80070718)
17:04:25 [ERROR] EVENT_OBJECT_REORDER: Not enough quota is available to process this command. (0x80070718)
17:04:25 [ERROR] EVENT_OBJECT_REORDER: Not enough quota is available to process this command. (0x80070718)
17:04:25 [ERROR] 17EVENT_OBJECT_REORDER:: 0Not enough quota is available to process this command.4 (:0x2580070718 )
[ERROR] EVENT_OBJECT_REORDER: Not enough quota is available to process this command. (0x80070718)
17:04:25 [ERROR] EVENT_OBJECT_REORDER: Not enough quota is available to process this command. (0x80070718)
17:04:25 [ERROR] EVENT_OBJECT_REORDER: Not enough quota is available to process this command. (0x80070718)
17:04:25 [ERROR] EVENT_OBJECT_REORDER: Not enough quota is available to process this command. (0x80070718)
17:04:25 [ERROR] EVENT_OBJECT_REORDER: Not enough quota is available to process this command. (0x80070718)
17:04:25 [ERROR] EVENT_OBJECT_REORDER: Not enough quota is available to process this command. (0x80070718)
17:04:25 [ERROR] EVENT_OBJECT_REORDER: Not enough quota is available to process this command. (170x:8007071804):
25 [ERROR] EVENT_OBJECT_REORDER: Not enough quota is available to process this command. (0x80070718)
17:04:25 [ERROR] EVENT_OBJECT_REORDER: 17:Not enough quota is available to process this command.0 (40x:178007071825:) 0
[ERROR]4 :EVENT_OBJECT_REORDER25:  Not enough quota is available to process this command.[ERROR] ( 0xEVENT_OBJECT_REORDER80070718: )
Not enough quota is available to process this command. (0x80070718)
17:04:25 [ERROR] EVENT_OBJECT_REORDER: Not enough quota is available to process this command. (0x80070718)
17:04:25 [ERROR] EVENT_OBJECT_REORDER: Not enough quota is available to process this command. (0x80070718)
17:04:25 [ERROR] EVENT_OBJECT_REORDER: Not enough quota is available to process this command. (0x80070718)
17:0174:04::2525  [ERROR] [ERROR]EVENT_OBJECT_REORDER : EVENT_OBJECT_REORDER: Not enough quota is available to process this command.Not enough quota is available to process this command. ( (0x0x8007071880070718))

17:04:25 [ERROR] EVENT_OBJECT_REORDER: Not enough quota is available to process this command. (0x80070718)
17:04:25 [ERROR] EVENT_OBJECT_REORDER: Not enough quota is available to process this command. (0x80070718)
17:04:25 [ERROR] EVENT_OBJECT_REORDER: Not enough quota is available to process this command. (0x80070718)
17:04:25 [ERROR] EVENT_OBJECT_REORDER: Not enough quota is available to process this command. (0x80070718)
17:04:25 [ERROR] EVENT_OBJECT_REORDER: Not enough quota is available to process this command. (0x80070718)
17:04:25 [ERROR] EVENT_OBJECT_REORDER: Not enough quota is available to process this command. (0x80070718)
17:04:25 [ERROR] EVENT_OBJECT_REORDER: Not enough quota is available to process this command. (0x80070718)
17:04:25 [ERROR] EVENT_OBJECT_REORDER: Not enough quota is available to process this command. (0x80070718)
17:04:25 [ERROR] EVENT_OBJECT_REORDER: Not enough quota is available to process this command. (0x80070718)
17:04:25 [ERROR] EVENT_OBJECT_REORDER: Not enough quota is available to process this command. (0x80070718)
17:04:25 [ERROR] EVENT_OBJECT_REORDER: Not enough quota is available to process this command. (0x80070718)
17:04:25 [ERROR] EVENT_OBJECT_REORDER: Not enough quota is available to process this command. (0x80070718)
17:04:25 [ERROR] EVENT_OBJECT_REORDER: Not enough quota is available to process this command. (0x80070718)
17:04:25 [ERROR] EVENT_OBJECT_REORDER: Not enough quota is available to process this command. (0x80070718)
17:04:25 [ERROR] EVENT_OBJECT_REORDER: Not enough quota is available to process this command. (0x80070718)
17:04:25 [ERROR] EVENT_OBJECT_REORDER: Not enough quota is available to process this command. (0x80070718)
17:04:25 [ERROR] EVENT_OBJECT_REORDER: Not enough quota is available to process this command. (0x80070718)
17:04:25 [ERROR] EVENT_OBJECT_REORDER: Not enough quota is available to process this command. (0x80070718)
17:04:25 [ERROR] EVENT_OBJECT_REORDER: Not enough quota is available to process this command. (0x80070718)
17:04:25 [ERROR] EVENT_OBJECT_REORDER: Not enough quota is available to process this command. (0x80070718)
17:04:25 [ERROR] EVENT_OBJECT_REORDER: Not enough quota is available to process this command. (0x80070718)
17:04:25 [ERROR] EVENT_OBJECT_REORDER: Not enough quota is available to process this command. (0x80070718)
17:04:25 [ERROR] EVENT_OBJECT_REORDER: Not enough quota is available to process this command. (0x80070718)
17:04:25 [ERROR] EVENT_OBJECT_REORDER: Not enough quota is available to process this command. (0x80070718)
17:04:25 [ERROR] EVENT_OBJECT_REORDER: Not enough quota is available to process this command. (0x80070718)
17:04:25 [ERROR] EVENT_OBJECT_REORDER: Not enough quota is available to process this command. (0x80070718)
17:04:25 [ERROR] EVENT_OBJECT_REORDER: Not enough quota is available to process this command. (0x80070718)
17:04:25 [ERROR] EVENT_OBJECT_REORDER: Not enough quota is available to process this command. (0x80070718)
17:04:25 [ERROR] EVENT_OBJECT_REORDER: Not enough quota is available to process this command. (0x80070718)
17:04:25 [ERROR] EVENT_OBJECT_REORDER: Not enough quota is available to process this command. (0x80070718)
17:04:25 [ERROR] EVENT_OBJECT_REORDER: Not enough quota is available to process this command. (0x80070718)
17:04:25 [ERROR] EVENT_OBJECT_REORDER: Not enough quota is available to process this command. (0x80070718)
17:04:25 [ERROR] EVENT_OBJECT_REORDER: Not enough quota is available to process this command. (0x80070718)
17:04:25 [ERROR] EVENT_OBJECT_REORDER: Not enough quota is available to process this command. (0x80070718)
17:04:25 [ERROR] EVENT_OBJECT_REORDER: Not enough quota is available to process this command. (0x80070718)
17:04:25 [ERROR] EVENT_OBJECT_REORDER: Not enough quota is available to process this command. (0x80070718)
17:04:25 [ERROR] EVENT_OBJECT_REORDER: Not enough quota is available to process this command. (0x80070718)
17:04:25 [ERROR] EVENT_OBJECT_REORDER: Not enough quota is available to process this command. (0x80070718)
17:0417::250 4[ERROR]: 25EVENT_OBJECT_REORDER : [ERROR] EVENT_OBJECT_REORDERNot enough quota is available to process this command.:  (0x80070718)Not enough quota is available to process this command.
 (0x80070718)
17:04:25 [ERROR] EVENT_OBJECT_REORDER: Not enough quota is available to process this command. (170x:800707180)4
:25 [ERROR] EVENT_OBJECT_REORDER: Not enough quota is available to process this command. (0x80070718)
17:04:25 [ERROR] EVENT_OBJECT_REORDER: Not enough quota is available to process this command. (0x80070718)
17:04:25 [ERROR] EVENT_OBJECT_REORDER: Not enough quota is available to process this command. (0x80070718)
17:04:25 [ERROR] EVENT_OBJECT_REORDER: Not enough quota is available to process this command. (0x80070718)
17:04:25 [ERROR] EVENT_OBJECT_REORDER: Not enough quota is available to process this command. (0x80070718)
17:04:25 [ERROR] EVENT_OBJECT_REORDER: Not enough quota is available to process this command. (0x80070718)
17:04:25 [ERROR] EVENT_OBJECT_REORDER: Not enough quota is available to process this command. (0x80070718)
17:04:25 [ERROR] EVENT_OBJECT_REORDER: Not enough quota is available to process this command. (0x80070718)
17:04:25 [ERROR] EVENT_OBJECT_REORDER: Not enough quota is available to process this command. (0x80070718)
17:04:25 [ERROR] EVENT_OBJECT_REORDER: Not enough quota is available to process this command. (0x80070718)
17:04:25 [ERROR] EVENT_OBJECT_REORDER: Not enough quota is available to process this command. (0x80070718)
17:04:25 [ERROR] EVENT_OBJECT_REORDER: Not enough quota is available to process this command. (0x80070718)
17:04:25 [ERROR] EVENT_OBJECT_REORDER: Not enough quota is available to process this command. (0x80070718)
17:04:25 [ERROR] EVENT_OBJECT_REORDER: Not enough quota is available to process this command. (0x80070718)
17:04:25 [ERROR] EVENT_OBJECT_REORDER: Not enough quota is available to process this command. (0x80070718)
17:04:25 [ERROR] EVENT_OBJECT_REORDER: Not enough quota is available to process this command. (0x80070718)
17:04:25 [ERROR] EVENT_OBJECT_REORDER: Not enough quota is available to process this command. (0x80070718)
17:04:25 [ERROR] EVENT_OBJECT_REORDER: Not enough quota is available to process this command. (0x80070718)
17:04:25 [ERROR] EVENT_OBJECT_REORDER: Not enough quota is available to process this command. (0x80070718)
17:04:25 [ERROR] EVENT_OBJECT_REORDER: Not enough quota is available to process this command. (0x80070718)
17:04:25 [ERROR] EVENT_OBJECT_REORDER: Not enough quota is available to process this command. (0x80070718)
17:04:25 [ERROR] EVENT_OBJECT_REORDER: Not enough quota is available to process this command. (0x80070718)
17:04:25 [ERROR] EVENT_OBJECT_REORDER: Not enough quota is available to process this command. (0x80070718)
17:04:25 [ERROR] EVENT_OBJECT_REORDER: Not enough quota is available to process this command. (0x80070718)
17:04:25 [ERROR] EVENT_OBJECT_REORDER: Not enough quota is available to process this command. (0x80070718)
17:04:25 [ERROR] EVENT_OBJECT_REORDER: Not enough quota is available to process this command. (0x80070718)
17:04:1725: 0[ERROR]4 :EVENT_OBJECT_REORDER25:  [ERROR] Not enough quota is available to process this command. (EVENT_OBJECT_REORDER0x: 80070718Not enough quota is available to process this command.) (
0x80070718)
17:04:25 [ERROR] EVENT_OBJECT_REORDER: Not enough quota is available to process this command. (0x80070718)
17:170:40:425: 25 [ERROR][ERROR]  EVENT_OBJECT_REORDEREVENT_OBJECT_REORDER: : Not enough quota is available to process this command.Not enough quota is available to process this command. ( (0x0x8007071880070718))

17:04:25 [ERROR] EVENT_OBJECT_REORDER: Not enough quota is available to process this command. (0x80070718)
17:04:25 [ERROR] EVENT_OBJECT_REORDER: Not enough quota is available to process this command. (0x80070718)
17:04:25 [ERROR] EVENT_OBJECT_REORDER: Not enough quota is available to process this command. (170x:800707180)4
:25 [ERROR] EVENT_OBJECT_REORDER: Not enough quota is available to process this command. (0x80070718)
17:04:25 [ERROR] EVENT_OBJECT_REORDER: Not enough quota is available to process this command. (0x80070718)
17:04:25 [ERROR] EVENT_OBJECT_REORDER: Not enough quota is available to process this command. (0x80070718)
17:04:25 [ERROR] EVENT_OBJECT_REORDER: Not enough quota is available to process this command. (0x80070718)
17:04:25 [ERROR] EVENT_OBJECT_REORDER: Not enough quota is available to process this command. (0x80070718)
17:04:25 [ERROR] EVENT_OBJECT_REORDER: Not enough quota is available to process this command. (0x80070718)
17:04:25 [ERROR] EVENT_OBJECT_REORDER: Not enough quota is available to process this command. (0x80070718)
17:04:25 [ERROR] EVENT_OBJECT_REORDER: Not enough quota is available to process this command. (0x80070718)
17:04:25 [ERROR] EVENT_OBJECT_REORDER: Not enough quota is available to process this command. (0x80070718)
17:04:25 [ERROR] EVENT_OBJECT_REORDER: Not enough quota is available to process this command. (0x80070718)
17:04:25 [ERROR] EVENT_OBJECT_REORDER: Not enough quota is available to process this command. (0x80070718)
17:04:25 [ERROR] EVENT_OBJECT_REORDER: Not enough quota is available to process this command. (0x80070718)
17:04:25 [ERROR] EVENT_OBJECT_REORDER: Not enough quota is available to process this command. (0x80070718)
17:04:25 [ERROR] EVENT_OBJECT_REORDER: Not enough quota is available to process this command. (0x80070718)
17:04:25 [ERROR] EVENT_OBJECT_REORDER: Not enough quota is available to process this command. (0x80070718)
17:04:25 [ERROR] EVENT_OBJECT_REORDER: Not enough quota is available to process this command. (0x80070718)
17:04:25 [ERROR] EVENT_OBJECT_REORDER: Not enough quota is available to process this command. (0x80070718)
17:04:25 [ERROR] EVENT_OBJECT_REORDER: Not enough quota is available to process this command. (0x80070718)
17:04:25 [ERROR] EVENT_OBJECT_REORDER: Not enough quota is available to process this command. (0x80070718)
17:04:25 [ERROR] EVENT_OBJECT_REORDER: Not enough quota is available to process this command. (0x80070718)
17:04:25 [ERROR] EVENT_OBJECT_REORDER: Not enough quota is available to process this command. (0x80070718)
17:04:25 [ERROR] EVENT_OBJECT_REORDER: Not enough quota is available to process this command. (0x80070718)
17:04:25 [ERROR] EVENT_OBJECT_REORDER: 17Not enough quota is available to process this command. (0x:800707180)4
:25 [ERROR] EVENT_OBJECT_REORDER: Not enough quota is available to process this command. (0x80070718)
17:04:25 [ERROR] EVENT_OBJECT_REORDER: Not enough quota is available to process this command. (0x80070718)
17:04:25 [ERROR] EVENT_OBJECT_REORDER: Not enough quota is available to process this command. (0x80070718)
17:04:25 [ERROR] EVENT_OBJECT_REORDER: Not enough quota is available to process this command. (0x80070718)
17:04:25 [ERROR] EVENT_OBJECT_REORDER: Not enough quota is available to process this command. (0x80070718)
17:04:25 [ERROR] EVENT_OBJECT_REORDER: Not enough quota is available to process this command. (0x80070718)
17:04:25 [ERROR] EVENT_OBJECT_REORDER: Not enough quota is available to process this command. (0x80070718)
17:04:25 [ERROR] EVENT_OBJECT_REORDER: Not enough quota is available to process this command. (0x80070718)
17:04:25 [ERROR] EVENT_OBJECT_REORDER: Not enough quota is available to process this command. (0x80070718)
17:04:25 [ERROR] EVENT_OBJECT_REORDER: Not enough quota is available to process this command. (0x80070718)
17:04:25 [ERROR] EVENT_OBJECT_REORDER: Not enough quota is available to process this command. (0x80070718)
17:04:25 [ERROR] EVENT_OBJECT_REORDER: Not enough quota is available to process this command. (0x80070718)
17:04:25 [ERROR] EVENT_OBJECT_REORDER: Not enough quota is available to process this command. (0x80070718)
17:04:25 [ERROR] EVENT_OBJECT_REORDER: Not enough quota is available to process this command. (0x80070718)
17:04:25 [ERROR] EVENT_OBJECT_REORDER: Not enough quota is available to process this command. (0x80070718)
17:04:25 [ERROR] EVENT_OBJECT_REORDER: Not enough quota is available to process this command. (0x80070718)
17:04:25 [ERROR] EVENT_OBJECT_REORDER: Not enough quota is available to process this command. (0x80070718)
17:04:25 [ERROR] EVENT_OBJECT_REORDER: Not enough quota is available to process this command. (0x80070718)
17:04:25 [ERROR] EVENT_OBJECT_REORDER: Not enough quota is available to process this command. (0x80070718)
17:04:25 [ERROR] EVENT_OBJECT_REORDER: Not enough quota is available to process this command. (0x80070718)
17:04:25 [ERROR] EVENT_OBJECT_REORDER: Not enough quota is available to process this command. (0x80070718)
17:04:25 [ERROR] EVENT_OBJECT_REORDER: Not enough quota is available to process this command. (0x80070718)
17:04:25 [ERROR] EVENT_OBJECT_REORDER: Not enough quota is available to process this command. (0x80070718)
17:04:25 [ERROR] EVENT_OBJECT_REORDER: Not enough quota is available to process this command. (0x80070718)
17:04:25 [ERROR] EVENT_OBJECT_REORDER: Not enough quota is available to process this command. (0x80070718)
17:04:25 [ERROR] EVENT_OBJECT_REORDER: Not enough quota is available to process this command. (0x80070718)
17:04:25 [ERROR] EVENT_OBJECT_REORDER: Not enough quota is available to process this command. (0x80070718)
17:04:25 [ERROR] EVENT_OBJECT_REORDER: Not enough quota is available to process this command. (0x80070718)
17:04:25 [ERROR] EVENT_OBJECT_REORDER: Not enough quota is available to process this command. (0x8007071817):
04:25 [ERROR] EVENT_OBJECT_REORDER: Not enough quota is available to process this command. (0x80070718)
17:04:25 [ERROR] EVENT_OBJECT_REORDER: Not enough quota is available to process this command. (0x80070718)
17:04:25 [ERROR] EVENT_OBJECT_REORDER: Not enough quota is available to process this command. (0x80070718)
17:04:25 [ERROR] EVENT_OBJECT_REORDER: Not enough quota is available to process this command. (0x80070718)
1717:04:25 :[ERROR]0 EVENT_OBJECT_REORDER4: :25 Not enough quota is available to process this command.[ERROR] ( 0x80070718)
EVENT_OBJECT_REORDER: Not enough quota is available to process this command. (0x80070718)
17:04:25 [ERROR] EVENT_OBJECT_REORDER: Not enough quota is available to process this command. (0x80070718)
17:04:25 [ERROR] EVENT_OBJECT_REORDER: Not enough quota is available to process this command. (0x80070718)
17:04:25 [ERROR] EVENT_OBJECT_REORDER: Not enough quota is available to process this command. (0x80070718)
17:04:25 [ERROR] EVENT_OBJECT_REORDER: Not enough quota is available to process this command. (0x80070718)
17:04:25 [ERROR] EVENT_OBJECT_REORDER: Not enough quota is available to process this command. (0x80070718)
17:04:25 [ERROR] EVENT_OBJECT_REORDER: Not enough quota is available to process this command. (170x:800707180)
4:25 [ERROR] EVENT_OBJECT_REORDER: Not enough quota is available to process this command. (0x80070718)
17:04:25 [ERROR] EVENT_OBJECT_REORDER: Not enough quota is available to process this command. (0x80070718)
17:04:25 [ERROR] EVENT_OBJECT_REORDER: Not enough quota is available to process this command. (0x80070718)
17:04:25 [ERROR] EVENT_OBJECT_REORDER: Not enough quota is available to process this command. (0x80070718)
17:04:25 [ERROR] EVENT_OBJECT_REORDER: Not enough quota is available to process this command. (0x80070718)
17:04:51 [INFO] starting tacky-borders
17:04:59 [INFO] config.yaml has changed; reloading borders
17:04:59 [ERROR] received invalid dpi of 0 from GetDpiForWindow
17:05:33 [INFO] config.yaml has changed; reloading borders
17:05:33 [ERROR] received invalid dpi of 0 from GetDpiForWindow
17:07:19 [INFO] border is disabled for HWND(0x103ca)
17:08:40 [INFO] border is disabled for HWND(0x103ca)
17:09:13 [INFO] border is disabled for HWND(0x103ca)
17:10:04 [INFO] border is disabled for HWND(0x103ca)
17:10:07 [INFO] border is disabled for HWND(0x200ae)
17:10:07 [INFO] border is disabled for HWND(0x10224)
17:11:23 [INFO] border is disabled for HWND(0x103ca)
17:11:51 [INFO] border is disabled for HWND(0x103ca)
17:11:58 [ERROR] could not set window position for HWND(0x6031c): Access is denied. (0x80070005)
17:11:58 [ERROR] could not set window position for HWND(0x6031c): Access is denied. (0x80070005)
17:11:58 [ERROR] could not send animation timer message for HWND(0x130a6e): Invalid window handle. (0x80070578)
17:13:08 [INFO] border is disabled for HWND(0x103ca)
17:15:47 [INFO] border is disabled for HWND(0x30220)
17:15:47 [INFO] border is disabled for HWND(0x30282)
17:15:50 [INFO] border is disabled for HWND(0x30220)
17:15:50 [INFO] border is disabled for HWND(0x30282)
17:16:53 [INFO] config.yaml has changed; reloading borders
17:16:55 [INFO] border is disabled for HWND(0x50572)
17:17:03 [INFO] border is disabled for HWND(0x30220)
17:17:03 [INFO] border is disabled for HWND(0x30282)
17:17:05 [INFO] border is disabled for HWND(0x30220)
17:17:05 [INFO] border is disabled for HWND(0x30282)
17:17:23 [ERROR] Element not found. (0x80070490)
17:17:23 [INFO] config.yaml has changed; reloading borders
17:17:23 [ERROR] could not retrieve window title for HWND(0x770674): WIN32_ERROR(1168)
17:17:23 [ERROR] could not check for changes in config dir: The handle is invalid. (0x80070006)
17:17:23 [ERROR] could not retrieve window corner preference: The parameter is incorrect. (0x80070057)
17:17:23 [ERROR] could not retrieve window corner preference: The parameter is incorrect. (0x80070057)
17:19:52 [INFO] border is disabled for HWND(0x103ca)
17:23:44 [INFO] border is disabled for HWND(0x103ca)
17:23:45 [ERROR] could not set window position for HWND(0x70264): Access is denied. (0x80070005)
17:23:45 [ERROR] could not set window position for HWND(0x70264): Access is denied. (0x80070005)
17:23:45 [ERROR] could not send animation timer message for HWND(0x80b08): Invalid window handle. (0x80070578)
17:23:53 [ERROR] could not get window rect for HWND(0xa0b3e): The handle is invalid. (0x80070006)
17:23:53 [ERROR] could not send animation timer message for HWND(0x7e057e): Invalid window handle. (0x80070578)
17:23:58 [INFO] border is disabled for HWND(0x103ca)
17:24:21 [ERROR] could not get window rect for HWND(0x170952): The handle is invalid. (0x80070006)
17:24:29 [ERROR] could not set window position for HWND(0x1d0a4a): Access is denied. (0x80070005)
17:24:29 [ERROR] could not set window position for HWND(0x1d0a4a): Access is denied. (0x80070005)
17:24:29 [ERROR] could not send animation timer message for HWND(0x80498): Invalid window handle. (0x80070578)
17:24:54 [INFO] border is disabled for HWND(0x103ca)
17:32:26 [INFO] border is disabled for HWND(0x103ca)
17:41:49 [INFO] border is disabled for HWND(0x103ca)
17:42:59 [ERROR] could not set window position for HWND(0x830804): Access is denied. (0x80070005)
17:42:59 [ERROR] could not set window position for HWND(0x830804): Access is denied. (0x80070005)
17:42:59 [ERROR] could not send animation timer message for HWND(0xd009a): Invalid window handle. (0x80070578)
17:44:09 [INFO] border is disabled for HWND(0x103ca)
17:47:53 [INFO] border is disabled for HWND(0x103ca)
17:50:26 [INFO] border is disabled for HWND(0x103ca)
17:58:47 [INFO] border is disabled for HWND(0x103ca)
18:15:35 [INFO] border is disabled for HWND(0x103ca)
18:15:40 [INFO] border is disabled for HWND(0x400ba)
18:23:14 [INFO] border is disabled for HWND(0x103ca)
18:26:02 [INFO] border is disabled for HWND(0x103ca)
18:26:14 [ERROR] could not get window rect for HWND(0xd08e4): The handle is invalid. (0x80070006)
10:45:36 [INFO] starting tacky-borders
10:45:36 [ERROR] could not set window position for HWND(0x20546): Access is denied. (0x80070005)
10:45:36 [ERROR] could not set window position for HWND(0x20546): Access is denied. (0x80070005)
10:45:36 [ERROR] could not send animation timer message for HWND(0x303a2): Invalid window handle. (0x80070578)
10:45:54 [ERROR] could not set window position for HWND(0x404c2): Access is denied. (0x80070005)
10:45:54 [ERROR] could not set window position for HWND(0x404c2): Access is denied. (0x80070005)
10:45:54 [ERROR] could not send animation timer message for HWND(0x2055e): Invalid window handle. (0x80070578)
10:46:36 [INFO] border is disabled for HWND(0x303d8)
10:47:42 [INFO] border is disabled for HWND(0x303d8)
10:52:39 [INFO] border is disabled for HWND(0x303d8)
11:04:26 [INFO] border is disabled for HWND(0x303d8)
11:21:31 [INFO] border is disabled for HWND(0x303d8)
11:21:44 [INFO] border is disabled for HWND(0x303d8)
11:43:32 [INFO] border is disabled for HWND(0x303d8)
11:43:37 [ERROR] could not set window position for HWND(0x1e3037a): Access is denied. (0x80070005)
11:43:37 [ERROR] could not set window position for HWND(0x1e3037a): Access is denied. (0x80070005)
11:43:37 [ERROR] could not send animation timer message for HWND(0xc50656): Invalid window handle. (0x80070578)
11:44:25 [INFO] border is disabled for HWND(0x303d8)
11:44:43 [INFO] border is disabled for HWND(0x303d8)
11:46:35 [INFO] border is disabled for HWND(0x303d8)
11:48:11 [INFO] border is disabled for HWND(0x2035e)
11:58:31 [INFO] border is disabled for HWND(0x303d8)
11:58:34 [INFO] border is disabled for HWND(0x303d8)
11:58:39 [INFO] border is disabled for HWND(0x303d8)
11:58:44 [INFO] border is disabled for HWND(0x303d8)
11:58:46 [INFO] border is disabled for HWND(0x303d8)
11:58:49 [INFO] border is disabled for HWND(0x303d8)
11:58:51 [INFO] border is disabled for HWND(0x303d8)
11:58:53 [INFO] border is disabled for HWND(0x303d8)
12:01:21 [INFO] border is disabled for HWND(0x303d8)
12:01:34 [INFO] border is disabled for HWND(0x303d8)
12:02:05 [INFO] border is disabled for HWND(0x20572)
12:02:16 [INFO] border is disabled for HWND(0x101e6)
12:02:16 [INFO] border is disabled for HWND(0x2021a)
12:02:18 [INFO] border is disabled for HWND(0x101e6)
12:02:18 [INFO] border is disabled for HWND(0x2021a)
12:02:26 [INFO] border is disabled for HWND(0x101e6)
12:02:26 [INFO] border is disabled for HWND(0x2021a)
12:02:29 [INFO] border is disabled for HWND(0x40884)
12:38:17 [INFO] border is disabled for HWND(0x101e6)
12:38:17 [INFO] border is disabled for HWND(0x2021a)
13:04:39 [INFO] border is disabled for HWND(0x303d8)
13:04:42 [ERROR] could not get window rect for HWND(0x304de): The handle is invalid. (0x80070006)
16:34:06 [INFO] starting tacky-borders
16:34:13 [INFO] border is disabled for HWND(0x10390)
16:34:38 [INFO] border is disabled for HWND(0x10390)
16:35:08 [ERROR] could not get window rect for HWND(0x306be): The handle is invalid. (0x80070006)
16:57:20 [INFO] border is disabled for HWND(0x6305c2)
17:01:07 [INFO] border is disabled for HWND(0x703c8)
18:56:04 [INFO] border is disabled for HWND(0x101e4)
18:56:04 [INFO] border is disabled for HWND(0x1021e)
18:56:15 [INFO] border is disabled for HWND(0x10390)
18:56:19 [ERROR] could not get window rect for HWND(0x20666): The handle is invalid. (0x80070006)
18:56:19 [ERROR] could not set window position for HWND(0x2a0566): Access is denied. (0x80070005)
14:30:49 [INFO] starting tacky-borders
14:40:57 [INFO] border is disabled for HWND(0x103c0)
14:41:36 [INFO] border is disabled for HWND(0x103c0)
14:48:11 [INFO] border is disabled for HWND(0x103c0)
14:48:51 [INFO] border is disabled for HWND(0x103c0)
15:04:34 [INFO] border is disabled for HWND(0x103c0)
15:07:43 [INFO] border is disabled for HWND(0x103c0)
15:26:53 [INFO] border is disabled for HWND(0x101e4)
15:26:53 [INFO] border is disabled for HWND(0x10216)
15:57:47 [INFO] border is disabled for HWND(0x103c0)
16:10:32 [INFO] border is disabled for HWND(0x103c0)
16:15:37 [INFO] border is disabled for HWND(0x103c0)
16:16:28 [INFO] border is disabled for HWND(0x103c0)
16:17:21 [INFO] border is disabled for HWND(0x5605b8)
16:17:22 [INFO] border is disabled for HWND(0x103c0)
16:19:40 [INFO] border is disabled for HWND(0x103c0)
16:24:26 [INFO] border is disabled for HWND(0x103c0)
16:24:30 [INFO] border is disabled for HWND(0x103c0)
17:31:16 [INFO] border is disabled for HWND(0x103c0)
17:32:40 [INFO] border is disabled for HWND(0x101e4)
17:32:40 [INFO] border is disabled for HWND(0x10216)
17:32:51 [INFO] border is disabled for HWND(0x101e4)
17:32:51 [INFO] border is disabled for HWND(0x10216)
17:34:23 [INFO] border is disabled for HWND(0x103c0)
17:36:36 [ERROR] could not get window rect for HWND(0xd06a2): The handle is invalid. (0x80070006)
17:36:52 [INFO] border is disabled for HWND(0x101e4)
17:36:52 [INFO] border is disabled for HWND(0x10216)
17:43:56 [INFO] border is disabled for HWND(0x103c0)
17:43:58 [INFO] border is disabled for HWND(0x103c0)
17:56:04 [INFO] border is disabled for HWND(0x103c0)
18:00:53 [INFO] border is disabled for HWND(0x103c0)
18:03:11 [INFO] border is disabled for HWND(0x103c0)
18:15:50 [INFO] border is disabled for HWND(0x101e4)
18:15:50 [INFO] border is disabled for HWND(0x10216)
19:05:14 [INFO] border is disabled for HWND(0x103c0)
19:16:25 [INFO] border is disabled for HWND(0x101e4)
19:16:25 [INFO] border is disabled for HWND(0x10216)
19:16:26 [INFO] border is disabled for HWND(0x101e4)
19:16:26 [INFO] border is disabled for HWND(0x10216)
19:16:31 [INFO] border is disabled for HWND(0x101e4)
19:16:31 [INFO] border is disabled for HWND(0x10216)
19:30:38 [INFO] border is disabled for HWND(0x103c0)
19:30:42 [ERROR] could not get window rect for HWND(0x1207e6): The handle is invalid. (0x80070006)
15:54:17 [INFO] starting tacky-borders
15:55:18 [INFO] border is disabled for HWND(0x103ba)
16:00:58 [ERROR] could not set window position for HWND(0x40292): Access is denied. (0x80070005)
16:00:58 [ERROR] could not set window position for HWND(0x40292): Access is denied. (0x80070005)
16:00:58 [ERROR] could not set window position for HWND(0x40292): Access is denied. (0x80070005)
16:00:58 [ERROR] could not set window position for HWND(0x40292): Access is denied. (0x80070005)
16:00:58 [ERROR] could not set window position for HWND(0x40292): Access is denied. (0x80070005)
16:00:58 [ERROR] could not set window position for HWND(0x40292): Access is denied. (0x80070005)
16:00:58 [ERROR] could not set window position for HWND(0x40586): Access is denied. (0x80070005)
16:00:58 [ERROR] could not set window position for HWND(0x40586): Access is denied. (0x80070005)
16:00:58 [ERROR] could not set window position for HWND(0x40586): Access is denied. (0x80070005)
16:00:58 [INFO] border is disabled for HWND(0x40666)
16:01:10 [INFO] border is disabled for HWND(0x103ba)
16:01:28 [INFO] border is disabled for HWND(0x103ba)
16:01:37 [INFO] border is disabled for HWND(0x101e2)
16:01:37 [INFO] border is disabled for HWND(0x10214)
16:02:08 [ERROR] could not get window rect for HWND(0xd062e): The handle is invalid. (0x80070006)
16:03:08 [ERROR] could not set window position for HWND(0x13062e): Access is denied. (0x80070005)
16:03:08 [ERROR] could not set window position for HWND(0x13062e): Access is denied. (0x80070005)
16:03:08 [ERROR] could not set window position for HWND(0x13062e): Access is denied. (0x80070005)
16:03:59 [INFO] border is disabled for HWND(0x103ba)
16:06:20 [INFO] border is disabled for HWND(0x103ba)
16:06:26 [INFO] border is disabled for HWND(0x103ba)
16:07:56 [INFO] border is disabled for HWND(0x103ba)
16:14:59 [ERROR] could not set window position for HWND(0x20814): Access is denied. (0x80070005)
16:14:59 [ERROR] could not set window position for HWND(0x20814): Access is denied. (0x80070005)
16:15:10 [ERROR] could not set window position for HWND(0x20848): Access is denied. (0x80070005)
16:15:10 [ERROR] could not set window position for HWND(0x20848): Access is denied. (0x80070005)
16:15:10 [ERROR] could not set window position for HWND(0x20848): Access is denied. (0x80070005)
16:16:19 [ERROR] could not get window rect for HWND(0xb05a2): The handle is invalid. (0x80070006)
16:17:26 [INFO] border is disabled for HWND(0x103ba)
16:18:33 [INFO] border is disabled for HWND(0x103ba)
16:19:45 [INFO] border is disabled for HWND(0x103ba)
16:20:33 [INFO] border is disabled for HWND(0x103ba)
16:25:18 [INFO] border is disabled for HWND(0x103ba)
16:39:51 [INFO] border is disabled for HWND(0x103ba)
16:40:24 [ERROR] could not get window rect for HWND(0x3a074e): The handle is invalid. (0x80070006)
16:44:20 [INFO] border is disabled for HWND(0x103ba)
16:44:23 [INFO] border is disabled for HWND(0x103ba)
16:54:08 [INFO] border is disabled for HWND(0x103ba)
17:02:04 [INFO] border is disabled for HWND(0x103ba)
17:02:13 [INFO] border is disabled for HWND(0x101e2)
17:02:13 [INFO] border is disabled for HWND(0x10214)
17:04:17 [INFO] border is disabled for HWND(0x103ba)
17:05:08 [INFO] border is disabled for HWND(0x103ba)
17:05:16 [INFO] border is disabled for HWND(0x103ba)
17:05:31 [INFO] border is disabled for HWND(0x101e2)
17:05:31 [INFO] border is disabled for HWND(0x10214)
17:09:00 [INFO] border is disabled for HWND(0x103ba)
17:10:45 [INFO] border is disabled for HWND(0x103ba)
17:11:27 [INFO] border is disabled for HWND(0x103ba)
17:13:37 [INFO] border is disabled for HWND(0x103ba)
17:18:55 [INFO] border is disabled for HWND(0x103ba)
17:21:16 [INFO] border is disabled for HWND(0x103ba)
18:42:41 [INFO] border is disabled for HWND(0x103ba)
18:50:29 [INFO] border is disabled for HWND(0x103ba)
18:59:05 [INFO] border is disabled for HWND(0x40666)
18:59:36 [INFO] border is disabled for HWND(0x103ba)
19:20:25 [INFO] border is disabled for HWND(0x103ba)
19:21:11 [INFO] border is disabled for HWND(0x103ba)
19:21:17 [INFO] border is disabled for HWND(0x103ba)
19:21:20 [ERROR] could not get window rect for HWND(0x1d0708): The handle is invalid. (0x80070006)
17:05:13 [INFO] starting tacky-borders
17:05:44 [INFO] border is disabled for HWND(0x10388)
17:13:46 [INFO] border is disabled for HWND(0x10388)
18:18:02 [INFO] border is disabled for HWND(0x10388)
18:18:55 [INFO] border is disabled for HWND(0x10388)
18:19:01 [INFO] border is disabled for HWND(0x10388)
18:20:27 [ERROR] could not set window position for HWND(0x8061a): Access is denied. (0x80070005)
18:20:27 [ERROR] could not set window position for HWND(0x8061a): Access is denied. (0x80070005)
18:20:27 [ERROR] could not set window position for HWND(0x8061a): Access is denied. (0x80070005)
18:20:27 [INFO] border is disabled for HWND(0x10684)
18:22:46 [INFO] border is disabled for HWND(0x10388)
18:22:57 [INFO] border is disabled for HWND(0x10388)
18:27:36 [INFO] border is disabled for HWND(0x10388)
18:27:57 [ERROR] could not set window position for HWND(0x70624): Access is denied. (0x80070005)
18:27:57 [ERROR] could not set window position for HWND(0x70624): Access is denied. (0x80070005)
18:27:57 [ERROR] could not send animation timer message for HWND(0x30692): Invalid window handle. (0x80070578)
18:37:13 [INFO] border is disabled for HWND(0x10388)
18:40:48 [INFO] border is disabled for HWND(0x10388)
18:43:05 [INFO] border is disabled for HWND(0x10388)
18:45:13 [INFO] border is disabled for HWND(0x10388)
18:49:44 [INFO] border is disabled for HWND(0x10388)
18:50:00 [INFO] border is disabled for HWND(0x10388)
18:50:05 [INFO] border is disabled for HWND(0x10684)
18:52:49 [INFO] border is disabled for HWND(0x10388)
18:54:11 [INFO] border is disabled for HWND(0x10684)
18:56:32 [INFO] border is disabled for HWND(0x10388)
19:01:49 [INFO] border is disabled for HWND(0x10388)
19:04:04 [INFO] border is disabled for HWND(0x10388)
19:14:03 [INFO] border is disabled for HWND(0x10388)
19:18:29 [INFO] border is disabled for HWND(0x10388)
19:28:14 [INFO] border is disabled for HWND(0x10388)
19:28:17 [ERROR] could not get window rect for HWND(0x8408aa): The handle is invalid. (0x80070006)
16:40:40 [INFO] starting tacky-borders
16:41:24 [INFO] border is disabled for HWND(0x204ae)
16:41:29 [INFO] border is disabled for HWND(0x204ae)
16:41:30 [ERROR] could not set window position for HWND(0x10514): Access is denied. (0x80070005)
16:41:30 [ERROR] could not set window position for HWND(0x10514): Access is denied. (0x80070005)
16:41:30 [ERROR] could not send animation timer message for HWND(0x1052a): Invalid window handle. (0x80070578)
16:48:26 [ERROR] could not set window position for HWND(0x601f8): Access is denied. (0x80070005)
16:48:26 [ERROR] could not set window position for HWND(0x601f8): Access is denied. (0x80070005)
16:48:26 [ERROR] could not send animation timer message for HWND(0x360096): Invalid window handle. (0x80070578)
16:48:35 [WARN] render_target has been lost; attempting to recreate
16:48:35 [INFO] successfully recreated render_target; resuming thread
16:51:49 [INFO] border is disabled for HWND(0x103a2)
16:59:47 [INFO] border is disabled for HWND(0x103a2)
17:01:51 [INFO] border is disabled for HWND(0x103a2)
17:06:41 [INFO] border is disabled for HWND(0x103a2)
17:08:11 [INFO] border is disabled for HWND(0x103a2)
17:11:49 [INFO] border is disabled for HWND(0x103a2)
17:24:24 [INFO] border is disabled for HWND(0x103a2)
17:31:43 [INFO] border is disabled for HWND(0x103a2)
17:51:38 [INFO] border is disabled for HWND(0x103a2)
17:59:34 [INFO] border is disabled for HWND(0x103a2)
17:59:37 [INFO] border is disabled for HWND(0x103a2)
17:59:43 [INFO] border is disabled for HWND(0x103a2)
17:59:56 [INFO] border is disabled for HWND(0x204ae)
18:00:55 [INFO] border is disabled for HWND(0x204ae)
18:03:50 [INFO] border is disabled for HWND(0x103a2)
18:09:17 [INFO] border is disabled for HWND(0x103a2)
18:09:48 [INFO] border is disabled for HWND(0x103a2)
18:10:04 [INFO] border is disabled for HWND(0x103a2)
18:10:49 [ERROR] could not set window position for HWND(0x507f6): Access is denied. (0x80070005)
18:10:49 [ERROR] could not set window position for HWND(0x507f6): Access is denied. (0x80070005)
18:10:49 [ERROR] could not set window position for HWND(0x507f6): Access is denied. (0x80070005)
18:11:10 [INFO] border is disabled for HWND(0x103a2)
18:16:04 [INFO] border is disabled for HWND(0x103a2)
18:18:18 [INFO] border is disabled for HWND(0x103a2)
18:28:36 [INFO] border is disabled for HWND(0x204ae)
18:30:00 [INFO] border is disabled for HWND(0x204ae)
18:39:18 [INFO] border is disabled for HWND(0x204ae)
18:40:24 [INFO] border is disabled for HWND(0x103a2)
18:40:25 [INFO] border is disabled for HWND(0x204ae)
18:46:47 [INFO] border is disabled for HWND(0x103a2)
19:02:00 [INFO] border is disabled for HWND(0x204ae)
19:04:59 [INFO] border is disabled for HWND(0x103a2)
19:05:59 [INFO] border is disabled for HWND(0x103a2)
19:10:12 [INFO] border is disabled for HWND(0x103a2)
19:16:14 [INFO] border is disabled for HWND(0x103a2)
19:17:31 [INFO] border is disabled for HWND(0x103a2)
19:17:39 [ERROR] could not set window position for HWND(0xa0850): Access is denied. (0x80070005)
19:17:39 [ERROR] could not set window position for HWND(0xa0850): Access is denied. (0x80070005)
19:17:39 [ERROR] could not send animation timer message for HWND(0x60830): Invalid window handle. (0x80070578)
19:19:18 [INFO] border is disabled for HWND(0x204ae)
19:19:48 [INFO] border is disabled for HWND(0x103a2)
19:20:21 [INFO] border is disabled for HWND(0x103a2)
19:20:52 [INFO] border is disabled for HWND(0x103a2)
19:21:09 [INFO] border is disabled for HWND(0x103a2)
19:22:31 [INFO] border is disabled for HWND(0x103a2)
19:25:08 [INFO] border is disabled for HWND(0x103a2)
19:25:14 [INFO] border is disabled for HWND(0x10986)
19:25:16 [INFO] border is disabled for HWND(0x10986)
19:26:06 [INFO] border is disabled for HWND(0x103a2)
19:29:52 [INFO] border is disabled for HWND(0x101de)
19:29:52 [INFO] border is disabled for HWND(0x10220)
19:32:45 [INFO] border is disabled for HWND(0x204ae)
19:44:16 [INFO] border is disabled for HWND(0x204ae)
19:44:19 [INFO] border is disabled for HWND(0x204ae)
19:45:07 [INFO] border is disabled for HWND(0x204ae)
19:46:11 [INFO] border is disabled for HWND(0x103a2)
19:46:14 [ERROR] could not get window rect for HWND(0xa059a): The handle is invalid. (0x80070006)
16:42:05 [INFO] starting tacky-borders
16:47:32 [INFO] border is disabled for HWND(0x103d8)
16:47:34 [ERROR] could not get window rect for HWND(0x4053c): The handle is invalid. (0x80070006)
16:47:37 [INFO] border is disabled for HWND(0x103d8)
17:47:01 [INFO] border is disabled for HWND(0x103d8)
17:59:09 [INFO] border is disabled for HWND(0x101fe)
17:59:09 [INFO] border is disabled for HWND(0x10226)
18:16:43 [INFO] border is disabled for HWND(0x103d8)
18:39:55 [INFO] border is disabled for HWND(0x103d8)
19:05:45 [INFO] border is disabled for HWND(0x103d8)
19:09:23 [INFO] border is disabled for HWND(0x101fe)
19:09:23 [INFO] border is disabled for HWND(0x10226)
19:11:02 [INFO] border is disabled for HWND(0x103d8)
12:39:22 [INFO] starting tacky-borders
12:39:54 [INFO] border is disabled for HWND(0x103c4)
12:43:00 [INFO] border is disabled for HWND(0x103c4)
12:52:05 [INFO] border is disabled for HWND(0x103c4)
13:07:29 [INFO] config.yaml has changed; reloading borders
13:07:29 [ERROR] received invalid dpi of 0 from GetDpiForWindow
13:08:02 [INFO] config.yaml has changed; reloading borders
13:08:02 [ERROR] received invalid dpi of 0 from GetDpiForWindow
13:08:30 [INFO] config.yaml has changed; reloading borders
13:08:30 [ERROR] received invalid dpi of 0 from GetDpiForWindow
13:50:34 [INFO] border is disabled for HWND(0x103c4)
13:59:46 [INFO] border is disabled for HWND(0x150684)
14:01:18 [INFO] border is disabled for HWND(0x150684)
14:05:32 [INFO] border is disabled for HWND(0x150684)
14:07:23 [INFO] border is disabled for HWND(0x150684)
14:07:38 [INFO] border is disabled for HWND(0x150684)
14:26:16 [ERROR] could not set window position for HWND(0x3071c): Access is denied. (0x80070005)
14:26:16 [ERROR] could not set window position for HWND(0x3071c): Access is denied. (0x80070005)
14:26:16 [ERROR] could not set window position for HWND(0x3071c): Access is denied. (0x80070005)
14:27:47 [ERROR] could not set window position for HWND(0xd06c6): Access is denied. (0x80070005)
14:27:47 [ERROR] could not set window position for HWND(0xd06c6): Access is denied. (0x80070005)
14:27:47 [INFO] border is disabled for HWND(0x150684)
14:28:07 [ERROR] could not set window position for HWND(0xd059e): Access is denied. (0x80070005)
14:28:07 [ERROR] could not set window position for HWND(0xd059e): Access is denied. (0x80070005)
14:28:07 [ERROR] could not set window position for HWND(0xd059e): Access is denied. (0x80070005)
14:33:22 [INFO] border is disabled for HWND(0x103c4)
14:33:30 [INFO] border is disabled for HWND(0x80734)
14:50:50 [INFO] config.yaml has changed; reloading borders
14:50:50 [ERROR] received invalid dpi of 0 from GetDpiForWindow
14:51:03 [INFO] config.yaml has changed; reloading borders
14:51:03 [ERROR] received invalid dpi of 0 from GetDpiForWindow
15:01:17 [INFO] border is disabled for HWND(0x80734)
15:01:24 [INFO] border is disabled for HWND(0x103c4)
15:01:30 [ERROR] could not set window position for HWND(0x190700): Access is denied. (0x80070005)
15:01:30 [ERROR] could not set window position for HWND(0x190700): Access is denied. (0x80070005)
15:01:30 [ERROR] could not send animation timer message for HWND(0xb0758): Invalid window handle. (0x80070578)
15:01:38 [INFO] border is disabled for HWND(0x80734)
15:16:03 [INFO] border is disabled for HWND(0x150684)
15:16:53 [INFO] border is disabled for HWND(0x103c4)
15:17:00 [INFO] border is disabled for HWND(0x705fe)
15:18:28 [INFO] border is disabled for HWND(0x103c4)
15:18:32 [INFO] border is disabled for HWND(0x103c4)
16:00:31 [INFO] border is disabled for HWND(0x150684)
16:04:25 [INFO] border is disabled for HWND(0x150684)
16:06:02 [INFO] border is disabled for HWND(0x150684)
16:10:56 [INFO] border is disabled for HWND(0x150684)
16:26:20 [INFO] border is disabled for HWND(0x103c4)
16:30:09 [INFO] border is disabled for HWND(0x103c4)
16:33:26 [INFO] border is disabled for HWND(0x103c4)
16:34:36 [INFO] border is disabled for HWND(0x101dc)
16:34:36 [INFO] border is disabled for HWND(0x10228)
16:42:34 [ERROR] could not get window rect for HWND(0x910800): The handle is invalid. (0x80070006)
16:55:36 [INFO] border is disabled for HWND(0x103c4)
16:58:03 [INFO] border is disabled for HWND(0x103c4)
17:09:41 [INFO] border is disabled for HWND(0x705fe)
17:09:48 [INFO] border is disabled for HWND(0x103c4)
17:11:08 [INFO] border is disabled for HWND(0x101dc)
17:11:08 [INFO] border is disabled for HWND(0x10228)
17:12:42 [INFO] border is disabled for HWND(0x103c4)
17:12:53 [INFO] border is disabled for HWND(0x103c4)
17:15:20 [INFO] border is disabled for HWND(0x103c4)
17:17:45 [INFO] border is disabled for HWND(0x103c4)
17:18:15 [INFO] border is disabled for HWND(0x103c4)
17:22:17 [INFO] border is disabled for HWND(0x150684)
17:26:20 [INFO] border is disabled for HWND(0x103c4)
17:36:41 [INFO] border is disabled for HWND(0x150684)
17:38:46 [INFO] border is disabled for HWND(0x150684)
17:50:00 [INFO] border is disabled for HWND(0x150684)
17:54:00 [INFO] border is disabled for HWND(0x150684)
17:57:31 [INFO] border is disabled for HWND(0x150684)
18:01:00 [INFO] border is disabled for HWND(0x150684)
18:03:08 [INFO] border is disabled for HWND(0x103c4)
18:07:28 [INFO] border is disabled for HWND(0x103c4)
18:08:42 [INFO] border is disabled for HWND(0x103c4)
18:10:45 [INFO] border is disabled for HWND(0x103c4)
18:11:08 [INFO] border is disabled for HWND(0x80734)
18:13:19 [INFO] config.yaml has changed; reloading borders
18:14:03 [INFO] border is disabled for HWND(0x80734)
18:16:27 [INFO] border is disabled for HWND(0x150684)
18:16:57 [INFO] border is disabled for HWND(0x150684)
18:20:42 [INFO] border is disabled for HWND(0x103c4)
18:25:20 [INFO] border is disabled for HWND(0x103c4)
18:25:41 [INFO] border is disabled for HWND(0x103c4)
18:26:09 [INFO] border is disabled for HWND(0x80734)
18:26:17 [INFO] border is disabled for HWND(0x103c4)
18:27:47 [INFO] border is disabled for HWND(0x103c4)
18:27:54 [INFO] border is disabled for HWND(0x103c4)
18:28:24 [INFO] border is disabled for HWND(0x103c4)
18:29:02 [INFO] border is disabled for HWND(0x103c4)
18:29:05 [INFO] border is disabled for HWND(0x103c4)
18:31:15 [INFO] border is disabled for HWND(0x103c4)
18:32:34 [INFO] border is disabled for HWND(0x103c4)
18:33:05 [INFO] border is disabled for HWND(0x103c4)
18:33:21 [INFO] border is disabled for HWND(0x103c4)
18:33:37 [INFO] border is disabled for HWND(0x103c4)
18:33:47 [INFO] border is disabled for HWND(0x103c4)
18:34:01 [INFO] border is disabled for HWND(0x103c4)
18:47:54 [INFO] border is disabled for HWND(0x103c4)
18:52:47 [INFO] border is disabled for HWND(0x103c4)
18:54:34 [INFO] border is disabled for HWND(0x103c4)
18:54:38 [ERROR] could not get window rect for HWND(0xc0614): The handle is invalid. (0x80070006)
08:42:49 [INFO] starting tacky-borders
08:49:00 [INFO] border is disabled for HWND(0x50204)
08:56:01 [INFO] border is disabled for HWND(0x50204)
08:58:44 [INFO] border is disabled for HWND(0x50204)
08:59:02 [INFO] border is disabled for HWND(0x10398)
09:02:04 [INFO] border is disabled for HWND(0x10398)
09:03:20 [INFO] border is disabled for HWND(0x50204)
09:03:52 [INFO] border is disabled for HWND(0x50204)
09:04:39 [INFO] border is disabled for HWND(0x50204)
09:04:49 [INFO] border is disabled for HWND(0x50204)
09:05:10 [INFO] border is disabled for HWND(0x50204)
09:05:20 [INFO] border is disabled for HWND(0x50204)
09:07:35 [INFO] border is disabled for HWND(0x10398)
09:08:18 [INFO] border is disabled for HWND(0x303e8)
09:08:51 [INFO] border is disabled for HWND(0x10398)
09:09:41 [INFO] border is disabled for HWND(0x10398)
09:10:22 [INFO] border is disabled for HWND(0x10398)
09:13:12 [INFO] border is disabled for HWND(0x10398)
09:15:40 [INFO] border is disabled for HWND(0x10398)
09:15:46 [INFO] border is disabled for HWND(0x10398)
09:17:01 [INFO] border is disabled for HWND(0x10398)
09:17:42 [INFO] border is disabled for HWND(0x10398)
09:18:55 [INFO] border is disabled for HWND(0x10398)
09:20:44 [INFO] border is disabled for HWND(0x10398)
09:23:48 [INFO] border is disabled for HWND(0x10398)
09:23:53 [INFO] border is disabled for HWND(0x10398)
09:25:36 [INFO] border is disabled for HWND(0x10398)
09:28:18 [INFO] border is disabled for HWND(0x10398)
09:28:35 [INFO] border is disabled for HWND(0x303e8)
09:29:08 [INFO] border is disabled for HWND(0x303e8)
09:29:11 [INFO] border is disabled for HWND(0x303e8)
09:29:15 [INFO] border is disabled for HWND(0x10398)
09:29:20 [INFO] border is disabled for HWND(0x303e8)
09:31:36 [INFO] border is disabled for HWND(0x10398)
09:31:50 [INFO] border is disabled for HWND(0x10398)
09:34:11 [INFO] border is disabled for HWND(0x10398)
09:53:00 [INFO] border is disabled for HWND(0x10398)
09:55:56 [INFO] border is disabled for HWND(0x10398)
09:57:04 [INFO] border is disabled for HWND(0x10398)
10:00:28 [INFO] border is disabled for HWND(0x10398)
10:03:43 [INFO] border is disabled for HWND(0x10398)
10:29:01 [INFO] border is disabled for HWND(0x200684)
10:30:51 [INFO] border is disabled for HWND(0x200684)
10:39:24 [INFO] border is disabled for HWND(0x50204)
10:39:28 [INFO] border is disabled for HWND(0x10398)
10:44:25 [INFO] border is disabled for HWND(0x200684)
11:40:21 [INFO] border is disabled for HWND(0x200684)
11:46:05 [INFO] border is disabled for HWND(0x303e8)
11:46:31 [INFO] border is disabled for HWND(0x200684)
12:07:13 [INFO] border is disabled for HWND(0x200684)
12:48:16 [INFO] border is disabled for HWND(0x10398)
12:48:26 [INFO] border is disabled for HWND(0x10398)
12:48:47 [INFO] border is disabled for HWND(0x200684)
12:54:21 [INFO] border is disabled for HWND(0x10398)
13:01:23 [INFO] border is disabled for HWND(0x200684)
13:01:23 [ERROR] could not get window rect for HWND(0x4f0834): The handle is invalid. (0x80070006)
13:01:23 [ERROR] could not set window position for HWND(0x1d081c): Access is denied. (0x80070005)
13:01:23 [ERROR] could not set window position for HWND(0x1d081c): Access is denied. (0x80070005)
13:01:23 [ERROR] could not send animation timer message for HWND(0x9d03ee): Invalid window handle. (0x80070578)
13:01:23 [ERROR] could not set window position for HWND(0x7408a4): Access is denied. (0x80070005)
13:01:23 [ERROR] could not set window position for HWND(0x7408a4): Access is denied. (0x80070005)
13:01:23 [ERROR] could not send animation timer message for HWND(0x16085c): Invalid window handle. (0x80070578)
13:01:35 [ERROR] could not set window position for HWND(0x2f80838): Access is denied. (0x80070005)
13:01:35 [ERROR] could not set window position for HWND(0x2f80838): Access is denied. (0x80070005)
13:01:35 [ERROR] could not send animation timer message for HWND(0x8008a0): Invalid window handle. (0x80070578)
13:11:25 [INFO] border is disabled for HWND(0x50204)
13:13:18 [INFO] border is disabled for HWND(0x10398)
13:19:47 [INFO] border is disabled for HWND(0x200684)
13:26:47 [INFO] border is disabled for HWND(0x200684)
14:35:56 [INFO] border is disabled for HWND(0x200684)
14:36:20 [INFO] border is disabled for HWND(0x50204)
14:58:17 [INFO] border is disabled for HWND(0x303e8)
14:58:28 [INFO] border is disabled for HWND(0x303e8)
15:08:20 [INFO] border is disabled for HWND(0x200684)
15:11:22 [INFO] border is disabled for HWND(0x303e8)
15:14:39 [INFO] border is disabled for HWND(0x10398)
15:15:56 [INFO] border is disabled for HWND(0x200684)
15:16:11 [INFO] border is disabled for HWND(0x200684)
15:25:11 [INFO] border is disabled for HWND(0x200684)
15:30:40 [INFO] border is disabled for HWND(0x10398)
15:36:07 [INFO] border is disabled for HWND(0x303e8)
15:36:11 [INFO] border is disabled for HWND(0x30018)
15:36:11 [INFO] border is disabled for HWND(0x1021e)
15:46:30 [INFO] border is disabled for HWND(0x200684)
15:48:53 [INFO] border is disabled for HWND(0x200684)
15:49:37 [INFO] border is disabled for HWND(0x200684)
15:49:47 [INFO] border is disabled for HWND(0x200684)
15:50:19 [INFO] border is disabled for HWND(0x200684)
16:05:36 [INFO] border is disabled for HWND(0x303e8)
16:05:37 [INFO] border is disabled for HWND(0x200684)
16:06:16 [INFO] border is disabled for HWND(0x10398)
16:06:17 [INFO] border is disabled for HWND(0x200684)
16:06:18 [INFO] border is disabled for HWND(0x303e8)
16:06:57 [INFO] border is disabled for HWND(0x200684)
16:07:12 [INFO] border is disabled for HWND(0x50204)
16:07:54 [INFO] border is disabled for HWND(0x200684)
16:08:28 [INFO] border is disabled for HWND(0x200684)
16:09:03 [INFO] border is disabled for HWND(0x200684)
16:12:07 [INFO] border is disabled for HWND(0x200684)
16:25:44 [INFO] border is disabled for HWND(0x30018)
16:25:44 [INFO] border is disabled for HWND(0x1021e)
16:25:45 [INFO] border is disabled for HWND(0x30018)
16:25:45 [INFO] border is disabled for HWND(0x1021e)
16:27:21 [INFO] border is disabled for HWND(0x303e8)
16:27:44 [INFO] border is disabled for HWND(0x303e8)
16:36:53 [INFO] border is disabled for HWND(0x200684)
16:36:58 [INFO] border is disabled for HWND(0x200684)
16:37:12 [INFO] border is disabled for HWND(0x200684)
16:39:33 [INFO] border is disabled for HWND(0x200684)
16:39:47 [INFO] border is disabled for HWND(0x200684)
16:42:29 [INFO] border is disabled for HWND(0x200684)
16:53:26 [INFO] border is disabled for HWND(0x200684)
16:57:38 [INFO] border is disabled for HWND(0x10398)
17:06:13 [INFO] border is disabled for HWND(0x10398)
17:07:51 [INFO] border is disabled for HWND(0x10398)
17:27:10 [INFO] border is disabled for HWND(0x10398)
17:29:59 [INFO] border is disabled for HWND(0x10398)
17:30:02 [ERROR] could not get window rect for HWND(0x1008aa): The handle is invalid. (0x80070006)
11:37:51 [INFO] starting tacky-borders
12:15:44 [INFO] border is disabled for HWND(0x10420)
12:15:59 [INFO] border is disabled for HWND(0x10420)
12:16:36 [INFO] border is disabled for HWND(0x10420)
12:16:40 [INFO] border is disabled for HWND(0x10420)
12:16:59 [INFO] border is disabled for HWND(0x10420)
12:17:02 [INFO] border is disabled for HWND(0x10420)
12:22:02 [INFO] border is disabled for HWND(0x101f2)
12:22:02 [INFO] border is disabled for HWND(0x1020e)
12:22:36 [INFO] border is disabled for HWND(0x10420)
13:30:50 [INFO] border is disabled for HWND(0x12072c)
14:25:37 [INFO] border is disabled for HWND(0x10420)
14:25:48 [INFO] border is disabled for HWND(0x3078a)
14:27:16 [INFO] border is disabled for HWND(0x12072c)
14:28:57 [INFO] border is disabled for HWND(0x3078a)
15:46:05 [INFO] border is disabled for HWND(0x805b0)
15:46:24 [INFO] border is disabled for HWND(0x10420)
16:08:26 [INFO] border is disabled for HWND(0x101f2)
16:08:26 [INFO] border is disabled for HWND(0x1020e)
16:24:46 [INFO] border is disabled for HWND(0x3078a)
16:25:43 [ERROR] could not get window rect for HWND(0x100864): The handle is invalid. (0x80070006)
16:26:21 [ERROR] could not get window rect for HWND(0x1507aa): The handle is invalid. (0x80070006)
16:26:41 [INFO] border is disabled for HWND(0x10420)
16:26:45 [INFO] border is disabled for HWND(0x101f2)
16:26:45 [INFO] border is disabled for HWND(0x1020e)
16:26:48 [INFO] border is disabled for HWND(0x12072c)
16:26:48 [ERROR] could not set window position for HWND(0x40894): Access is denied. (0x80070005)
16:26:48 [ERROR] could not set window position for HWND(0x40894): Access is denied. (0x80070005)
16:26:48 [ERROR] could not send animation timer message for HWND(0x4308b8): Invalid window handle. (0x80070578)
16:26:50 [ERROR] could not set window position for HWND(0x4008c6): Access is denied. (0x80070005)
16:26:50 [ERROR] could not set window position for HWND(0x4008c6): Access is denied. (0x80070005)
16:26:50 [ERROR] could not send animation timer message for HWND(0x1090c): Invalid window handle. (0x80070578)
16:27:01 [ERROR] could not set window position for HWND(0x408d8): Access is denied. (0x80070005)
16:27:01 [ERROR] could not set window position for HWND(0x408d8): Access is denied. (0x80070005)
16:27:01 [ERROR] could not send animation timer message for HWND(0x1090e): Invalid window handle. (0x80070578)
16:27:03 [ERROR] could not set window position for HWND(0x608d8): Access is denied. (0x80070005)
16:27:03 [ERROR] could not set window position for HWND(0x608d8): Access is denied. (0x80070005)
16:27:03 [ERROR] could not send animation timer message for HWND(0x2090e): Invalid window handle. (0x80070578)
16:27:08 [ERROR] could not set window position for HWND(0x4208c6): Access is denied. (0x80070005)
16:27:08 [ERROR] could not set window position for HWND(0x4208c6): Access is denied. (0x80070005)
16:27:08 [ERROR] could not send animation timer message for HWND(0x508da): Invalid window handle. (0x80070578)
16:27:12 [ERROR] could not set window position for HWND(0x608da): Access is denied. (0x80070005)
16:27:12 [ERROR] could not set window position for HWND(0x608da): Access is denied. (0x80070005)
16:27:12 [ERROR] could not send animation timer message for HWND(0x1270702): Invalid window handle. (0x80070578)
16:27:52 [INFO] border is disabled for HWND(0x101f2)
16:27:52 [INFO] border is disabled for HWND(0x1020e)
16:27:53 [ERROR] could not set window position for HWND(0x708c0): Access is denied. (0x80070005)
16:27:53 [ERROR] could not set window position for HWND(0x708c0): Access is denied. (0x80070005)
16:27:53 [ERROR] could not send animation timer message for HWND(0x308ee): Invalid window handle. (0x80070578)
16:27:55 [ERROR] could not set window position for HWND(0x408ee): Access is denied. (0x80070005)
16:27:55 [ERROR] could not set window position for HWND(0x408ee): Access is denied. (0x80070005)
16:27:55 [ERROR] could not send animation timer message for HWND(0x4207a8): Invalid window handle. (0x80070578)
16:27:58 [ERROR] could not set window position for HWND(0x110878): Access is denied. (0x80070005)
16:27:58 [ERROR] could not set window position for HWND(0x110878): Access is denied. (0x80070005)
16:27:58 [ERROR] could not send animation timer message for HWND(0x16080e): Invalid window handle. (0x80070578)
16:28:07 [INFO] border is disabled for HWND(0x10420)
16:31:06 [INFO] border is disabled for HWND(0x10420)
16:31:18 [INFO] border is disabled for HWND(0x10420)
16:31:24 [ERROR] could not set window position for HWND(0x6308b4): Access is denied. (0x80070005)
16:31:24 [ERROR] could not set window position for HWND(0x6308b4): Access is denied. (0x80070005)
16:31:24 [ERROR] could not send animation timer message for HWND(0xa08be): Invalid window handle. (0x80070578)
08:55:39 [INFO] starting tacky-borders
08:55:39 [INFO] border is disabled for HWND(0x10418)
08:56:30 [INFO] border is disabled for HWND(0x10418)
08:56:47 [INFO] border is disabled for HWND(0x10418)
09:25:12 [INFO] border is disabled for HWND(0x40648)
09:34:25 [INFO] border is disabled for HWND(0x10418)
09:52:11 [INFO] border is disabled for HWND(0x2f0564)
10:46:04 [INFO] border is disabled for HWND(0x10418)
10:46:32 [INFO] border is disabled for HWND(0x10418)
10:48:12 [INFO] border is disabled for HWND(0x101fa)
10:48:12 [INFO] border is disabled for HWND(0x10232)
10:55:31 [INFO] border is disabled for HWND(0x101fa)
10:55:31 [INFO] border is disabled for HWND(0x10232)
11:24:11 [INFO] border is disabled for HWND(0x10418)
11:43:26 [INFO] border is disabled for HWND(0x10418)
11:53:16 [INFO] border is disabled for HWND(0x2f0564)
11:58:33 [INFO] border is disabled for HWND(0x101fa)
11:58:33 [INFO] border is disabled for HWND(0x10232)
12:12:27 [INFO] border is disabled for HWND(0x2f0564)
12:59:31 [INFO] border is disabled for HWND(0x2f0564)
13:01:16 [INFO] border is disabled for HWND(0x2f0564)
13:01:20 [INFO] border is disabled for HWND(0x2f0564)
13:03:53 [INFO] border is disabled for HWND(0x2f0564)
13:06:01 [INFO] border is disabled for HWND(0x2f0564)
13:06:16 [INFO] border is disabled for HWND(0x2f0564)
13:39:55 [INFO] border is disabled for HWND(0x10418)
13:39:57 [INFO] border is disabled for HWND(0x10418)
13:40:27 [INFO] border is disabled for HWND(0x10418)
13:41:33 [INFO] border is disabled for HWND(0x10418)
13:43:39 [INFO] border is disabled for HWND(0x2f0564)
13:46:59 [INFO] border is disabled for HWND(0x2f0564)
13:50:42 [INFO] border is disabled for HWND(0x2f0564)
14:01:34 [INFO] border is disabled for HWND(0x2f0564)
14:20:41 [INFO] border is disabled for HWND(0x10418)
14:20:43 [ERROR] could not get window rect for HWND(0x330866): The handle is invalid. (0x80070006)
14:20:44 [ERROR] could not get window rect for HWND(0xec021c): The handle is invalid. (0x80070006)
14:47:25 [INFO] starting tacky-borders
14:47:37 [INFO] border is disabled for HWND(0x103a8)
14:47:51 [ERROR] could not set window position for HWND(0x10558): Access is denied. (0x80070005)
14:47:51 [ERROR] could not set window position for HWND(0x10558): Access is denied. (0x80070005)
14:47:51 [ERROR] could not send animation timer message for HWND(0x20578): Invalid window handle. (0x80070578)
14:47:52 [INFO] border is disabled for HWND(0x20590)
14:49:19 [ERROR] could not set window position for HWND(0x92064a): Access is denied. (0x80070005)
14:49:19 [ERROR] could not set window position for HWND(0x92064a): Access is denied. (0x80070005)
14:49:19 [ERROR] could not send animation timer message for HWND(0x306a0): Invalid window handle. (0x80070578)
14:50:31 [ERROR] could not set window position for HWND(0x4005e): Access is denied. (0x80070005)
14:50:31 [ERROR] could not set window position for HWND(0x4005e): Access is denied. (0x80070005)
14:50:31 [ERROR] could not send animation timer message for HWND(0x604e8): Invalid window handle. (0x80070578)
14:50:46 [ERROR] could not set window position for HWND(0x3066c): Access is denied. (0x80070005)
14:50:46 [ERROR] could not set window position for HWND(0x3066c): Access is denied. (0x80070005)
14:50:46 [ERROR] could not send animation timer message for HWND(0x60262): Invalid window handle. (0x80070578)
15:11:42 [INFO] border is disabled for HWND(0x20590)
15:11:49 [INFO] border is disabled for HWND(0x20590)
15:15:24 [INFO] border is disabled for HWND(0x20590)
15:22:40 [INFO] border is disabled for HWND(0x103a8)
15:26:18 [INFO] border is disabled for HWND(0x103a8)
15:26:21 [INFO] border is disabled for HWND(0x103a8)
15:26:36 [ERROR] could not set window position for HWND(0x1b0096): Access is denied. (0x80070005)
15:26:36 [ERROR] could not set window position for HWND(0x1b0096): Access is denied. (0x80070005)
15:26:36 [ERROR] could not send animation timer message for HWND(0x603d4): Invalid window handle. (0x80070578)
15:27:04 [INFO] border is disabled for HWND(0x103a8)
15:27:13 [INFO] border is disabled for HWND(0x103a8)
15:27:20 [ERROR] could not set window position for HWND(0x704d6): Access is denied. (0x80070005)
15:27:20 [ERROR] could not set window position for HWND(0x704d6): Access is denied. (0x80070005)
15:27:20 [ERROR] could not send animation timer message for HWND(0xb03da): Invalid window handle. (0x80070578)
15:28:08 [ERROR] could not set window position for HWND(0xa049e): Access is denied. (0x80070005)
15:28:08 [ERROR] could not set window position for HWND(0xa049e): Access is denied. (0x80070005)
15:28:08 [ERROR] could not send animation timer message for HWND(0x1901d6): Invalid window handle. (0x80070578)
15:29:09 [ERROR] could not set window position for HWND(0x308cc): Access is denied. (0x80070005)
15:29:09 [ERROR] could not set window position for HWND(0x308cc): Access is denied. (0x80070005)
15:29:09 [ERROR] could not send animation timer message for HWND(0x2090c): Invalid window handle. (0x80070578)
15:35:02 [INFO] border is disabled for HWND(0x10808)
15:35:43 [INFO] border is disabled for HWND(0x10808)
15:36:42 [INFO] border is disabled for HWND(0x10808)
15:37:25 [INFO] border is disabled for HWND(0x103a8)
15:37:33 [INFO] border is disabled for HWND(0x103a8)
15:38:26 [ERROR] could not set window position for HWND(0xd08da): Access is denied. (0x80070005)
15:38:26 [ERROR] could not set window position for HWND(0xd08da): Access is denied. (0x80070005)
15:38:26 [ERROR] could not send animation timer message for HWND(0x9015e): Invalid window handle. (0x80070578)
15:39:14 [ERROR] could not set window position for HWND(0x12e0872): Access is denied. (0x80070005)
15:39:14 [ERROR] could not set window position for HWND(0x12e0872): Access is denied. (0x80070005)
15:39:14 [ERROR] could not set window position for HWND(0x12e0872): Access is denied. (0x80070005)
15:39:27 [ERROR] could not set window position for HWND(0xd0864): Access is denied. (0x80070005)
15:39:27 [ERROR] could not set window position for HWND(0xd0864): Access is denied. (0x80070005)
15:39:27 [ERROR] could not send animation timer message for HWND(0x790726): Invalid window handle. (0x80070578)
15:42:11 [INFO] border is disabled for HWND(0x103a8)
15:50:56 [INFO] border is disabled for HWND(0x103a8)
15:53:19 [ERROR] could not set window position for HWND(0x708fa): Access is denied. (0x80070005)
15:53:19 [ERROR] could not set window position for HWND(0x708fa): Access is denied. (0x80070005)
15:53:19 [ERROR] could not set window position for HWND(0x130492): Access is denied. (0x80070005)
15:53:19 [ERROR] could not set window position for HWND(0x130492): Access is denied. (0x80070005)
15:53:19 [ERROR] could not send animation timer message for HWND(0x708c2): Invalid window handle. (0x80070578)
16:03:54 [INFO] starting tacky-borders
16:06:35 [INFO] border is disabled for HWND(0x2027c)
16:11:18 [INFO] border is disabled for HWND(0x2027c)
16:43:26 [INFO] border is disabled for HWND(0x103a6)
16:50:30 [INFO] border is disabled for HWND(0x103a6)
16:50:35 [ERROR] could not get window rect for HWND(0x203e6): The handle is invalid. (0x80070006)
17:30:53 [INFO] starting tacky-borders
17:42:41 [INFO] border is disabled for HWND(0x103a6)
17:42:43 [INFO] border is disabled for HWND(0x103a6)
18:15:26 [INFO] border is disabled for HWND(0x103a6)
18:22:38 [ERROR] could not get window rect for HWND(0x1069e): The handle is invalid. (0x80070006)
18:24:08 [INFO] border is disabled for HWND(0x103a6)
18:24:28 [INFO] border is disabled for HWND(0x103a6)
18:31:13 [INFO] border is disabled for HWND(0x103a6)
18:31:14 [ERROR] could not get window rect for HWND(0x506bc): The handle is invalid. (0x80070006)
18:31:15 [ERROR] could not get window rect for HWND(0x5025e): The handle is invalid. (0x80070006)
09:38:20 [INFO] starting tacky-borders
09:39:02 [INFO] border is disabled for HWND(0x10560)
09:39:29 [INFO] border is disabled for HWND(0x103bc)
09:39:37 [INFO] border is disabled for HWND(0x10560)
09:39:56 [ERROR] could not set window position for HWND(0x30660): Access is denied. (0x80070005)
09:39:56 [ERROR] could not set window position for HWND(0x30660): Access is denied. (0x80070005)
09:39:56 [ERROR] could not set window position for HWND(0x30660): Access is denied. (0x80070005)
09:39:56 [INFO] border is disabled for HWND(0x10560)
09:40:00 [INFO] border is disabled for HWND(0x4062a)
09:40:21 [ERROR] could not get window rect for HWND(0xe05ba): The handle is invalid. (0x80070006)
09:40:43 [ERROR] could not set window position for HWND(0x40508): Access is denied. (0x80070005)
09:40:43 [ERROR] could not set window position for HWND(0x40508): Access is denied. (0x80070005)
09:40:43 [ERROR] could not set window position for HWND(0x40508): Access is denied. (0x80070005)
09:40:43 [ERROR] could not set window position for HWND(0x40508): Access is denied. (0x80070005)
09:40:43 [ERROR] could not set window position for HWND(0x40508): Access is denied. (0x80070005)
09:40:43 [ERROR] could not set window position for HWND(0x40508): Access is denied. (0x80070005)
09:40:43 [ERROR] could not set window position for HWND(0x6010e): Access is denied. (0x80070005)
09:40:43 [ERROR] could not set window position for HWND(0x6010e): Access is denied. (0x80070005)
09:40:43 [ERROR] could not set window position for HWND(0x6010e): Access is denied. (0x80070005)
09:42:24 [ERROR] could not get window rect for HWND(0x905e6): The handle is invalid. (0x80070006)
09:42:26 [INFO] border is disabled for HWND(0x10560)
09:42:55 [ERROR] could not get window rect for HWND(0xc062e): The handle is invalid. (0x80070006)
09:43:11 [ERROR] could not set window position for HWND(0xd062c): Access is denied. (0x80070005)
09:43:11 [ERROR] could not set window position for HWND(0xd062c): Access is denied. (0x80070005)
09:43:11 [ERROR] could not set window position for HWND(0xd062c): Access is denied. (0x80070005)
09:43:14 [ERROR] could not get window rect for HWND(0x5066a): The handle is invalid. (0x80070006)
09:43:28 [ERROR] could not set window position for HWND(0xa0640): Access is denied. (0x80070005)
09:43:28 [ERROR] could not set window position for HWND(0xa0640): Access is denied. (0x80070005)
09:43:28 [ERROR] could not set window position for HWND(0xa0640): Access is denied. (0x80070005)
09:44:36 [ERROR] could not set window position for HWND(0xd05a2): Access is denied. (0x80070005)
09:44:36 [ERROR] could not set window position for HWND(0xd05a2): Access is denied. (0x80070005)
09:44:36 [ERROR] could not set window position for HWND(0xd05a2): Access is denied. (0x80070005)
09:44:50 [INFO] border is disabled for HWND(0x103bc)
09:45:11 [ERROR] could not set window position for HWND(0x1405fe): Access is denied. (0x80070005)
09:45:11 [ERROR] could not set window position for HWND(0x1405fe): Access is denied. (0x80070005)
09:45:11 [ERROR] could not set window position for HWND(0x1405fe): Access is denied. (0x80070005)
09:45:51 [ERROR] could not set window position for HWND(0x1105a2): Access is denied. (0x80070005)
09:45:51 [ERROR] could not set window position for HWND(0x1105a2): Access is denied. (0x80070005)
09:45:51 [ERROR] could not send animation timer message for HWND(0x40712): Invalid window handle. (0x80070578)
09:45:56 [ERROR] could not set window position for HWND(0x40706): Access is denied. (0x80070005)
09:45:56 [ERROR] could not set window position for HWND(0x40706): Access is denied. (0x80070005)
09:45:56 [ERROR] could not set window position for HWND(0x40706): Access is denied. (0x80070005)
09:46:24 [INFO] border is disabled for HWND(0x103bc)
09:46:33 [INFO] border is disabled for HWND(0x103bc)
09:48:37 [ERROR] could not set window position for HWND(0xd0776): Access is denied. (0x80070005)
09:48:37 [ERROR] could not set window position for HWND(0xd0776): Access is denied. (0x80070005)
09:48:43 [ERROR] could not set window position for HWND(0x406b0): Access is denied. (0x80070005)
09:48:43 [ERROR] could not set window position for HWND(0x406b0): Access is denied. (0x80070005)
09:48:43 [ERROR] could not set window position for HWND(0x406b0): Access is denied. (0x80070005)
09:51:33 [ERROR] could not set window position for HWND(0x606ae): Access is denied. (0x80070005)
09:51:33 [ERROR] could not set window position for HWND(0x606ae): Access is denied. (0x80070005)
09:51:33 [ERROR] could not set window position for HWND(0x606ae): Access is denied. (0x80070005)
09:51:33 [ERROR] could not set window position for HWND(0x606ae): Access is denied. (0x80070005)
09:51:33 [ERROR] could not set window position for HWND(0x606ae): Access is denied. (0x80070005)
09:51:33 [ERROR] could not set window position for HWND(0x606ae): Access is denied. (0x80070005)
09:51:33 [ERROR] could not set window position for HWND(0x706ac): Access is denied. (0x80070005)
09:51:33 [ERROR] could not set window position for HWND(0x706ac): Access is denied. (0x80070005)
09:51:33 [ERROR] could not set window position for HWND(0x706ac): Access is denied. (0x80070005)
09:52:00 [ERROR] could not get window rect for HWND(0x90684): The handle is invalid. (0x80070006)
09:52:09 [ERROR] could not set window position for HWND(0x80726): Access is denied. (0x80070005)
09:52:09 [ERROR] could not set window position for HWND(0x80726): Access is denied. (0x80070005)
09:52:09 [ERROR] could not set window position for HWND(0x80726): Access is denied. (0x80070005)
09:53:15 [ERROR] could not set window position for HWND(0x60456): Access is denied. (0x80070005)
09:53:15 [ERROR] could not set window position for HWND(0x60456): Access is denied. (0x80070005)
09:53:15 [ERROR] could not send animation timer message for HWND(0x40436): Invalid window handle. (0x80070578)
09:53:17 [ERROR] could not set window position for HWND(0x80456): Access is denied. (0x80070005)
09:53:17 [ERROR] could not set window position for HWND(0x80456): Access is denied. (0x80070005)
09:53:17 [ERROR] could not send animation timer message for HWND(0x70438): Invalid window handle. (0x80070578)
09:53:18 [ERROR] could not set window position for HWND(0x90456): Access is denied. (0x80070005)
09:53:18 [ERROR] could not set window position for HWND(0x90456): Access is denied. (0x80070005)
09:53:18 [ERROR] could not send animation timer message for HWND(0x70444): Invalid window handle. (0x80070578)
09:56:25 [ERROR] could not set window position for HWND(0x12038c): Access is denied. (0x80070005)
09:56:25 [ERROR] could not set window position for HWND(0x12038c): Access is denied. (0x80070005)
09:56:25 [ERROR] could not send animation timer message for HWND(0x3039c): Invalid window handle. (0x80070578)
09:56:57 [ERROR] could not set window position for HWND(0x100042): Access is denied. (0x80070005)
09:56:57 [ERROR] could not set window position for HWND(0x100042): Access is denied. (0x80070005)
09:56:57 [ERROR] could not send animation timer message for HWND(0x4039a): Invalid window handle. (0x80070578)
09:58:19 [ERROR] could not get window rect for HWND(0x903c8): The handle is invalid. (0x80070006)
09:58:30 [INFO] border is disabled for HWND(0x103bc)
09:59:09 [ERROR] could not get window rect for HWND(0xe043a): The handle is invalid. (0x80070006)
10:00:48 [INFO] border is disabled for HWND(0x10560)
10:02:05 [INFO] border is disabled for HWND(0x103bc)
10:03:31 [INFO] border is disabled for HWND(0x103bc)
10:03:37 [ERROR] could not set window position for HWND(0x80496): Access is denied. (0x80070005)
10:03:37 [ERROR] could not set window position for HWND(0x80496): Access is denied. (0x80070005)
10:03:37 [ERROR] could not send animation timer message for HWND(0x30514): Invalid window handle. (0x80070578)
10:03:46 [ERROR] could not set window position for HWND(0x6405f2): Access is denied. (0x80070005)
10:03:46 [ERROR] could not set window position for HWND(0x6405f2): Access is denied. (0x80070005)
10:03:46 [ERROR] could not send animation timer message for HWND(0x40410): Invalid window handle. (0x80070578)
10:03:50 [ERROR] could not set window position for HWND(0x140438): Access is denied. (0x80070005)
10:03:50 [ERROR] could not set window position for HWND(0x140438): Access is denied. (0x80070005)
10:03:50 [ERROR] could not set window position for HWND(0x140438): Access is denied. (0x80070005)
10:04:20 [ERROR] could not set window position for HWND(0x50520): Access is denied. (0x80070005)
10:04:20 [ERROR] could not set window position for HWND(0x50520): Access is denied. (0x80070005)
10:04:20 [ERROR] could not send animation timer message for HWND(0x130462): Invalid window handle. (0x80070578)
10:04:41 [ERROR] could not set window position for HWND(0x60524): Access is denied. (0x80070005)
10:04:41 [ERROR] could not set window position for HWND(0x60524): Access is denied. (0x80070005)
10:04:41 [ERROR] could not set window position for HWND(0x60524): Access is denied. (0x80070005)
10:04:41 [ERROR] could not set window position for HWND(0x60524): Access is denied. (0x80070005)
10:04:41 [ERROR] could not send animation timer message for HWND(0x50522): Invalid window handle. (0x80070578)
10:04:41 [ERROR] could not set window position for HWND(0x110454): Access is denied. (0x80070005)
10:04:41 [ERROR] could not set window position for HWND(0x110454): Access is denied. (0x80070005)
10:04:41 [ERROR] could not send animation timer message for HWND(0x1805b2): Invalid window handle. (0x80070578)
10:11:47 [INFO] border is disabled for HWND(0x103bc)
10:18:57 [INFO] border is disabled for HWND(0x103bc)
10:23:21 [INFO] border is disabled for HWND(0x4062a)
10:23:39 [INFO] border is disabled for HWND(0x103bc)
10:23:44 [ERROR] could not set window position for HWND(0x20059a): Access is denied. (0x80070005)
10:23:44 [ERROR] could not set window position for HWND(0x20059a): Access is denied. (0x80070005)
10:23:44 [ERROR] could not send animation timer message for HWND(0x170598): Invalid window handle. (0x80070578)
10:32:04 [INFO] border is disabled for HWND(0x103bc)
10:34:06 [INFO] border is disabled for HWND(0x4062a)
10:45:26 [INFO] border is disabled for HWND(0x103bc)
10:46:47 [INFO] border is disabled for HWND(0x4062a)
10:51:41 [INFO] border is disabled for HWND(0x103bc)
10:51:46 [INFO] border is disabled for HWND(0x1d0318)
10:55:18 [INFO] border is disabled for HWND(0x4062a)
10:58:39 [INFO] border is disabled for HWND(0x4062a)
10:58:50 [INFO] border is disabled for HWND(0x103bc)
10:59:01 [ERROR] could not set window position for HWND(0xf078a): Access is denied. (0x80070005)
10:59:01 [ERROR] could not set window position for HWND(0xf078a): Access is denied. (0x80070005)
10:59:01 [ERROR] could not send animation timer message for HWND(0x1a06c4): Invalid window handle. (0x80070578)
10:59:15 [INFO] border is disabled for HWND(0x101fa)
10:59:15 [INFO] border is disabled for HWND(0x10230)
11:03:59 [INFO] border is disabled for HWND(0x103bc)
11:05:52 [INFO] border is disabled for HWND(0x103bc)
11:05:56 [ERROR] could not get window rect for HWND(0x906fc): The handle is invalid. (0x80070006)
11:07:10 [INFO] starting tacky-borders
11:07:10 [INFO] border is disabled for HWND(0x10416)
11:09:56 [INFO] border is disabled for HWND(0x10416)
11:10:25 [INFO] border is disabled for HWND(0x10416)
11:10:27 [INFO] border is disabled for HWND(0x10416)
11:10:49 [INFO] border is disabled for HWND(0x10416)
11:23:47 [INFO] border is disabled for HWND(0x10416)
11:29:49 [INFO] border is disabled for HWND(0x10416)
11:30:00 [INFO] border is disabled for HWND(0x10416)
11:30:23 [INFO] border is disabled for HWND(0x1022e)
11:30:23 [INFO] border is disabled for HWND(0x10258)
11:39:59 [INFO] border is disabled for HWND(0x10416)
11:42:15 [INFO] border is disabled for HWND(0x10416)
11:43:58 [INFO] border is disabled for HWND(0x10416)
11:45:47 [INFO] border is disabled for HWND(0x10416)
11:45:52 [INFO] border is disabled for HWND(0x10416)
11:46:08 [INFO] border is disabled for HWND(0x10416)
11:46:28 [INFO] border is disabled for HWND(0x10416)
12:15:22 [INFO] border is disabled for HWND(0x10416)
12:19:07 [INFO] border is disabled for HWND(0x10416)
12:19:15 [INFO] border is disabled for HWND(0x10416)
12:19:21 [INFO] border is disabled for HWND(0x10416)
12:19:37 [INFO] border is disabled for HWND(0x10416)
12:35:45 [INFO] border is disabled for HWND(0x10416)
12:43:24 [INFO] border is disabled for HWND(0x10416)
12:44:03 [ERROR] could not set window position for HWND(0x8204f0): Access is denied. (0x80070005)
12:44:03 [ERROR] could not set window position for HWND(0x8204f0): Access is denied. (0x80070005)
12:44:03 [ERROR] could not get window rect for HWND(0x17038e): The handle is invalid. (0x80070006)
12:48:35 [ERROR] could not get window rect for HWND(0x3a076c): The handle is invalid. (0x80070006)
12:49:32 [ERROR] could not get window rect for HWND(0x1407ca): The handle is invalid. (0x80070006)
13:03:50 [INFO] border is disabled for HWND(0x10416)
13:06:59 [INFO] border is disabled for HWND(0x10416)
13:30:28 [INFO] border is disabled for HWND(0x10416)
13:48:33 [INFO] border is disabled for HWND(0x10416)
13:59:54 [INFO] border is disabled for HWND(0x10416)
14:02:49 [INFO] border is disabled for HWND(0x10416)
14:10:42 [INFO] border is disabled for HWND(0x10416)
14:13:13 [INFO] border is disabled for HWND(0x10416)
14:18:24 [INFO] border is disabled for HWND(0x10416)
14:24:54 [INFO] border is disabled for HWND(0x1022e)
14:24:54 [INFO] border is disabled for HWND(0x10258)
14:24:56 [INFO] border is disabled for HWND(0x10416)
14:29:14 [INFO] border is disabled for HWND(0x10416)
14:33:22 [INFO] border is disabled for HWND(0x10416)
14:34:17 [INFO] border is disabled for HWND(0x10416)
14:40:15 [INFO] border is disabled for HWND(0x10416)
14:41:40 [INFO] border is disabled for HWND(0x10416)
14:44:50 [INFO] border is disabled for HWND(0x10416)
14:45:27 [INFO] border is disabled for HWND(0x10416)
14:45:30 [INFO] border is disabled for HWND(0x10416)
14:54:22 [INFO] border is disabled for HWND(0x10416)
14:55:51 [INFO] border is disabled for HWND(0x10416)
15:02:37 [INFO] border is disabled for HWND(0x10416)
15:03:52 [INFO] border is disabled for HWND(0x10416)
15:04:03 [INFO] border is disabled for HWND(0x16073a)
15:04:04 [INFO] border is disabled for HWND(0x10416)
15:14:13 [INFO] border is disabled for HWND(0x10416)
15:20:47 [INFO] border is disabled for HWND(0x10416)
16:30:36 [INFO] border is disabled for HWND(0x16073a)
16:30:43 [ERROR] could not set window position for HWND(0x2e0074e): Access is denied. (0x80070005)
16:30:43 [ERROR] could not set window position for HWND(0x2e0074e): Access is denied. (0x80070005)
16:30:43 [ERROR] could not send animation timer message for HWND(0x9408b4): Invalid window handle. (0x80070578)
16:50:46 [INFO] border is disabled for HWND(0x1022e)
16:50:46 [INFO] border is disabled for HWND(0x10258)
16:52:18 [ERROR] could not set window position for HWND(0x1e09b8): Access is denied. (0x80070005)
16:52:18 [ERROR] could not set window position for HWND(0x1e09b8): Access is denied. (0x80070005)
16:52:18 [ERROR] could not send animation timer message for HWND(0x1b107cc): Invalid window handle. (0x80070578)
16:53:59 [INFO] starting tacky-borders
16:54:27 [INFO] border is disabled for HWND(0x103b2)
16:54:36 [ERROR] could not set window position for HWND(0x10398): Access is denied. (0x80070005)
16:54:43 [ERROR] could not set window position for HWND(0x10398): Access is denied. (0x80070005)
16:59:50 [INFO] border is disabled for HWND(0x1022e)
16:59:50 [INFO] border is disabled for HWND(0x1025e)
16:59:56 [INFO] border is disabled for HWND(0x203a2)
16:59:56 [INFO] border is disabled for HWND(0x203a2)
16:59:57 [INFO] border is disabled for HWND(0x203a2)
17:00:57 [INFO] border is disabled for HWND(0x203a2)
17:00:58 [INFO] border is disabled for HWND(0x203a2)
17:00:59 [INFO] border is disabled for HWND(0x203a2)
17:01:23 [ERROR] could not set window position for HWND(0x40594): Access is denied. (0x80070005)
17:01:23 [ERROR] could not set window position for HWND(0x40594): Access is denied. (0x80070005)
17:01:23 [ERROR] could not set window position for HWND(0x40594): Access is denied. (0x80070005)
17:01:42 [INFO] border is disabled for HWND(0x5055c)
18:31:10 [INFO] border is disabled for HWND(0x203a2)
19:19:24 [INFO] border is disabled for HWND(0x203a2)
19:19:28 [ERROR] could not get window rect for HWND(0xa09a8): The handle is invalid. (0x80070006)
09:36:01 [INFO] starting tacky-borders
09:36:01 [INFO] border is disabled for HWND(0x1039e)
09:36:18 [ERROR] could not set window position for HWND(0x10398): Access is denied. (0x80070005)
09:36:18 [ERROR] could not send animation timer message for HWND(0x40474): Invalid window handle. (0x80070578)
09:36:29 [INFO] border is disabled for HWND(0x704da)
09:36:49 [INFO] border is disabled for HWND(0x1039e)
09:36:58 [INFO] border is disabled for HWND(0x1039e)
09:37:02 [INFO] border is disabled for HWND(0x1039e)
09:39:34 [INFO] border is disabled for HWND(0x190030)
09:40:59 [INFO] border is disabled for HWND(0x1039e)
09:43:04 [INFO] border is disabled for HWND(0x1039e)
09:43:07 [INFO] border is disabled for HWND(0x1039e)
09:43:15 [INFO] border is disabled for HWND(0x11056c)
09:43:19 [INFO] border is disabled for HWND(0x1039e)
09:43:45 [INFO] border is disabled for HWND(0x1039e)
09:44:06 [INFO] border is disabled for HWND(0x10210)
09:44:06 [INFO] border is disabled for HWND(0x1024a)
09:45:10 [INFO] border is disabled for HWND(0x10210)
09:45:10 [INFO] border is disabled for HWND(0x1024a)
09:45:12 [INFO] border is disabled for HWND(0x11056c)
09:45:12 [ERROR] could not set window position for HWND(0x10748): Access is denied. (0x80070005)
09:45:12 [ERROR] could not set window position for HWND(0x10748): Access is denied. (0x80070005)
09:45:12 [ERROR] could not send animation timer message for HWND(0x4075e): Invalid window handle. (0x80070578)
09:45:17 [ERROR] could not set window position for HWND(0x5075e): Access is denied. (0x80070005)
09:45:17 [ERROR] could not set window position for HWND(0x5075e): Access is denied. (0x80070005)
09:45:17 [ERROR] could not send animation timer message for HWND(0x20704): Invalid window handle. (0x80070578)
09:45:20 [ERROR] could not set window position for HWND(0x6075e): Access is denied. (0x80070005)
09:45:20 [ERROR] could not set window position for HWND(0x6075e): Access is denied. (0x80070005)
09:45:20 [ERROR] could not send animation timer message for HWND(0x1078c): Invalid window handle. (0x80070578)
09:45:23 [ERROR] could not set window position for HWND(0x1403d6): Access is denied. (0x80070005)
09:45:23 [ERROR] could not set window position for HWND(0x1403d6): Access is denied. (0x80070005)
09:45:23 [ERROR] could not send animation timer message for HWND(0x107bc): Invalid window handle. (0x80070578)
09:46:09 [ERROR] could not set window position for HWND(0x1503d6): Access is denied. (0x80070005)
09:46:09 [ERROR] could not set window position for HWND(0x1503d6): Access is denied. (0x80070005)
09:46:09 [ERROR] could not send animation timer message for HWND(0x20774): Invalid window handle. (0x80070578)
09:46:41 [INFO] border is disabled for HWND(0x10210)
09:46:41 [INFO] border is disabled for HWND(0x1024a)
09:47:19 [INFO] border is disabled for HWND(0x10210)
09:47:19 [INFO] border is disabled for HWND(0x1024a)
09:47:27 [INFO] border is disabled for HWND(0x10210)
09:47:27 [INFO] border is disabled for HWND(0x1024a)
09:47:33 [INFO] border is disabled for HWND(0x10210)
09:47:33 [INFO] border is disabled for HWND(0x1024a)
09:47:35 [INFO] border is disabled for HWND(0x10210)
09:47:35 [INFO] border is disabled for HWND(0x1024a)
09:47:45 [INFO] border is disabled for HWND(0x10210)
09:47:45 [INFO] border is disabled for HWND(0x1024a)
09:47:52 [INFO] border is disabled for HWND(0x10210)
09:47:52 [INFO] border is disabled for HWND(0x1024a)
09:47:57 [INFO] border is disabled for HWND(0x10210)
09:47:57 [INFO] border is disabled for HWND(0x1024a)
09:48:04 [INFO] border is disabled for HWND(0x504b8)
09:48:23 [INFO] border is disabled for HWND(0x504b8)
09:48:33 [INFO] border is disabled for HWND(0x10210)
09:48:33 [INFO] border is disabled for HWND(0x1024a)
09:49:13 [INFO] border is disabled for HWND(0x10210)
09:49:13 [INFO] border is disabled for HWND(0x1024a)
09:49:17 [INFO] border is disabled for HWND(0x10210)
09:49:17 [INFO] border is disabled for HWND(0x1024a)
09:49:23 [ERROR] could not get window rect for HWND(0xb03ea): The handle is invalid. (0x80070006)
09:49:24 [INFO] border is disabled for HWND(0x906a6)
09:49:34 [INFO] border is disabled for HWND(0x10210)
09:49:34 [INFO] border is disabled for HWND(0x1024a)
09:49:54 [INFO] border is disabled for HWND(0x10210)
09:49:54 [INFO] border is disabled for HWND(0x1024a)
09:49:56 [INFO] border is disabled for HWND(0x906a6)
09:50:08 [INFO] border is disabled for HWND(0x11056c)
09:50:20 [INFO] border is disabled for HWND(0x10210)
09:50:20 [INFO] border is disabled for HWND(0x1024a)
09:50:22 [INFO] border is disabled for HWND(0x906a6)
09:53:51 [INFO] border is disabled for HWND(0x906a6)
09:53:54 [INFO] border is disabled for HWND(0x11056c)
09:53:55 [INFO] border is disabled for HWND(0x906a6)
09:54:06 [INFO] border is disabled for HWND(0x906a6)
09:54:07 [INFO] border is disabled for HWND(0x10210)
09:54:07 [INFO] border is disabled for HWND(0x1024a)
09:54:12 [INFO] border is disabled for HWND(0x10210)
09:54:12 [INFO] border is disabled for HWND(0x1024a)
09:54:15 [INFO] border is disabled for HWND(0x110808)
09:54:16 [INFO] border is disabled for HWND(0x110808)
09:55:10 [INFO] border is disabled for HWND(0x110808)
09:55:19 [INFO] border is disabled for HWND(0x110808)
09:55:26 [INFO] border is disabled for HWND(0x110808)
10:05:39 [INFO] border is disabled for HWND(0x110808)
10:07:26 [INFO] border is disabled for HWND(0x110808)
10:10:18 [INFO] border is disabled for HWND(0x110808)
10:11:54 [INFO] border is disabled for HWND(0x110808)
10:11:59 [INFO] border is disabled for HWND(0x110808)
10:12:05 [ERROR] could not set window position for HWND(0xd05f2): Access is denied. (0x80070005)
10:12:05 [ERROR] could not set window position for HWND(0xd05f2): Access is denied. (0x80070005)
10:12:05 [ERROR] could not send animation timer message for HWND(0x1203c2): Invalid window handle. (0x80070578)
10:12:19 [ERROR] could not set window position for HWND(0x11056e): Access is denied. (0x80070005)
10:12:19 [ERROR] could not set window position for HWND(0x11056e): Access is denied. (0x80070005)
10:12:19 [ERROR] could not send animation timer message for HWND(0x403e8): Invalid window handle. (0x80070578)
10:13:01 [INFO] border is disabled for HWND(0x110808)
10:15:08 [INFO] border is disabled for HWND(0x110808)
10:15:12 [ERROR] could not set window position for HWND(0x703aa): Access is denied. (0x80070005)
10:15:12 [ERROR] could not set window position for HWND(0x703aa): Access is denied. (0x80070005)
10:15:12 [ERROR] could not send animation timer message for HWND(0xd056a): Invalid window handle. (0x80070578)
10:15:20 [ERROR] could not set window position for HWND(0xe056a): Access is denied. (0x80070005)
10:15:20 [ERROR] could not set window position for HWND(0xe056a): Access is denied. (0x80070005)
10:15:20 [ERROR] could not send animation timer message for HWND(0x13056e): Invalid window handle. (0x80070578)
10:15:43 [INFO] border is disabled for HWND(0x110808)
10:16:18 [INFO] border is disabled for HWND(0x110808)
10:16:31 [INFO] border is disabled for HWND(0x110808)
10:16:58 [INFO] border is disabled for HWND(0x110808)
10:18:51 [INFO] border is disabled for HWND(0x110808)
10:19:01 [INFO] border is disabled for HWND(0x11056c)
10:19:03 [INFO] border is disabled for HWND(0x110808)
10:19:05 [INFO] border is disabled for HWND(0x10210)
10:19:05 [INFO] border is disabled for HWND(0x1024a)
10:19:08 [ERROR] could not set window position for HWND(0x120720): Access is denied. (0x80070005)
10:19:08 [ERROR] could not set window position for HWND(0x120720): Access is denied. (0x80070005)
10:19:08 [ERROR] could not send animation timer message for HWND(0x1506de): Invalid window handle. (0x80070578)
10:19:10 [ERROR] could not set window position for HWND(0x1606de): Access is denied. (0x80070005)
10:19:10 [ERROR] could not set window position for HWND(0x1606de): Access is denied. (0x80070005)
10:19:10 [ERROR] could not send animation timer message for HWND(0xc066a): Invalid window handle. (0x80070578)
10:19:17 [ERROR] could not set window position for HWND(0xa0840): Access is denied. (0x80070005)
10:19:17 [ERROR] could not set window position for HWND(0xa0840): Access is denied. (0x80070005)
10:19:17 [ERROR] could not send animation timer message for HWND(0x607b6): Invalid window handle. (0x80070578)
10:19:32 [ERROR] could not set window position for HWND(0xb0840): Access is denied. (0x80070005)
10:19:32 [ERROR] could not set window position for HWND(0xb0840): Access is denied. (0x80070005)
10:19:32 [ERROR] could not send animation timer message for HWND(0x1d0680): Invalid window handle. (0x80070578)
10:19:43 [ERROR] could not set window position for HWND(0x1706de): Access is denied. (0x80070005)
10:19:44 [ERROR] could not set window position for HWND(0x1706de): Access is denied. (0x80070005)
10:19:44 [ERROR] could not send animation timer message for HWND(0xc0840): Invalid window handle. (0x80070578)
10:19:46 [ERROR] could not set window position for HWND(0xd0840): Access is denied. (0x80070005)
10:19:46 [ERROR] could not set window position for HWND(0xd0840): Access is denied. (0x80070005)
10:19:46 [ERROR] could not send animation timer message for HWND(0x1f0680): Invalid window handle. (0x80070578)
10:19:52 [INFO] border is disabled for HWND(0x110808)
10:22:27 [INFO] border is disabled for HWND(0x110808)
10:22:33 [INFO] border is disabled for HWND(0x11056c)
10:24:01 [INFO] border is disabled for HWND(0x806ac)
10:35:25 [ERROR] could not set window position for HWND(0x9004c): Access is denied. (0x80070005)
10:35:25 [ERROR] could not set window position for HWND(0x9004c): Access is denied. (0x80070005)
10:35:25 [ERROR] could not send animation timer message for HWND(0x504d6): Invalid window handle. (0x80070578)
10:35:34 [ERROR] could not set window position for HWND(0x10900): Access is denied. (0x80070005)
10:35:34 [ERROR] could not set window position for HWND(0x10900): Access is denied. (0x80070005)
10:35:34 [ERROR] could not send animation timer message for HWND(0x20954): Invalid window handle. (0x80070578)
10:45:02 [INFO] border is disabled for HWND(0x110808)
10:46:21 [INFO] border is disabled for HWND(0x110808)
10:46:26 [ERROR] could not get window rect for HWND(0x1b06cc): The handle is invalid. (0x80070006)
16:24:52 [INFO] starting tacky-borders
16:25:47 [INFO] border is disabled for HWND(0x1040e)
16:31:39 [INFO] border is disabled for HWND(0x1040e)
16:32:00 [INFO] border is disabled for HWND(0x10206)
16:32:00 [INFO] border is disabled for HWND(0x10244)
16:37:35 [INFO] border is disabled for HWND(0x1040e)
16:37:41 [INFO] border is disabled for HWND(0x1040e)
16:38:47 [INFO] border is disabled for HWND(0x1040e)
16:39:49 [ERROR] could not get window rect for HWND(0x7065e): The handle is invalid. (0x80070006)
16:41:03 [INFO] border is disabled for HWND(0x1040e)
16:42:14 [INFO] border is disabled for HWND(0x1040e)
16:59:57 [ERROR] could not get window rect for HWND(0x507c0): The handle is invalid. (0x80070006)
17:01:15 [INFO] border is disabled for HWND(0x1040e)
17:01:17 [INFO] border is disabled for HWND(0x1040e)
17:58:38 [INFO] border is disabled for HWND(0x1040e)
17:58:50 [INFO] border is disabled for HWND(0x1040e)
18:16:43 [INFO] border is disabled for HWND(0x6c107cc)
18:19:07 [ERROR] could not get window rect for HWND(0x110e07a2): The handle is invalid. (0x80070006)
18:29:27 [ERROR] could not get window rect for HWND(0x9080e): The handle is invalid. (0x80070006)
18:29:30 [INFO] border is disabled for HWND(0x1040e)
18:37:30 [INFO] border is disabled for HWND(0x10206)
18:37:30 [INFO] border is disabled for HWND(0x10244)
18:37:33 [INFO] border is disabled for HWND(0x10206)
18:37:33 [INFO] border is disabled for HWND(0x10244)
18:37:37 [INFO] border is disabled for HWND(0x4064e)
18:37:37 [INFO] border is disabled for HWND(0x4064e)
18:37:38 [INFO] border is disabled for HWND(0x4064e)
18:37:57 [INFO] border is disabled for HWND(0x4064e)
18:38:00 [INFO] border is disabled for HWND(0xa062c)
18:38:40 [INFO] border is disabled for HWND(0x4064e)
18:38:42 [INFO] border is disabled for HWND(0x4064e)
18:39:29 [INFO] border is disabled for HWND(0x4064e)
18:39:35 [INFO] border is disabled for HWND(0xa062c)
18:39:37 [INFO] border is disabled for HWND(0x4064e)
18:40:14 [INFO] border is disabled for HWND(0x10206)
18:40:14 [INFO] border is disabled for HWND(0x10244)
18:40:17 [INFO] border is disabled for HWND(0xe062e)
18:40:21 [INFO] border is disabled for HWND(0xe062e)
18:40:28 [INFO] border is disabled for HWND(0xa062c)
18:41:52 [INFO] border is disabled for HWND(0xe062e)
18:41:58 [INFO] border is disabled for HWND(0xe062e)
18:43:17 [ERROR] could not set window position for HWND(0x306b2): Access is denied. (0x80070005)
18:43:17 [ERROR] could not set window position for HWND(0x306b2): Access is denied. (0x80070005)
18:43:17 [ERROR] could not set window position for HWND(0x306b2): Access is denied. (0x80070005)
18:43:17 [ERROR] could not set window position for HWND(0x306b2): Access is denied. (0x80070005)
18:43:17 [ERROR] could not set window position for HWND(0x306b2): Access is denied. (0x80070005)
18:43:17 [ERROR] could not set window position for HWND(0x306b2): Access is denied. (0x80070005)
18:43:17 [ERROR] could not set window position for HWND(0x306b2): Access is denied. (0x80070005)
18:43:17 [INFO] border is disabled for HWND(0xa062c)
18:43:18 [ERROR] could not set window position for HWND(0x606da): Access is denied. (0x80070005)
18:43:18 [ERROR] could not set window position for HWND(0x606da): Access is denied. (0x80070005)
18:43:18 [ERROR] could not set window position for HWND(0x606da): Access is denied. (0x80070005)
18:43:18 [ERROR] could not set window position for HWND(0x606da): Access is denied. (0x80070005)
18:43:27 [INFO] border is disabled for HWND(0xe062e)
18:44:16 [INFO] border is disabled for HWND(0x10206)
18:44:16 [INFO] border is disabled for HWND(0x10244)
18:50:14 [INFO] border is disabled for HWND(0xe062e)
18:51:41 [INFO] border is disabled for HWND(0xe062e)
18:51:45 [INFO] border is disabled for HWND(0xe062e)
18:51:55 [INFO] border is disabled for HWND(0xe062e)
18:52:02 [INFO] border is disabled for HWND(0xe062e)
18:52:28 [ERROR] could not set window position for HWND(0x110762): Access is denied. (0x80070005)
18:52:28 [ERROR] could not set window position for HWND(0x110762): Access is denied. (0x80070005)
18:52:28 [ERROR] could not send animation timer message for HWND(0x606fe): Invalid window handle. (0x80070578)
18:55:34 [INFO] border is disabled for HWND(0xe062e)
18:55:40 [ERROR] could not get window rect for HWND(0x1403d0): The handle is invalid. (0x80070006)
08:46:58 [INFO] starting tacky-borders
08:48:49 [ERROR] could not set window position for HWND(0x40022): Access is denied. (0x80070005)
08:48:49 [ERROR] could not set window position for HWND(0x40022): Access is denied. (0x80070005)
08:48:49 [ERROR] could not send animation timer message for HWND(0x10540): Invalid window handle. (0x80070578)
08:48:50 [INFO] border is disabled for HWND(0x10686)
08:48:56 [INFO] border is disabled for HWND(0x103a0)
08:51:20 [INFO] border is disabled for HWND(0x10208)
08:51:20 [INFO] border is disabled for HWND(0x1024a)
08:54:56 [INFO] border is disabled for HWND(0x103a0)
08:57:24 [INFO] border is disabled for HWND(0x40610)
08:59:21 [INFO] border is disabled for HWND(0x40558)
09:03:12 [INFO] border is disabled for HWND(0x103a0)
09:04:00 [ERROR] could not get window rect for HWND(0xa04b2): The handle is invalid. (0x80070006)
09:04:04 [INFO] border is disabled for HWND(0x103a0)
09:06:19 [INFO] border is disabled for HWND(0x103a0)
11:15:42 [INFO] border is disabled for HWND(0x103a0)
11:55:54 [INFO] border is disabled for HWND(0x103a0)
11:59:13 [INFO] border is disabled for HWND(0x103a0)
12:02:42 [INFO] border is disabled for HWND(0x103a0)
12:07:00 [INFO] border is disabled for HWND(0x103a0)
12:07:07 [INFO] border is disabled for HWND(0x103a0)
12:09:24 [INFO] border is disabled for HWND(0x103a0)
12:27:17 [INFO] border is disabled for HWND(0x103a0)
12:57:53 [INFO] border is disabled for HWND(0x103a0)
13:01:43 [INFO] border is disabled for HWND(0x103a0)
13:03:33 [INFO] border is disabled for HWND(0x103a0)
13:03:35 [INFO] border is disabled for HWND(0x103a0)
13:03:37 [INFO] border is disabled for HWND(0x103a0)
13:06:34 [INFO] border is disabled for HWND(0x103a0)
13:06:36 [INFO] border is disabled for HWND(0x10208)
13:06:36 [INFO] border is disabled for HWND(0x1024a)
13:06:40 [INFO] border is disabled for HWND(0x10208)
13:06:40 [INFO] border is disabled for HWND(0x10208)
13:06:40 [INFO] border is disabled for HWND(0x1024a)
13:51:06 [ERROR] could not set window position for HWND(0x300b16): Access is denied. (0x80070005)
13:51:06 [ERROR] could not set window position for HWND(0x300b16): Access is denied. (0x80070005)
13:51:06 [ERROR] could not set window position for HWND(0x10b20): Access is denied. (0x80070005)
13:51:06 [ERROR] could not set window position for HWND(0x10b20): Access is denied. (0x80070005)
13:51:06 [ERROR] could not send animation timer message for HWND(0x10b1e): Invalid window handle. (0x80070578)
13:51:06 [ERROR] could not send animation timer message for HWND(0x20b28): Invalid window handle. (0x80070578)
14:00:55 [INFO] border is disabled for HWND(0x10208)
14:00:55 [INFO] border is disabled for HWND(0x1024a)
14:01:30 [INFO] border is disabled for HWND(0x103a0)
14:04:15 [INFO] border is disabled for HWND(0x103a0)
16:06:19 [INFO] border is disabled for HWND(0x103a0)
16:14:58 [INFO] border is disabled for HWND(0x103a0)
16:17:14 [ERROR] could not get window rect for HWND(0xa09c6): The handle is invalid. (0x80070006)
16:25:58 [INFO] border is disabled for HWND(0x10208)
16:25:58 [INFO] border is disabled for HWND(0x1024a)
16:26:00 [INFO] border is disabled for HWND(0x103a0)
17:44:51 [INFO] border is disabled for HWND(0x103a0)
17:45:12 [INFO] border is disabled for HWND(0x103a0)
17:45:24 [ERROR] could not get window rect for HWND(0x1809b2): The handle is invalid. (0x80070006)
17:55:34 [INFO] border is disabled for HWND(0x16070e)
19:05:25 [INFO] border is disabled for HWND(0x103a0)
19:05:28 [ERROR] could not get window rect for HWND(0xc01bc): The handle is invalid. (0x80070006)
08:54:30 [INFO] starting tacky-borders
08:54:30 [INFO] border is disabled for HWND(0x1041a)
08:55:08 [INFO] border is disabled for HWND(0x1041a)
08:56:36 [INFO] border is disabled for HWND(0x1041a)
08:57:43 [INFO] border is disabled for HWND(0x1041a)
08:59:20 [INFO] border is disabled for HWND(0x1041a)
08:59:26 [INFO] border is disabled for HWND(0x1041a)
09:00:19 [INFO] border is disabled for HWND(0x1041a)
09:15:55 [ERROR] could not get window rect for HWND(0x40746): The handle is invalid. (0x80070006)
09:16:24 [ERROR] could not get window rect for HWND(0x504ea): The handle is invalid. (0x80070006)
09:20:47 [ERROR] could not get window rect for HWND(0x90476): The handle is invalid. (0x80070006)
09:21:48 [ERROR] could not get window rect for HWND(0x904ea): The handle is invalid. (0x80070006)
09:22:16 [INFO] border is disabled for HWND(0x1041a)
09:23:58 [INFO] border is disabled for HWND(0x1041a)
11:50:49 [INFO] border is disabled for HWND(0x1041a)
13:14:44 [INFO] border is disabled for HWND(0x1041a)
13:15:28 [INFO] border is disabled for HWND(0xb06ea)
13:15:28 [INFO] border is disabled for HWND(0x50724)
13:15:30 [INFO] border is disabled for HWND(0xc06ea)
13:15:37 [INFO] border is disabled for HWND(0x2c02b0)
13:15:38 [INFO] border is disabled for HWND(0x2d02b0)
13:15:46 [INFO] border is disabled for HWND(0x606c0)
13:15:56 [INFO] border is disabled for HWND(0xb0750)
13:17:16 [INFO] border is disabled for HWND(0xa60680)
13:39:09 [INFO] border is disabled for HWND(0x18069e)
13:49:07 [INFO] border is disabled for HWND(0x1206bc)
13:54:31 [INFO] border is disabled for HWND(0xe04da)
14:07:26 [INFO] border is disabled for HWND(0x40314)
14:08:27 [INFO] border is disabled for HWND(0x1041a)
15:01:42 [INFO] border is disabled for HWND(0x1404ea)
15:12:22 [INFO] border is disabled for HWND(0x1041a)
15:30:26 [INFO] border is disabled for HWND(0x1103e0)
15:50:54 [INFO] border is disabled for HWND(0xb083c)
15:54:53 [INFO] border is disabled for HWND(0xf0844)
16:13:09 [INFO] border is disabled for HWND(0x1041a)
16:14:07 [INFO] border is disabled for HWND(0x1041a)
16:17:36 [INFO] border is disabled for HWND(0x1041a)
16:30:26 [INFO] border is disabled for HWND(0x1041a)
16:31:24 [INFO] border is disabled for HWND(0x1041a)
16:32:02 [ERROR] could not get window rect for HWND(0xf0874): The handle is invalid. (0x80070006)
16:32:06 [INFO] border is disabled for HWND(0x1041a)
16:32:29 [INFO] border is disabled for HWND(0xd0840)
17:13:52 [INFO] border is disabled for HWND(0x1041a)
17:15:01 [INFO] border is disabled for HWND(0x1041a)
17:17:19 [INFO] border is disabled for HWND(0x1041a)
17:17:56 [INFO] border is disabled for HWND(0x1041a)
17:19:27 [INFO] border is disabled for HWND(0x1041a)
17:50:01 [INFO] border is disabled for HWND(0x21a061e)
17:53:26 [INFO] border is disabled for HWND(0x21a061e)
17:56:38 [INFO] border is disabled for HWND(0x21a061e)
18:13:23 [INFO] border is disabled for HWND(0x21a061e)
18:20:59 [INFO] border is disabled for HWND(0x1041a)
18:21:48 [INFO] border is disabled for HWND(0x10222)
18:21:48 [INFO] border is disabled for HWND(0x10254)
18:33:17 [INFO] border is disabled for HWND(0x1041a)
18:37:02 [INFO] border is disabled for HWND(0x1041a)
18:37:22 [INFO] border is disabled for HWND(0x1041a)
18:46:28 [INFO] border is disabled for HWND(0x21a061e)
18:49:14 [INFO] border is disabled for HWND(0x76064e)
19:00:44 [INFO] border is disabled for HWND(0x21a061e)
19:09:41 [INFO] border is disabled for HWND(0xd0840)
19:09:43 [INFO] border is disabled for HWND(0x1041a)
19:09:55 [INFO] border is disabled for HWND(0x1041a)
19:10:50 [INFO] border is disabled for HWND(0x21a061e)
19:20:23 [ERROR] could not set window position for HWND(0x2409fc): Access is denied. (0x80070005)
19:20:23 [ERROR] could not set window position for HWND(0x2409fc): Access is denied. (0x80070005)
19:20:23 [ERROR] could not set window position for HWND(0x2409fc): Access is denied. (0x80070005)
19:23:06 [INFO] border is disabled for HWND(0x1041a)
19:23:11 [INFO] border is disabled for HWND(0x1041a)
19:23:22 [INFO] border is disabled for HWND(0x1041a)
19:23:48 [INFO] border is disabled for HWND(0x21a061e)
19:29:18 [INFO] border is disabled for HWND(0x1041a)
19:33:26 [INFO] border is disabled for HWND(0x21a061e)
19:42:13 [INFO] border is disabled for HWND(0x21a061e)
07:15:33 [INFO] starting tacky-borders
07:15:34 [INFO] border is disabled for HWND(0x103b2)
07:16:17 [INFO] border is disabled for HWND(0x2051a)
07:16:56 [INFO] border is disabled for HWND(0x103b2)
07:17:54 [INFO] border is disabled for HWND(0x30390)
07:19:46 [INFO] border is disabled for HWND(0x250030)
07:20:00 [INFO] border is disabled for HWND(0x2051a)
07:20:00 [ERROR] could not set window position for HWND(0x40622): Access is denied. (0x80070005)
07:20:00 [ERROR] could not set window position for HWND(0x40622): Access is denied. (0x80070005)
07:20:00 [ERROR] could not send animation timer message for HWND(0x1062c): Invalid window handle. (0x80070578)
07:20:54 [INFO] border is disabled for HWND(0x4062c)
07:29:34 [INFO] border is disabled for HWND(0x103b2)
07:58:47 [INFO] border is disabled for HWND(0x504e0)
07:59:38 [INFO] border is disabled for HWND(0x30784)
08:02:26 [INFO] border is disabled for HWND(0x50634)
08:14:12 [INFO] border is disabled for HWND(0x6078c)
08:20:04 [INFO] border is disabled for HWND(0x1a04c0)
08:22:55 [INFO] border is disabled for HWND(0xa04d8)
08:24:57 [INFO] border is disabled for HWND(0x905aa)
08:26:33 [INFO] border is disabled for HWND(0x103b2)
08:26:43 [INFO] border is disabled for HWND(0x103b2)
08:26:48 [INFO] border is disabled for HWND(0x100788)
08:26:53 [INFO] border is disabled for HWND(0xd0712)
08:27:30 [INFO] border is disabled for HWND(0x1025a)
08:27:30 [INFO] border is disabled for HWND(0x10282)
08:28:05 [INFO] border is disabled for HWND(0x100780)
08:28:18 [INFO] border is disabled for HWND(0xf075c)
08:29:01 [INFO] border is disabled for HWND(0x100788)
08:29:30 [INFO] border is disabled for HWND(0x1025a)
08:29:30 [INFO] border is disabled for HWND(0x10282)
08:30:05 [INFO] border is disabled for HWND(0x507fa)
08:33:34 [INFO] border is disabled for HWND(0x1e04c0)
08:58:37 [INFO] border is disabled for HWND(0x103b2)
08:58:43 [INFO] border is disabled for HWND(0x103b2)
09:50:50 [INFO] border is disabled for HWND(0x103b2)
09:57:48 [INFO] border is disabled for HWND(0xb081e)
09:58:33 [ERROR] could not set window position for HWND(0x11066e): Access is denied. (0x80070005)
09:58:33 [ERROR] could not set window position for HWND(0x11066e): Access is denied. (0x80070005)
09:58:33 [ERROR] could not send animation timer message for HWND(0xa079c): Invalid window handle. (0x80070578)
10:00:04 [ERROR] could not get window rect for HWND(0xd60a56): The handle is invalid. (0x80070006)
10:00:04 [ERROR] could not get window rect for HWND(0xd70a56): The handle is invalid. (0x80070006)
10:01:11 [ERROR] could not get window rect for HWND(0x40952): The handle is invalid. (0x80070006)
10:11:33 [ERROR] could not get window rect for HWND(0x2a04f4): The handle is invalid. (0x80070006)
10:17:33 [INFO] border is disabled for HWND(0x2051a)
10:17:43 [INFO] border is disabled for HWND(0x2051a)
10:18:20 [INFO] border is disabled for HWND(0x2051a)
10:18:26 [INFO] border is disabled for HWND(0x2051a)
10:50:32 [INFO] border is disabled for HWND(0x1025a)
10:50:32 [INFO] border is disabled for HWND(0x10282)
10:50:36 [ERROR] could not set window position for HWND(0x2103b8): Access is denied. (0x80070005)
10:50:36 [ERROR] could not set window position for HWND(0x2103b8): Access is denied. (0x80070005)
10:50:36 [ERROR] could not send animation timer message for HWND(0x13059e): Invalid window handle. (0x80070578)
10:50:37 [ERROR] could not set window position for HWND(0x300a64): Access is denied. (0x80070005)
10:50:37 [ERROR] could not set window position for HWND(0x300a64): Access is denied. (0x80070005)
10:50:37 [ERROR] could not send animation timer message for HWND(0x3b0a6c): Invalid window handle. (0x80070578)
10:50:42 [ERROR] could not set window position for HWND(0x1a05b4): Access is denied. (0x80070005)
10:50:42 [ERROR] could not set window position for HWND(0x1a05b4): Access is denied. (0x80070005)
10:50:42 [ERROR] could not send animation timer message for HWND(0x5305ac): Invalid window handle. (0x80070578)
10:50:47 [ERROR] could not set window position for HWND(0x1c05b4): Access is denied. (0x80070005)
10:50:47 [ERROR] could not set window position for HWND(0x1c05b4): Access is denied. (0x80070005)
10:50:47 [ERROR] could not send animation timer message for HWND(0x3009aa): Invalid window handle. (0x80070578)
10:51:41 [INFO] border is disabled for HWND(0x103b2)
10:55:08 [INFO] border is disabled for HWND(0x103b2)
10:55:13 [INFO] border is disabled for HWND(0x103b2)
10:58:22 [INFO] border is disabled for HWND(0x103b2)
10:58:31 [INFO] border is disabled for HWND(0x3c0512)
12:17:43 [INFO] border is disabled for HWND(0x20003b8)
12:26:30 [INFO] border is disabled for HWND(0x103b2)
12:29:00 [INFO] border is disabled for HWND(0x103b2)
12:29:51 [INFO] border is disabled for HWND(0x103b2)
12:31:20 [INFO] border is disabled for HWND(0x103b2)
12:38:07 [INFO] border is disabled for HWND(0x103b2)
12:44:39 [INFO] border is disabled for HWND(0x103b2)
12:51:49 [INFO] border is disabled for HWND(0x2051a)
13:04:31 [INFO] border is disabled for HWND(0x2051a)
13:04:56 [INFO] border is disabled for HWND(0x2051a)
13:05:38 [INFO] border is disabled for HWND(0x2051a)
13:16:55 [INFO] border is disabled for HWND(0x2051a)
13:16:59 [INFO] border is disabled for HWND(0x2051a)
13:23:29 [INFO] border is disabled for HWND(0x2051a)
13:25:16 [INFO] border is disabled for HWND(0x2051a)
13:40:46 [INFO] border is disabled for HWND(0x2051a)
13:40:49 [INFO] border is disabled for HWND(0x2051a)
13:59:12 [INFO] border is disabled for HWND(0x2051a)
14:03:17 [INFO] border is disabled for HWND(0x103b2)
14:11:54 [INFO] border is disabled for HWND(0x2051a)
14:26:48 [INFO] border is disabled for HWND(0x2051a)
14:33:24 [INFO] border is disabled for HWND(0x103b2)
14:42:59 [INFO] border is disabled for HWND(0xd07fa)
14:45:32 [INFO] border is disabled for HWND(0xd07fa)
14:56:17 [INFO] border is disabled for HWND(0x2051a)
15:06:25 [INFO] border is disabled for HWND(0x103b2)
15:07:17 [INFO] border is disabled for HWND(0x2051a)
15:08:02 [INFO] border is disabled for HWND(0x2051a)
15:23:52 [INFO] border is disabled for HWND(0x1025a)
15:23:52 [INFO] border is disabled for HWND(0x10282)
15:23:53 [INFO] border is disabled for HWND(0x1025a)
15:23:53 [INFO] border is disabled for HWND(0x10282)
15:26:24 [INFO] border is disabled for HWND(0x103b2)
15:55:38 [INFO] border is disabled for HWND(0x103b2)
15:59:58 [INFO] border is disabled for HWND(0x103b2)
16:00:03 [ERROR] could not set window position for HWND(0xe07c2): Access is denied. (0x80070005)
16:00:03 [ERROR] could not set window position for HWND(0xe07c2): Access is denied. (0x80070005)
16:00:03 [ERROR] could not send animation timer message for HWND(0x8709d8): Invalid window handle. (0x80070578)
16:00:37 [INFO] border is disabled for HWND(0x103b2)
16:00:44 [ERROR] could not set window position for HWND(0x300a02): Access is denied. (0x80070005)
16:00:44 [ERROR] could not set window position for HWND(0x300a02): Access is denied. (0x80070005)
16:00:44 [ERROR] could not send animation timer message for HWND(0x3906a0): Invalid window handle. (0x80070578)
16:02:08 [INFO] border is disabled for HWND(0x103b2)
16:02:30 [ERROR] could not set window position for HWND(0x8e04e6): Access is denied. (0x80070005)
16:02:30 [ERROR] could not set window position for HWND(0x8e04e6): Access is denied. (0x80070005)
16:02:30 [ERROR] could not send animation timer message for HWND(0xe02e4): Invalid window handle. (0x80070578)
16:04:18 [INFO] border is disabled for HWND(0x103b2)
16:05:00 [INFO] border is disabled for HWND(0x103b2)
16:05:04 [INFO] border is disabled for HWND(0x103b2)
16:05:26 [INFO] border is disabled for HWND(0x103b2)
16:06:50 [ERROR] could not set window position for HWND(0x1770582): Access is denied. (0x80070005)
16:06:50 [ERROR] could not set window position for HWND(0x1770582): Access is denied. (0x80070005)
16:06:50 [ERROR] could not set window position for HWND(0x1770582): Access is denied. (0x80070005)
16:10:59 [INFO] starting tacky-borders
16:50:51 [INFO] border is disabled for HWND(0x1040a)
16:57:04 [INFO] starting tacky-borders
16:57:04 [INFO] border is disabled for HWND(0x1040c)
17:09:22 [INFO] border is disabled for HWND(0x1040c)
17:09:25 [INFO] border is disabled for HWND(0x1040c)
17:09:30 [INFO] border is disabled for HWND(0x1040c)
17:22:28 [INFO] border is disabled for HWND(0x1040c)
17:22:31 [INFO] border is disabled for HWND(0x1040c)
17:22:34 [INFO] border is disabled for HWND(0x1040c)
17:30:12 [INFO] border is disabled for HWND(0x52066e)
17:32:15 [INFO] border is disabled for HWND(0x1040c)
18:15:59 [INFO] border is disabled for HWND(0x1040c)
18:25:01 [INFO] border is disabled for HWND(0x1040c)
18:30:43 [INFO] border is disabled for HWND(0x602f6)
18:30:49 [INFO] border is disabled for HWND(0x1040c)
18:48:08 [INFO] border is disabled for HWND(0x1040c)
18:50:42 [INFO] border is disabled for HWND(0x1040c)
19:04:04 [INFO] border is disabled for HWND(0x1040c)
19:04:08 [INFO] border is disabled for HWND(0x1040c)
19:04:28 [INFO] border is disabled for HWND(0x1040c)
10:08:54 [INFO] starting tacky-borders
10:09:04 [INFO] border is disabled for HWND(0x10436)
10:21:00 [INFO] border is disabled for HWND(0x10436)
10:33:17 [INFO] border is disabled for HWND(0x40600)
10:33:43 [INFO] border is disabled for HWND(0x40600)
10:35:40 [INFO] border is disabled for HWND(0x10436)
10:36:29 [INFO] border is disabled for HWND(0x40600)
11:14:09 [INFO] border is disabled for HWND(0x10436)
12:22:01 [INFO] border is disabled for HWND(0x10436)
12:22:07 [ERROR] could not get window rect for HWND(0x70638): The handle is invalid. (0x80070006)
12:22:07 [ERROR] could not get window rect for HWND(0x80608): The handle is invalid. (0x80070006)
12:22:07 [ERROR] could not get window rect for HWND(0x90638): The handle is invalid. (0x80070006)
12:22:15 [INFO] border is disabled for HWND(0x10436)
12:24:40 [INFO] border is disabled for HWND(0x10436)
12:45:42 [INFO] border is disabled for HWND(0x10436)
12:45:45 [INFO] border is disabled for HWND(0x10206)
12:45:45 [INFO] border is disabled for HWND(0x10252)
12:56:56 [INFO] border is disabled for HWND(0x17046a)
13:02:40 [INFO] border is disabled for HWND(0x10436)
13:17:01 [INFO] starting tacky-borders
13:25:01 [INFO] border is disabled for HWND(0x20206)
13:25:01 [INFO] border is disabled for HWND(0x10252)
13:31:54 [ERROR] could not get window rect for HWND(0x10528): The handle is invalid. (0x80070006)
13:38:58 [INFO] border is disabled for HWND(0x103b2)
13:42:15 [INFO] border is disabled for HWND(0x103b2)
13:55:17 [INFO] border is disabled for HWND(0x103b2)
13:56:28 [ERROR] could not get window rect for HWND(0x10644): The handle is invalid. (0x80070006)
14:13:36 [INFO] border is disabled for HWND(0x103b2)
14:13:37 [ERROR] could not get window rect for HWND(0x503ea): The handle is invalid. (0x80070006)
14:13:38 [ERROR] could not get window rect for HWND(0x603da): The handle is invalid. (0x80070006)
16:35:18 [INFO] starting tacky-borders
16:35:18 [INFO] border is disabled for HWND(0x10406)
16:54:08 [INFO] border is disabled for HWND(0x10406)
16:54:10 [INFO] border is disabled for HWND(0x204f0)
16:54:12 [INFO] border is disabled for HWND(0x10406)
16:55:26 [INFO] border is disabled for HWND(0x10406)
16:56:32 [INFO] border is disabled for HWND(0x10406)
16:56:37 [INFO] border is disabled for HWND(0x10406)
16:56:44 [INFO] border is disabled for HWND(0x10406)
17:12:08 [INFO] border is disabled for HWND(0x10406)
17:12:16 [INFO] border is disabled for HWND(0x10210)
17:12:16 [INFO] border is disabled for HWND(0x10248)
17:12:19 [INFO] border is disabled for HWND(0x10210)
17:12:19 [INFO] border is disabled for HWND(0x10248)
17:12:32 [INFO] border is disabled for HWND(0x10210)
17:12:32 [INFO] border is disabled for HWND(0x10248)
17:15:29 [INFO] border is disabled for HWND(0x10210)
17:15:29 [INFO] border is disabled for HWND(0x10248)
17:16:49 [INFO] border is disabled for HWND(0x10210)
17:16:49 [INFO] border is disabled for HWND(0x10248)
17:18:39 [ERROR] could not get window rect for HWND(0x605e8): The handle is invalid. (0x80070006)
17:18:40 [ERROR] could not get window rect for HWND(0xa05fc): The handle is invalid. (0x80070006)
17:19:41 [ERROR] could not get window rect for HWND(0x60600): The handle is invalid. (0x80070006)
17:23:23 [INFO] border is disabled for HWND(0x10406)
17:42:17 [INFO] border is disabled for HWND(0x10406)
17:42:24 [INFO] border is disabled for HWND(0x10406)
17:42:29 [ERROR] could not set window position for HWND(0x60472): Access is denied. (0x80070005)
17:42:29 [ERROR] could not set window position for HWND(0x60472): Access is denied. (0x80070005)
17:42:29 [ERROR] could not send animation timer message for HWND(0x306d0): Invalid window handle. (0x80070578)
17:42:30 [INFO] border is disabled for HWND(0x20700)
17:51:47 [INFO] border is disabled for HWND(0x2006e0)
18:02:44 [ERROR] could not get window rect for HWND(0x100644): The handle is invalid. (0x80070006)
18:07:37 [INFO] border is disabled for HWND(0x10406)
18:14:31 [INFO] border is disabled for HWND(0x10406)
18:24:11 [INFO] border is disabled for HWND(0x10210)
18:24:11 [INFO] border is disabled for HWND(0x10248)
18:34:03 [INFO] border is disabled for HWND(0x20700)
18:45:08 [INFO] border is disabled for HWND(0x10406)
18:49:04 [INFO] border is disabled for HWND(0x10406)
18:49:16 [ERROR] could not set window position for HWND(0x1880660): Access is denied. (0x80070005)
18:49:16 [ERROR] could not set window position for HWND(0x1880660): Access is denied. (0x80070005)
18:49:16 [ERROR] could not send animation timer message for HWND(0xfb06c6): Invalid window handle. (0x80070578)
18:49:33 [INFO] border is disabled for HWND(0x10406)
18:51:10 [INFO] border is disabled for HWND(0x10406)
18:58:24 [INFO] border is disabled for HWND(0x10406)
18:58:30 [INFO] border is disabled for HWND(0x10406)
18:58:41 [INFO] border is disabled for HWND(0x10210)
18:58:41 [INFO] border is disabled for HWND(0x10248)
18:58:51 [ERROR] could not get window rect for HWND(0x9071a): The handle is invalid. (0x80070006)
18:58:56 [ERROR] could not get window rect for HWND(0x7073c): The handle is invalid. (0x80070006)
18:58:56 [ERROR] could not get window rect for HWND(0x90762): The handle is invalid. (0x80070006)
18:58:57 [ERROR] could not get window rect for HWND(0xd0848): The handle is invalid. (0x80070006)
19:01:03 [INFO] border is disabled for HWND(0x10406)
19:01:51 [ERROR] could not get window rect for HWND(0xe0734): The handle is invalid. (0x80070006)
19:02:08 [INFO] border is disabled for HWND(0x10406)
19:04:14 [INFO] border is disabled for HWND(0x10406)
19:06:01 [INFO] border is disabled for HWND(0x10406)
19:06:13 [ERROR] could not get window rect for HWND(0x507d8): The handle is invalid. (0x80070006)
19:22:20 [INFO] border is disabled for HWND(0x10406)
19:22:25 [INFO] border is disabled for HWND(0x10406)
19:22:28 [ERROR] could not get window rect for HWND(0xe071a): The handle is invalid. (0x80070006)
08:30:13 [INFO] starting tacky-borders
09:07:21 [INFO] border is disabled for HWND(0x103a4)
09:07:24 [INFO] border is disabled for HWND(0x103a4)
09:08:35 [INFO] border is disabled for HWND(0x10200)
09:08:35 [INFO] border is disabled for HWND(0x1024c)
09:08:48 [ERROR] could not get window rect for HWND(0x30652): The handle is invalid. (0x80070006)
09:19:09 [INFO] border is disabled for HWND(0x103a4)
09:31:22 [INFO] border is disabled for HWND(0x103a4)
09:36:11 [INFO] border is disabled for HWND(0x103a4)
10:02:04 [INFO] border is disabled for HWND(0x103a4)
10:36:08 [INFO] border is disabled for HWND(0x103a4)
10:36:28 [INFO] border is disabled for HWND(0x103a4)
10:36:31 [INFO] border is disabled for HWND(0x103a4)
10:36:41 [INFO] border is disabled for HWND(0x103a4)
10:36:42 [ERROR] could not set window position for HWND(0xa7063e): Access is denied. (0x80070005)
10:36:42 [ERROR] could not set window position for HWND(0xa7063e): Access is denied. (0x80070005)
10:36:42 [ERROR] could not send animation timer message for HWND(0x340622): Invalid window handle. (0x80070578)
10:36:43 [INFO] border is disabled for HWND(0x107ae)
10:37:01 [INFO] border is disabled for HWND(0x103a4)
10:37:03 [INFO] border is disabled for HWND(0x103a4)
10:37:14 [INFO] border is disabled for HWND(0x103a4)
10:37:22 [INFO] border is disabled for HWND(0x103a4)
10:37:26 [INFO] border is disabled for HWND(0x103a4)
10:39:40 [INFO] border is disabled for HWND(0x103a4)
10:40:14 [INFO] border is disabled for HWND(0x103a4)
10:40:16 [INFO] border is disabled for HWND(0x10200)
10:40:16 [INFO] border is disabled for HWND(0x1024c)
10:40:17 [INFO] border is disabled for HWND(0x103a4)
10:41:29 [INFO] border is disabled for HWND(0x103a4)
10:44:14 [INFO] border is disabled for HWND(0x103a4)
10:46:57 [INFO] border is disabled for HWND(0x103a4)
10:47:00 [INFO] border is disabled for HWND(0x103a4)
10:47:04 [INFO] border is disabled for HWND(0x103a4)
10:47:07 [INFO] border is disabled for HWND(0x103a4)
10:47:14 [INFO] border is disabled for HWND(0x103a4)
10:47:35 [INFO] border is disabled for HWND(0x103a4)
10:47:36 [INFO] border is disabled for HWND(0x103a4)
10:47:39 [INFO] border is disabled for HWND(0x103a4)
10:49:14 [INFO] border is disabled for HWND(0x103a4)
10:49:47 [INFO] border is disabled for HWND(0x103a4)
10:53:31 [INFO] border is disabled for HWND(0x103a4)
10:54:35 [INFO] border is disabled for HWND(0x107ae)
10:55:55 [INFO] border is disabled for HWND(0x107ae)
11:10:00 [INFO] border is disabled for HWND(0x103a4)
11:12:46 [INFO] border is disabled for HWND(0x103a4)
11:12:54 [INFO] border is disabled for HWND(0x503ea)
12:13:32 [INFO] border is disabled for HWND(0x504d8)
12:30:47 [INFO] border is disabled for HWND(0x10200)
12:30:47 [INFO] border is disabled for HWND(0x1024c)
13:00:55 [INFO] border is disabled for HWND(0x107ae)
13:03:21 [INFO] border is disabled for HWND(0x103a4)
13:25:00 [ERROR] could not set window position for HWND(0xd30532): Access is denied. (0x80070005)
13:25:00 [ERROR] could not set window position for HWND(0xd30532): Access is denied. (0x80070005)
13:25:00 [ERROR] could not send animation timer message for HWND(0x24087a): Invalid window handle. (0x80070578)
13:34:56 [INFO] border is disabled for HWND(0x107ae)
13:38:12 [INFO] border is disabled for HWND(0x107ae)
13:38:34 [INFO] border is disabled for HWND(0x107ae)
13:39:09 [INFO] border is disabled for HWND(0x107ae)
13:39:32 [INFO] border is disabled for HWND(0x107ae)
13:39:33 [INFO] border is disabled for HWND(0x107ae)
13:39:39 [INFO] border is disabled for HWND(0x107ae)
13:39:45 [INFO] border is disabled for HWND(0x107ae)
13:39:47 [INFO] border is disabled for HWND(0x107ae)
13:40:24 [INFO] border is disabled for HWND(0x107ae)
13:44:37 [INFO] border is disabled for HWND(0x103a4)
13:45:20 [INFO] border is disabled for HWND(0x103a4)
13:45:22 [INFO] border is disabled for HWND(0x504d8)
13:45:27 [INFO] border is disabled for HWND(0x45075a)
14:37:43 [INFO] border is disabled for HWND(0x504d8)
15:06:05 [INFO] border is disabled for HWND(0x107ae)
16:03:30 [INFO] border is disabled for HWND(0x107ae)
16:32:44 [INFO] border is disabled for HWND(0x103a4)
16:32:54 [INFO] border is disabled for HWND(0x103a4)
16:34:26 [INFO] border is disabled for HWND(0x103a4)
18:12:02 [INFO] border is disabled for HWND(0x10200)
18:12:02 [INFO] border is disabled for HWND(0x1024c)
18:44:14 [INFO] border is disabled for HWND(0x107ae)
18:46:27 [INFO] border is disabled for HWND(0x107ae)
19:10:46 [INFO] border is disabled for HWND(0x107ae)
19:14:39 [INFO] border is disabled for HWND(0x103a4)
19:14:43 [INFO] border is disabled for HWND(0x103a4)
19:19:48 [INFO] border is disabled for HWND(0x103a4)
19:19:50 [INFO] border is disabled for HWND(0x103a4)
19:20:05 [INFO] border is disabled for HWND(0x103a4)
19:22:53 [INFO] border is disabled for HWND(0x103a4)
19:24:09 [INFO] starting tacky-borders
19:24:10 [INFO] border is disabled for HWND(0x1041c)
19:25:21 [INFO] border is disabled for HWND(0x1041c)
19:25:25 [INFO] border is disabled for HWND(0x1041c)
19:25:57 [INFO] border is disabled for HWND(0x1041c)
19:29:04 [INFO] border is disabled for HWND(0x1041c)
19:29:09 [INFO] border is disabled for HWND(0x1041c)
19:29:20 [INFO] border is disabled for HWND(0x1041c)
19:29:22 [INFO] border is disabled for HWND(0x6046e)
19:29:23 [INFO] border is disabled for HWND(0x1041c)
19:29:24 [ERROR] could not set window position for HWND(0xa0398): Access is denied. (0x80070005)
19:29:24 [ERROR] could not set window position for HWND(0xa0398): Access is denied. (0x80070005)
19:29:24 [ERROR] could not send animation timer message for HWND(0xf05ba): Invalid window handle. (0x80070578)
19:29:25 [INFO] border is disabled for HWND(0x10706)
19:29:30 [INFO] border is disabled for HWND(0x1041c)
19:29:32 [ERROR] could not resize render_target: The requested size is larger than the guaranteed supported texture size at the Direct3D device's current feature level. (0x8899001D)
19:30:16 [INFO] border is disabled for HWND(0x1041c)
19:31:01 [INFO] border is disabled for HWND(0x1041c)
19:34:44 [INFO] border is disabled for HWND(0x1041c)
19:34:46 [INFO] border is disabled for HWND(0x1041c)
19:35:08 [INFO] border is disabled for HWND(0x1041c)
19:35:20 [INFO] border is disabled for HWND(0x1041c)
19:36:39 [INFO] border is disabled for HWND(0x10706)
19:36:42 [INFO] border is disabled for HWND(0x1041c)
19:36:56 [INFO] border is disabled for HWND(0x1041c)
19:37:37 [INFO] border is disabled for HWND(0x1041c)
19:37:46 [INFO] border is disabled for HWND(0x1041c)
19:38:26 [INFO] border is disabled for HWND(0x1041c)
19:38:30 [INFO] border is disabled for HWND(0x1041c)
19:38:36 [INFO] border is disabled for HWND(0x1041c)
19:38:47 [INFO] border is disabled for HWND(0x1041c)
19:38:51 [INFO] border is disabled for HWND(0x1041c)
19:41:11 [INFO] border is disabled for HWND(0x1041c)
19:41:14 [INFO] border is disabled for HWND(0x1041c)
19:44:15 [INFO] border is disabled for HWND(0x1041c)
19:44:16 [INFO] border is disabled for HWND(0x1041c)
19:44:17 [INFO] border is disabled for HWND(0x1041c)
19:44:20 [INFO] border is disabled for HWND(0x1041c)
19:44:21 [INFO] border is disabled for HWND(0x1041c)
19:44:22 [INFO] border is disabled for HWND(0x1041c)
19:44:23 [INFO] border is disabled for HWND(0x1041c)
19:44:24 [INFO] border is disabled for HWND(0x1041c)
19:44:25 [INFO] border is disabled for HWND(0x1041c)
19:44:38 [INFO] border is disabled for HWND(0x1041c)
19:44:41 [INFO] border is disabled for HWND(0x1041c)
19:44:43 [INFO] border is disabled for HWND(0x1041c)
19:46:00 [INFO] border is disabled for HWND(0x1041c)
19:46:15 [INFO] border is disabled for HWND(0x1041c)
19:46:32 [INFO] border is disabled for HWND(0x1041c)
19:46:34 [INFO] border is disabled for HWND(0x1041c)
19:46:35 [INFO] border is disabled for HWND(0x101fc)
19:46:35 [INFO] border is disabled for HWND(0x1024a)
19:46:36 [INFO] border is disabled for HWND(0x101fc)
19:46:36 [INFO] border is disabled for HWND(0x1024a)
19:46:38 [INFO] border is disabled for HWND(0x101fc)
19:46:38 [INFO] border is disabled for HWND(0x1024a)
19:46:48 [INFO] border is disabled for HWND(0x1041c)
19:46:50 [INFO] border is disabled for HWND(0x1041c)
19:46:52 [INFO] border is disabled for HWND(0x1041c)
19:46:56 [INFO] border is disabled for HWND(0x1041c)
19:47:14 [INFO] border is disabled for HWND(0x1041c)
19:47:20 [INFO] border is disabled for HWND(0x1041c)
19:47:41 [INFO] border is disabled for HWND(0x1041c)
19:47:43 [INFO] border is disabled for HWND(0x1041c)
19:47:44 [INFO] border is disabled for HWND(0x1041c)
19:47:45 [INFO] border is disabled for HWND(0x1041c)
19:47:46 [INFO] border is disabled for HWND(0x1041c)
19:47:50 [INFO] border is disabled for HWND(0x1041c)
19:47:51 [INFO] border is disabled for HWND(0x1041c)
19:47:58 [INFO] border is disabled for HWND(0x1041c)
19:48:00 [INFO] border is disabled for HWND(0x1041c)
19:48:04 [INFO] border is disabled for HWND(0x1041c)
19:48:28 [INFO] border is disabled for HWND(0x1041c)
19:48:31 [INFO] border is disabled for HWND(0x1041c)
19:49:28 [INFO] border is disabled for HWND(0x1041c)
19:49:40 [INFO] border is disabled for HWND(0x1041c)
19:49:48 [INFO] border is disabled for HWND(0x101fc)
19:49:48 [INFO] border is disabled for HWND(0x1024a)
19:49:49 [INFO] border is disabled for HWND(0x101fc)
19:49:49 [INFO] border is disabled for HWND(0x1024a)
19:49:53 [INFO] border is disabled for HWND(0x100518)
19:49:54 [INFO] border is disabled for HWND(0x100518)
19:49:55 [INFO] border is disabled for HWND(0x100518)
19:49:56 [INFO] border is disabled for HWND(0x100518)
19:49:57 [INFO] border is disabled for HWND(0x100518)
19:50:00 [INFO] border is disabled for HWND(0x100518)
19:50:36 [INFO] border is disabled for HWND(0x100518)
09:36:06 [INFO] starting tacky-borders
09:37:21 [INFO] border is disabled for HWND(0x103a2)
09:38:10 [INFO] border is disabled for HWND(0x103a2)
09:38:51 [INFO] border is disabled for HWND(0x103a2)
09:39:11 [INFO] border is disabled for HWND(0x103a2)
09:39:18 [INFO] border is disabled for HWND(0x103a2)
09:39:43 [ERROR] could not set window position for HWND(0x60584): Access is denied. (0x80070005)
09:39:43 [ERROR] could not set window position for HWND(0x60584): Access is denied. (0x80070005)
09:39:43 [ERROR] could not send animation timer message for HWND(0x80554): Invalid window handle. (0x80070578)
09:39:43 [INFO] border is disabled for HWND(0xc056a)
09:40:17 [INFO] border is disabled for HWND(0x103a2)
09:40:33 [INFO] border is disabled for HWND(0x103a2)
09:40:38 [INFO] border is disabled for HWND(0x103a2)
09:45:15 [INFO] border is disabled for HWND(0x103a2)
09:45:56 [INFO] border is disabled for HWND(0x103a2)
09:46:20 [INFO] starting tacky-borders
09:46:25 [INFO] border is disabled for HWND(0x5043e)
09:46:40 [ERROR] could not set window position for HWND(0x2055e): Access is denied. (0x80070005)
09:46:40 [ERROR] could not set window position for HWND(0x2055e): Access is denied. (0x80070005)
09:46:40 [ERROR] could not send animation timer message for HWND(0x4054a): Invalid window handle. (0x80070578)
09:48:15 [INFO] border is disabled for HWND(0x5043e)
09:48:22 [INFO] border is disabled for HWND(0x5043e)
09:49:06 [INFO] starting tacky-borders
09:49:15 [INFO] border is disabled for HWND(0x1039a)
09:49:23 [INFO] border is disabled for HWND(0x1039a)
09:49:36 [INFO] border is disabled for HWND(0x1039a)
09:50:14 [INFO] border is disabled for HWND(0x1039a)
09:50:50 [ERROR] could not get window rect for HWND(0x405ba): The handle is invalid. (0x80070006)
09:51:22 [ERROR] could not set window position for HWND(0x303fa): Access is denied. (0x80070005)
09:51:22 [ERROR] could not set window position for HWND(0x303fa): Access is denied. (0x80070005)
09:51:22 [ERROR] could not send animation timer message for HWND(0x805c6): Invalid window handle. (0x80070578)
09:51:22 [INFO] border is disabled for HWND(0xe050a)
09:52:18 [INFO] border is disabled for HWND(0x1039a)
09:52:24 [INFO] border is disabled for HWND(0x1039a)
09:53:00 [INFO] starting tacky-borders
09:53:00 [ERROR] could not set window position for HWND(0x102a2): Access is denied. (0x80070005)
09:53:00 [ERROR] could not set window position for HWND(0x102a2): Access is denied. (0x80070005)
09:53:00 [ERROR] could not send animation timer message for HWND(0x10428): Invalid window handle. (0x80070578)
09:53:04 [INFO] border is disabled for HWND(0x2046a)
09:53:17 [INFO] border is disabled for HWND(0x101ea)
09:53:17 [INFO] border is disabled for HWND(0x20230)
09:53:32 [INFO] border is disabled for HWND(0x103a4)
09:53:37 [INFO] border is disabled for HWND(0x101ea)
09:53:37 [INFO] border is disabled for HWND(0x20230)
09:56:06 [ERROR] could not set window position for HWND(0x30572): Access is denied. (0x80070005)
09:56:06 [ERROR] could not set window position for HWND(0x30572): Access is denied. (0x80070005)
09:56:06 [ERROR] could not send animation timer message for HWND(0x40024): Invalid window handle. (0x80070578)
09:56:57 [ERROR] could not set window position for HWND(0x9005e): Access is denied. (0x80070005)
09:56:57 [ERROR] could not set window position for HWND(0x9005e): Access is denied. (0x80070005)
09:56:57 [ERROR] could not set window position for HWND(0x9005e): Access is denied. (0x80070005)
09:58:31 [ERROR] could not set window position for HWND(0x1a0652): Access is denied. (0x80070005)
09:58:31 [ERROR] could not set window position for HWND(0x1a0652): Access is denied. (0x80070005)
09:58:31 [ERROR] could not send animation timer message for HWND(0x206e6): Invalid window handle. (0x80070578)
09:58:47 [INFO] border is disabled for HWND(0x103a4)
09:58:50 [ERROR] could not get window rect for HWND(0x406d8): The handle is invalid. (0x80070006)
10:00:07 [INFO] starting tacky-borders
10:00:14 [INFO] border is disabled for HWND(0x103b6)
10:01:46 [INFO] border is disabled for HWND(0x103b6)
10:04:21 [INFO] border is disabled for HWND(0x103b6)
10:04:51 [INFO] border is disabled for HWND(0x103b6)
10:07:01 [INFO] border is disabled for HWND(0x103b6)
10:07:04 [INFO] border is disabled for HWND(0x103b6)
10:07:11 [INFO] border is disabled for HWND(0x103b6)
10:07:23 [INFO] border is disabled for HWND(0x103b6)
10:07:34 [INFO] border is disabled for HWND(0x103b6)
10:12:17 [INFO] border is disabled for HWND(0x103b6)
10:12:55 [INFO] border is disabled for HWND(0x103b6)
10:34:41 [INFO] border is disabled for HWND(0x103b6)
10:34:44 [INFO] border is disabled for HWND(0x103b6)
10:34:47 [INFO] border is disabled for HWND(0x103b6)
10:34:50 [INFO] border is disabled for HWND(0x103b6)
10:38:34 [INFO] border is disabled for HWND(0x103b6)
10:40:54 [INFO] border is disabled for HWND(0x103b6)
11:03:22 [INFO] border is disabled for HWND(0x19505ca)
11:05:39 [INFO] border is disabled for HWND(0x103b6)
11:05:46 [INFO] border is disabled for HWND(0x19505ca)
11:05:46 [ERROR] could not set window position for HWND(0x7031e): Access is denied. (0x80070005)
11:05:46 [ERROR] could not set window position for HWND(0x7031e): Access is denied. (0x80070005)
11:05:46 [ERROR] could not set window position for HWND(0x7031e): Access is denied. (0x80070005)
11:05:53 [INFO] border is disabled for HWND(0x103b6)
11:05:57 [ERROR] could not get window rect for HWND(0x80542): The handle is invalid. (0x80070006)
11:07:05 [INFO] starting tacky-borders
11:07:05 [ERROR] could not set window position for HWND(0x10340): Access is denied. (0x80070005)
11:07:05 [ERROR] could not set window position for HWND(0x10340): Access is denied. (0x80070005)
11:07:05 [ERROR] could not send animation timer message for HWND(0x103d0): Invalid window handle. (0x80070578)
11:07:06 [INFO] border is disabled for HWND(0x10418)
11:07:30 [INFO] border is disabled for HWND(0x10418)
11:07:37 [INFO] border is disabled for HWND(0x10418)
11:07:48 [INFO] border is disabled for HWND(0x10418)
11:10:36 [INFO] border is disabled for HWND(0x10418)
11:17:10 [INFO] border is disabled for HWND(0x10418)
11:18:08 [INFO] border is disabled for HWND(0x10418)
11:18:19 [INFO] border is disabled for HWND(0x10418)
11:19:10 [INFO] border is disabled for HWND(0x10418)
11:19:25 [INFO] border is disabled for HWND(0x10418)
11:26:03 [INFO] border is disabled for HWND(0x10418)
11:54:04 [INFO] border is disabled for HWND(0x10418)
11:54:09 [INFO] border is disabled for HWND(0x10418)
11:54:18 [ERROR] could not set window position for HWND(0x30598): Access is denied. (0x80070005)
11:54:18 [ERROR] could not set window position for HWND(0x30598): Access is denied. (0x80070005)
11:54:18 [ERROR] could not send animation timer message for HWND(0x17030c): Invalid window handle. (0x80070578)
11:54:40 [ERROR] could not get window rect for HWND(0xd03a8): The handle is invalid. (0x80070006)
11:54:40 [ERROR] could not set window position for HWND(0x2901f2): Access is denied. (0x80070005)
11:54:40 [ERROR] could not set window position for HWND(0x2901f2): Access is denied. (0x80070005)
11:54:40 [ERROR] could not send animation timer message for HWND(0xd0586): Invalid window handle. (0x80070578)
11:54:49 [INFO] border is disabled for HWND(0x10418)
11:56:57 [INFO] border is disabled for HWND(0x10418)
11:57:06 [ERROR] could not set window position for HWND(0xa0658): Access is denied. (0x80070005)
11:57:06 [ERROR] could not set window position for HWND(0xa0658): Access is denied. (0x80070005)
11:57:06 [ERROR] could not send animation timer message for HWND(0xf0646): Invalid window handle. (0x80070578)
11:58:49 [INFO] border is disabled for HWND(0x10418)
12:25:02 [INFO] border is disabled for HWND(0x10418)
12:25:29 [INFO] border is disabled for HWND(0x10418)
12:25:35 [INFO] border is disabled for HWND(0x10418)
12:26:15 [INFO] border is disabled for HWND(0x10418)
12:52:28 [INFO] border is disabled for HWND(0x10418)
13:09:06 [INFO] border is disabled for HWND(0x10418)
13:36:52 [INFO] border is disabled for HWND(0x10418)
13:39:52 [INFO] border is disabled for HWND(0x10418)
13:42:32 [INFO] border is disabled for HWND(0x10418)
13:42:35 [INFO] border is disabled for HWND(0x10418)
13:47:55 [INFO] border is disabled for HWND(0x10418)
17:43:32 [INFO] starting tacky-borders
17:43:33 [ERROR] could not set window position for HWND(0x402f8): Access is denied. (0x80070005)
17:43:33 [ERROR] could not set window position for HWND(0x402f8): Access is denied. (0x80070005)
17:43:33 [ERROR] could not send animation timer message for HWND(0x203de): Invalid window handle. (0x80070578)
17:43:34 [INFO] border is disabled for HWND(0x10420)
17:44:38 [INFO] border is disabled for HWND(0x10420)
17:44:49 [ERROR] could not set window position for HWND(0x5009c): Access is denied. (0x80070005)
17:44:49 [ERROR] could not set window position for HWND(0x5009c): Access is denied. (0x80070005)
17:44:49 [ERROR] could not send animation timer message for HWND(0x3055c): Invalid window handle. (0x80070578)
17:44:50 [INFO] border is disabled for HWND(0x20574)
17:44:58 [INFO] border is disabled for HWND(0x10420)
17:45:07 [INFO] border is disabled for HWND(0x10420)
17:45:09 [INFO] border is disabled for HWND(0x10420)
17:45:20 [ERROR] could not set window position for HWND(0x60558): Access is denied. (0x80070005)
17:45:20 [ERROR] could not set window position for HWND(0x60558): Access is denied. (0x80070005)
17:45:20 [ERROR] could not send animation timer message for HWND(0x2704d6): Invalid window handle. (0x80070578)
17:45:32 [INFO] border is disabled for HWND(0x10420)
17:45:38 [INFO] border is disabled for HWND(0x10420)
17:46:27 [INFO] border is disabled for HWND(0x10420)
17:47:07 [INFO] border is disabled for HWND(0x10420)
17:48:13 [INFO] border is disabled for HWND(0x10420)
17:48:48 [INFO] border is disabled for HWND(0x10420)
17:49:01 [INFO] border is disabled for HWND(0x10420)
17:49:03 [INFO] border is disabled for HWND(0x10420)
17:50:03 [INFO] border is disabled for HWND(0x10420)
17:50:05 [INFO] border is disabled for HWND(0x10420)
17:50:06 [INFO] border is disabled for HWND(0x10420)
17:50:11 [INFO] border is disabled for HWND(0x10420)
17:50:16 [INFO] border is disabled for HWND(0x10420)
17:50:22 [INFO] border is disabled for HWND(0x10420)
17:50:26 [INFO] border is disabled for HWND(0x10420)
17:51:32 [INFO] border is disabled for HWND(0x10420)
17:51:53 [INFO] border is disabled for HWND(0x10420)
17:52:04 [INFO] border is disabled for HWND(0x10420)
17:52:13 [INFO] border is disabled for HWND(0x10420)
17:53:29 [INFO] border is disabled for HWND(0x10420)
17:53:33 [INFO] border is disabled for HWND(0x10420)
17:53:55 [INFO] border is disabled for HWND(0x10420)
17:53:57 [INFO] border is disabled for HWND(0x10420)
17:53:58 [INFO] border is disabled for HWND(0x10420)
17:54:00 [INFO] border is disabled for HWND(0x10420)
17:54:01 [INFO] border is disabled for HWND(0x10420)
17:54:03 [INFO] border is disabled for HWND(0x10420)
17:54:05 [INFO] border is disabled for HWND(0x10420)
17:54:18 [INFO] border is disabled for HWND(0x10420)
17:55:58 [INFO] border is disabled for HWND(0x10420)
17:56:04 [INFO] border is disabled for HWND(0x10420)
17:56:21 [INFO] border is disabled for HWND(0x10420)
17:56:22 [INFO] border is disabled for HWND(0x10420)
17:56:33 [INFO] border is disabled for HWND(0x10420)
17:56:39 [INFO] border is disabled for HWND(0x10420)
17:56:43 [INFO] border is disabled for HWND(0x10420)
17:57:34 [INFO] border is disabled for HWND(0x10420)
17:57:42 [INFO] border is disabled for HWND(0x10420)
17:57:47 [INFO] border is disabled for HWND(0x10420)
17:57:54 [INFO] border is disabled for HWND(0x10420)
17:58:49 [INFO] border is disabled for HWND(0x10420)
17:59:08 [INFO] border is disabled for HWND(0x10420)
17:59:33 [INFO] border is disabled for HWND(0x10420)
17:59:37 [INFO] border is disabled for HWND(0x10420)
17:59:40 [INFO] border is disabled for HWND(0x10420)
18:00:18 [INFO] border is disabled for HWND(0x10420)
18:00:27 [INFO] border is disabled for HWND(0x10420)
18:01:08 [INFO] border is disabled for HWND(0x10420)
18:01:17 [INFO] border is disabled for HWND(0x10420)
18:01:23 [INFO] border is disabled for HWND(0x10420)
18:01:34 [INFO] border is disabled for HWND(0x10420)
18:02:40 [INFO] border is disabled for HWND(0x10420)
18:02:50 [INFO] border is disabled for HWND(0x10420)
18:04:33 [INFO] border is disabled for HWND(0x10420)
18:04:45 [INFO] border is disabled for HWND(0x10420)
18:07:34 [INFO] border is disabled for HWND(0x10420)
18:26:52 [INFO] border is disabled for HWND(0x10420)
18:28:24 [INFO] border is disabled for HWND(0x10420)
18:28:48 [INFO] border is disabled for HWND(0x10420)
18:29:07 [INFO] border is disabled for HWND(0x10420)
18:29:26 [INFO] border is disabled for HWND(0x10420)
18:29:42 [INFO] border is disabled for HWND(0x10420)
18:30:15 [INFO] border is disabled for HWND(0x10420)
18:30:17 [INFO] border is disabled for HWND(0x10420)
18:30:35 [INFO] border is disabled for HWND(0x10420)
18:30:36 [INFO] border is disabled for HWND(0x10420)
18:30:41 [INFO] border is disabled for HWND(0x10420)
18:32:00 [INFO] border is disabled for HWND(0x10420)
18:32:08 [INFO] border is disabled for HWND(0x10420)
18:32:41 [INFO] border is disabled for HWND(0x10420)
18:33:01 [INFO] border is disabled for HWND(0x10420)
18:33:11 [INFO] border is disabled for HWND(0x10420)
18:33:18 [INFO] border is disabled for HWND(0x10420)
18:33:56 [INFO] border is disabled for HWND(0x10420)
18:34:53 [INFO] border is disabled for HWND(0x10420)
18:35:44 [INFO] border is disabled for HWND(0x10420)
18:36:02 [INFO] border is disabled for HWND(0x10420)
18:36:41 [INFO] border is disabled for HWND(0x10420)
18:36:54 [INFO] border is disabled for HWND(0x10420)
18:38:37 [INFO] border is disabled for HWND(0x10420)
18:38:58 [INFO] border is disabled for HWND(0x10420)
18:39:21 [INFO] border is disabled for HWND(0x10420)
18:39:27 [INFO] border is disabled for HWND(0x10420)
18:39:52 [INFO] border is disabled for HWND(0x10420)
18:40:01 [INFO] border is disabled for HWND(0x10420)
18:40:40 [INFO] border is disabled for HWND(0x10420)
18:40:44 [INFO] border is disabled for HWND(0x10420)
18:41:00 [INFO] border is disabled for HWND(0x10420)
18:41:31 [INFO] border is disabled for HWND(0x10420)
18:41:46 [INFO] border is disabled for HWND(0x10420)
18:42:01 [INFO] border is disabled for HWND(0x10420)
18:42:06 [INFO] border is disabled for HWND(0x10420)
18:42:10 [INFO] border is disabled for HWND(0x10420)
18:42:14 [INFO] border is disabled for HWND(0x10420)
18:42:38 [INFO] border is disabled for HWND(0x10420)
18:42:47 [INFO] border is disabled for HWND(0x10420)
18:42:54 [INFO] border is disabled for HWND(0x10420)
18:42:56 [INFO] border is disabled for HWND(0x10420)
18:42:58 [INFO] border is disabled for HWND(0x10420)
18:43:19 [INFO] border is disabled for HWND(0x10420)
18:43:23 [INFO] border is disabled for HWND(0x10420)
18:43:32 [INFO] border is disabled for HWND(0x10420)
18:43:35 [INFO] border is disabled for HWND(0x10420)
18:43:50 [INFO] border is disabled for HWND(0x10420)
18:43:57 [INFO] border is disabled for HWND(0x10420)
18:44:09 [INFO] border is disabled for HWND(0x10420)
18:44:50 [INFO] border is disabled for HWND(0x10420)
18:45:00 [INFO] border is disabled for HWND(0x10420)
18:45:12 [INFO] border is disabled for HWND(0x10420)
18:46:02 [INFO] border is disabled for HWND(0x10420)
18:46:14 [INFO] border is disabled for HWND(0x10420)
18:46:51 [INFO] border is disabled for HWND(0x10420)
18:47:06 [INFO] border is disabled for HWND(0x10420)
18:47:18 [INFO] border is disabled for HWND(0x10420)
18:47:29 [INFO] border is disabled for HWND(0x10420)
18:48:22 [INFO] border is disabled for HWND(0x10420)
18:48:28 [INFO] border is disabled for HWND(0x20574)
18:49:00 [INFO] border is disabled for HWND(0x20574)
18:49:12 [INFO] border is disabled for HWND(0x10214)
18:49:12 [INFO] border is disabled for HWND(0x1024c)
18:50:23 [INFO] border is disabled for HWND(0x10420)
18:51:11 [ERROR] could not set window position for HWND(0x40782): Access is denied. (0x80070005)
18:51:11 [ERROR] could not set window position for HWND(0x40782): Access is denied. (0x80070005)
18:51:11 [ERROR] could not set window position for HWND(0x40782): Access is denied. (0x80070005)
18:51:11 [ERROR] could not set window position for HWND(0x10810): Access is denied. (0x80070005)
18:51:11 [ERROR] could not set window position for HWND(0x10810): Access is denied. (0x80070005)
18:51:12 [ERROR] could not set window position for HWND(0x10810): Access is denied. (0x80070005)
18:51:12 [ERROR] could not set window position for HWND(0x10810): Access is denied. (0x80070005)
18:51:12 [ERROR] could not set window position for HWND(0x10810): Access is denied. (0x80070005)
18:51:12 [ERROR] could not send animation timer message for HWND(0x10812): Invalid window handle. (0x80070578)
18:51:42 [ERROR] could not set window position for HWND(0xe0075a): Access is denied. (0x80070005)
18:51:42 [ERROR] could not set window position for HWND(0xe0075a): Access is denied. (0x80070005)
18:51:42 [ERROR] could not set window position for HWND(0xe0075a): Access is denied. (0x80070005)
18:51:42 [ERROR] could not set window position for HWND(0xe0075a): Access is denied. (0x80070005)
18:51:42 [ERROR] could not set window position for HWND(0xe0075a): Access is denied. (0x80070005)
18:51:42 [ERROR] could not set window position for HWND(0xe0075a): Access is denied. (0x80070005)
18:51:42 [ERROR] could not set window position for HWND(0x60786): Access is denied. (0x80070005)
18:51:42 [ERROR] could not set window position for HWND(0x60786): Access is denied. (0x80070005)
18:51:42 [ERROR] could not set window position for HWND(0x60786): Access is denied. (0x80070005)
18:52:15 [ERROR] could not get window rect for HWND(0x110600): The handle is invalid. (0x80070006)
18:52:25 [ERROR] could not set window position for HWND(0x940594): Access is denied. (0x80070005)
18:52:25 [ERROR] could not set window position for HWND(0x940594): Access is denied. (0x80070005)
18:52:25 [ERROR] could not set window position for HWND(0x940594): Access is denied. (0x80070005)
18:55:19 [INFO] border is disabled for HWND(0x1c05e0)
19:01:21 [ERROR] could not set window position for HWND(0x807e8): Access is denied. (0x80070005)
19:01:21 [ERROR] could not set window position for HWND(0x807e8): Access is denied. (0x80070005)
19:01:21 [ERROR] could not set window position for HWND(0x807e8): Access is denied. (0x80070005)
19:04:19 [ERROR] could not set window position for HWND(0x802ec): Access is denied. (0x80070005)
19:04:19 [ERROR] could not set window position for HWND(0x802ec): Access is denied. (0x80070005)
19:04:19 [ERROR] could not set window position for HWND(0x802ec): Access is denied. (0x80070005)
19:04:30 [INFO] border is disabled for HWND(0x10420)
19:04:49 [ERROR] could not set window position for HWND(0xe07fc): Access is denied. (0x80070005)
19:04:49 [ERROR] could not set window position for HWND(0xe07fc): Access is denied. (0x80070005)
19:04:49 [ERROR] could not set window position for HWND(0xe07fc): Access is denied. (0x80070005)
19:11:44 [INFO] border is disabled for HWND(0x10420)
19:11:50 [INFO] border is disabled for HWND(0x10420)
19:12:28 [ERROR] could not get window rect for HWND(0x9e0594): The handle is invalid. (0x80070006)
19:20:14 [INFO] border is disabled for HWND(0x10420)
19:28:48 [INFO] border is disabled for HWND(0x10420)
19:29:09 [INFO] border is disabled for HWND(0x10420)
19:29:10 [INFO] border is disabled for HWND(0x10420)
08:00:20 [INFO] starting tacky-borders
08:00:58 [INFO] border is disabled for HWND(0x103b4)
08:00:59 [INFO] border is disabled for HWND(0x103b4)
08:01:49 [INFO] border is disabled for HWND(0x10214)
08:01:49 [INFO] border is disabled for HWND(0x1024e)
08:08:11 [INFO] border is disabled for HWND(0x103b4)
08:13:09 [INFO] border is disabled for HWND(0x1b04ce)
08:13:16 [INFO] border is disabled for HWND(0x103b4)
08:37:10 [INFO] border is disabled for HWND(0x103b4)
08:52:50 [INFO] border is disabled for HWND(0x103b4)
09:00:21 [INFO] border is disabled for HWND(0x103b4)
09:15:53 [INFO] border is disabled for HWND(0x103b4)
09:16:20 [INFO] border is disabled for HWND(0x103b4)
09:17:35 [INFO] border is disabled for HWND(0x103b4)
09:44:52 [INFO] border is disabled for HWND(0x103b4)
09:45:04 [INFO] border is disabled for HWND(0x103b4)
09:46:44 [INFO] border is disabled for HWND(0x103b4)
09:46:50 [INFO] border is disabled for HWND(0x10214)
09:46:50 [INFO] border is disabled for HWND(0x1024e)
09:51:51 [INFO] border is disabled for HWND(0x103b4)
10:35:08 [INFO] border is disabled for HWND(0x103b4)
12:01:16 [INFO] border is disabled for HWND(0x10214)
12:01:16 [INFO] border is disabled for HWND(0x1024e)
12:01:20 [INFO] border is disabled for HWND(0x10214)
12:01:20 [INFO] border is disabled for HWND(0x1024e)
12:08:51 [INFO] border is disabled for HWND(0x103b4)
12:08:54 [INFO] border is disabled for HWND(0x103b4)
12:12:21 [INFO] border is disabled for HWND(0xc0814)
12:12:21 [INFO] border is disabled for HWND(0xc0814)
13:00:40 [INFO] border is disabled for HWND(0x103b4)
13:00:41 [INFO] border is disabled for HWND(0x103b4)
13:00:46 [ERROR] could not get window rect for HWND(0x507f8): The handle is invalid. (0x80070006)
16:27:49 [INFO] starting tacky-borders
16:27:51 [INFO] border is disabled for HWND(0x10436)
16:28:22 [INFO] border is disabled for HWND(0x10436)
16:31:37 [INFO] border is disabled for HWND(0x10436)
16:31:55 [INFO] border is disabled for HWND(0x10436)
16:33:27 [INFO] border is disabled for HWND(0x10436)
16:33:29 [INFO] border is disabled for HWND(0x10436)
16:33:30 [INFO] border is disabled for HWND(0x10436)
16:33:41 [INFO] border is disabled for HWND(0x10436)
16:33:42 [INFO] border is disabled for HWND(0x10436)
16:33:44 [INFO] border is disabled for HWND(0x10436)
16:33:46 [INFO] border is disabled for HWND(0x10436)
16:43:23 [INFO] border is disabled for HWND(0x10436)
16:43:24 [INFO] border is disabled for HWND(0x10436)
16:46:35 [INFO] border is disabled for HWND(0x10436)
16:47:43 [INFO] border is disabled for HWND(0x1022e)
16:47:43 [INFO] border is disabled for HWND(0x10254)
16:48:18 [INFO] border is disabled for HWND(0x1022e)
16:48:18 [INFO] border is disabled for HWND(0x10254)
16:50:19 [INFO] border is disabled for HWND(0x10436)
16:51:17 [INFO] border is disabled for HWND(0x10436)
16:55:46 [INFO] border is disabled for HWND(0x1022e)
16:55:46 [INFO] border is disabled for HWND(0x10254)
16:57:15 [INFO] border is disabled for HWND(0x1022e)
16:57:15 [INFO] border is disabled for HWND(0x10254)
17:08:26 [INFO] border is disabled for HWND(0x10436)
17:08:32 [INFO] border is disabled for HWND(0x10436)
17:08:42 [INFO] border is disabled for HWND(0x10436)
17:08:52 [INFO] border is disabled for HWND(0x10436)
17:46:57 [INFO] border is disabled for HWND(0x10436)
17:47:08 [INFO] border is disabled for HWND(0x10436)
17:47:12 [ERROR] could not resize render_target: The requested size is larger than the guaranteed supported texture size at the Direct3D device's current feature level. (0x8899001D)
17:48:14 [INFO] border is disabled for HWND(0x10436)
17:48:28 [INFO] border is disabled for HWND(0x10436)
17:49:03 [INFO] border is disabled for HWND(0x10436)
17:49:18 [INFO] border is disabled for HWND(0x10436)
17:50:49 [INFO] border is disabled for HWND(0x10436)
17:51:01 [INFO] border is disabled for HWND(0x10436)
17:51:43 [INFO] border is disabled for HWND(0x10436)
17:51:49 [INFO] border is disabled for HWND(0x10436)
17:52:09 [INFO] border is disabled for HWND(0x10436)
17:52:43 [INFO] border is disabled for HWND(0x10436)
17:52:53 [ERROR] could not set window position for HWND(0x5081a): Access is denied. (0x80070005)
17:52:53 [ERROR] could not set window position for HWND(0x5081a): Access is denied. (0x80070005)
17:52:53 [ERROR] could not send animation timer message for HWND(0x404e8): Invalid window handle. (0x80070578)
17:52:53 [INFO] border is disabled for HWND(0x5087e)
17:52:58 [INFO] border is disabled for HWND(0x10436)
17:53:05 [ERROR] could not get window rect for HWND(0x100788): The handle is invalid. (0x80070006)
17:54:12 [INFO] starting tacky-borders
17:54:14 [INFO] border is disabled for HWND(0x10414)
17:54:22 [INFO] border is disabled for HWND(0x10414)
17:54:55 [INFO] border is disabled for HWND(0x10414)
17:55:08 [INFO] border is disabled for HWND(0x10414)
17:55:49 [INFO] border is disabled for HWND(0x10414)
17:56:01 [INFO] border is disabled for HWND(0x10414)
17:56:06 [INFO] border is disabled for HWND(0x10414)
17:56:23 [INFO] border is disabled for HWND(0x10414)
17:56:45 [INFO] border is disabled for HWND(0x10414)
17:57:24 [INFO] border is disabled for HWND(0x10414)
17:57:32 [INFO] border is disabled for HWND(0x201aa)
17:57:32 [INFO] border is disabled for HWND(0x30034)
17:57:37 [INFO] border is disabled for HWND(0x10414)
17:57:58 [INFO] border is disabled for HWND(0x10414)
17:58:38 [INFO] border is disabled for HWND(0x201aa)
17:58:38 [INFO] border is disabled for HWND(0x30034)
17:58:39 [INFO] border is disabled for HWND(0x201aa)
17:58:39 [INFO] border is disabled for HWND(0x30034)
17:58:49 [INFO] border is disabled for HWND(0x201aa)
17:58:49 [INFO] border is disabled for HWND(0x30034)
17:58:53 [INFO] border is disabled for HWND(0x10414)
17:59:07 [INFO] border is disabled for HWND(0x10414)
17:59:22 [INFO] border is disabled for HWND(0x10414)
17:59:33 [INFO] border is disabled for HWND(0x10414)
17:59:42 [INFO] border is disabled for HWND(0x10414)
18:01:00 [INFO] border is disabled for HWND(0x10414)
18:01:06 [ERROR] could not set window position for HWND(0x120464): Access is denied. (0x80070005)
18:01:06 [ERROR] could not set window position for HWND(0x120464): Access is denied. (0x80070005)
18:01:06 [ERROR] could not send animation timer message for HWND(0x70546): Invalid window handle. (0x80070578)
18:01:06 [INFO] border is disabled for HWND(0x1061c)
18:01:27 [ERROR] could not set window position for HWND(0x510186): Access is denied. (0x80070005)
18:01:27 [ERROR] could not set window position for HWND(0x510186): Access is denied. (0x80070005)
18:01:27 [ERROR] could not send animation timer message for HWND(0x10766): Invalid window handle. (0x80070578)
18:01:51 [INFO] border is disabled for HWND(0x10414)
18:01:55 [INFO] border is disabled for HWND(0x10414)
18:02:01 [INFO] border is disabled for HWND(0x10414)
18:02:56 [INFO] border is disabled for HWND(0x10414)
18:03:16 [ERROR] could not get window rect for HWND(0x20834): The handle is invalid. (0x80070006)
18:05:07 [INFO] border is disabled for HWND(0x30562)
18:05:08 [INFO] border is disabled for HWND(0x30562)
18:05:18 [INFO] border is disabled for HWND(0x10414)
18:06:43 [INFO] border is disabled for HWND(0x10414)
18:06:49 [ERROR] could not set window position for HWND(0x607ee): Access is denied. (0x80070005)
18:06:49 [ERROR] could not set window position for HWND(0x607ee): Access is denied. (0x80070005)
18:06:49 [ERROR] could not send animation timer message for HWND(0x407ec): Invalid window handle. (0x80070578)
18:06:51 [INFO] border is disabled for HWND(0x10414)
18:09:06 [INFO] border is disabled for HWND(0x10414)
18:09:54 [INFO] border is disabled for HWND(0x10414)
18:10:32 [INFO] border is disabled for HWND(0x10414)
18:10:52 [ERROR] could not get window rect for HWND(0x116004e): The handle is invalid. (0x80070006)
18:11:38 [INFO] border is disabled for HWND(0x502bc)
18:11:38 [INFO] border is disabled for HWND(0x11403ce)
18:11:42 [INFO] border is disabled for HWND(0x502bc)
18:11:42 [INFO] border is disabled for HWND(0x11403ce)
18:12:06 [INFO] border is disabled for HWND(0x502bc)
18:12:06 [INFO] border is disabled for HWND(0x11403ce)
18:12:36 [INFO] border is disabled for HWND(0x502bc)
18:12:36 [INFO] border is disabled for HWND(0x11403ce)
18:12:43 [INFO] border is disabled for HWND(0x502bc)
18:12:43 [INFO] border is disabled for HWND(0x11403ce)
18:13:18 [INFO] border is disabled for HWND(0x10414)
18:13:33 [INFO] border is disabled for HWND(0x10414)
18:13:49 [INFO] border is disabled for HWND(0x30562)
18:15:34 [INFO] border is disabled for HWND(0x30562)
18:15:38 [INFO] border is disabled for HWND(0x30562)
18:16:13 [INFO] border is disabled for HWND(0x30562)
18:16:58 [INFO] border is disabled for HWND(0x502bc)
18:16:58 [INFO] border is disabled for HWND(0x11403ce)
18:17:02 [INFO] border is disabled for HWND(0x502bc)
18:17:02 [INFO] border is disabled for HWND(0x11403ce)
18:17:03 [INFO] border is disabled for HWND(0x502bc)
18:17:03 [INFO] border is disabled for HWND(0x11403ce)
18:17:05 [INFO] border is disabled for HWND(0x502bc)
18:17:05 [INFO] border is disabled for HWND(0x11403ce)
18:17:06 [INFO] border is disabled for HWND(0x502bc)
18:17:06 [INFO] border is disabled for HWND(0x11403ce)
18:17:07 [INFO] border is disabled for HWND(0x502bc)
18:17:07 [INFO] border is disabled for HWND(0x11403ce)
18:17:29 [INFO] border is disabled for HWND(0x10414)
18:17:32 [ERROR] could not set window position for HWND(0x1cd08a6): Access is denied. (0x80070005)
18:17:32 [ERROR] could not set window position for HWND(0x1cd08a6): Access is denied. (0x80070005)
18:17:32 [ERROR] could not send animation timer message for HWND(0x210094): Invalid window handle. (0x80070578)
18:18:46 [INFO] border is disabled for HWND(0x10414)
18:18:52 [INFO] border is disabled for HWND(0x10414)
18:18:57 [INFO] border is disabled for HWND(0x10414)
18:18:58 [INFO] border is disabled for HWND(0x10414)
18:18:59 [INFO] border is disabled for HWND(0x10414)
18:19:00 [INFO] border is disabled for HWND(0x10414)
18:19:03 [INFO] border is disabled for HWND(0x10414)
18:19:09 [INFO] border is disabled for HWND(0x10414)
18:19:09 [INFO] border is disabled for HWND(0x10414)
18:19:10 [INFO] border is disabled for HWND(0x10414)
18:24:58 [INFO] border is disabled for HWND(0x10414)
18:25:32 [INFO] border is disabled for HWND(0x502bc)
18:25:32 [INFO] border is disabled for HWND(0x11403ce)
19:20:41 [ERROR] could not get window rect for HWND(0x706f4): The handle is invalid. (0x80070006)
19:26:22 [INFO] border is disabled for HWND(0x10414)
19:33:16 [INFO] border is disabled for HWND(0x502bc)
19:33:16 [INFO] border is disabled for HWND(0x11403ce)
19:33:27 [INFO] border is disabled for HWND(0x20b4a)
19:34:10 [INFO] border is disabled for HWND(0x10414)
19:35:58 [INFO] border is disabled for HWND(0x20012e)
19:36:32 [INFO] border is disabled for HWND(0x10414)
19:36:37 [ERROR] could not get window rect for HWND(0x30b66): The handle is invalid. (0x80070006)
16:31:46 [INFO] starting tacky-borders
16:31:48 [INFO] border is disabled for HWND(0x1042e)
16:32:39 [INFO] border is disabled for HWND(0x1042e)
16:32:44 [ERROR] could not resize render_target: The requested size is larger than the guaranteed supported texture size at the Direct3D device's current feature level. (0x8899001D)
16:41:53 [INFO] border is disabled for HWND(0x1042e)
16:41:55 [INFO] border is disabled for HWND(0x1042e)
16:45:16 [INFO] border is disabled for HWND(0x1042e)
16:45:36 [INFO] border is disabled for HWND(0x1042e)
16:45:56 [INFO] border is disabled for HWND(0x10232)
16:45:56 [INFO] border is disabled for HWND(0x1025a)
16:51:57 [INFO] border is disabled for HWND(0x1042e)
16:53:15 [INFO] border is disabled for HWND(0x10232)
16:53:15 [INFO] border is disabled for HWND(0x1025a)
16:53:16 [INFO] border is disabled for HWND(0x10232)
16:53:16 [INFO] border is disabled for HWND(0x1025a)
16:53:17 [INFO] border is disabled for HWND(0x10232)
16:53:17 [INFO] border is disabled for HWND(0x1025a)
16:59:02 [INFO] border is disabled for HWND(0x10232)
16:59:02 [INFO] border is disabled for HWND(0x1025a)
16:59:05 [INFO] border is disabled for HWND(0x1042e)
16:59:09 [INFO] border is disabled for HWND(0x10232)
16:59:09 [INFO] border is disabled for HWND(0x1025a)
16:59:10 [INFO] border is disabled for HWND(0x1042e)
17:07:21 [INFO] border is disabled for HWND(0x1042e)
17:07:24 [INFO] border is disabled for HWND(0x1042e)
17:08:56 [INFO] border is disabled for HWND(0x10232)
17:08:56 [INFO] border is disabled for HWND(0x1025a)
17:11:59 [INFO] border is disabled for HWND(0x1042e)
17:15:35 [INFO] border is disabled for HWND(0x1042e)
17:17:08 [INFO] border is disabled for HWND(0x1042e)
17:17:32 [INFO] border is disabled for HWND(0x1042e)
17:17:34 [INFO] border is disabled for HWND(0x1042e)
17:19:41 [INFO] border is disabled for HWND(0x1042e)
17:23:32 [INFO] border is disabled for HWND(0x1042e)
17:30:29 [INFO] border is disabled for HWND(0x1042e)
17:30:40 [INFO] border is disabled for HWND(0x1042e)
17:36:53 [INFO] border is disabled for HWND(0x1042e)
17:38:22 [INFO] border is disabled for HWND(0x10232)
17:38:22 [INFO] border is disabled for HWND(0x1025a)
17:45:50 [INFO] border is disabled for HWND(0x407c8)
17:50:00 [INFO] border is disabled for HWND(0x407c8)
17:55:12 [INFO] border is disabled for HWND(0x407c8)
17:59:45 [INFO] border is disabled for HWND(0x407c8)
18:01:00 [INFO] border is disabled for HWND(0x407c8)
18:25:18 [INFO] border is disabled for HWND(0x1042e)
18:25:27 [INFO] border is disabled for HWND(0x407c8)
18:25:27 [ERROR] could not set window position for HWND(0x20848): Access is denied. (0x80070005)
18:25:27 [ERROR] could not set window position for HWND(0x20848): Access is denied. (0x80070005)
18:25:27 [ERROR] could not send animation timer message for HWND(0x40824): Invalid window handle. (0x80070578)
18:25:29 [ERROR] could not set window position for HWND(0x20874): Access is denied. (0x80070005)
18:25:29 [ERROR] could not set window position for HWND(0x20874): Access is denied. (0x80070005)
18:25:29 [ERROR] could not send animation timer message for HWND(0x10896): Invalid window handle. (0x80070578)
18:26:13 [ERROR] could not set window position for HWND(0x3408cc): Access is denied. (0x80070005)
18:26:13 [ERROR] could not set window position for HWND(0x3408cc): Access is denied. (0x80070005)
18:26:13 [ERROR] could not send animation timer message for HWND(0x2091c): Invalid window handle. (0x80070578)
18:26:22 [ERROR] could not set window position for HWND(0x10928): Access is denied. (0x80070005)
18:26:22 [ERROR] could not set window position for HWND(0x10928): Access is denied. (0x80070005)
18:26:22 [ERROR] could not send animation timer message for HWND(0x10950): Invalid window handle. (0x80070578)
18:27:00 [ERROR] could not get window rect for HWND(0x50912): The handle is invalid. (0x80070006)
18:34:08 [INFO] border is disabled for HWND(0x1042e)
18:36:26 [INFO] border is disabled for HWND(0x1042e)
19:16:15 [ERROR] could not get window rect for HWND(0x40802): The handle is invalid. (0x80070006)
19:16:23 [INFO] border is disabled for HWND(0x1042e)
19:21:07 [INFO] border is disabled for HWND(0x1042e)
19:21:11 [INFO] border is disabled for HWND(0x1042e)
19:21:28 [ERROR] could not get window rect for HWND(0x260878): The handle is invalid. (0x80070006)
19:21:31 [INFO] border is disabled for HWND(0x1042e)
19:21:36 [ERROR] could not get window rect for HWND(0x3e08d2): The handle is invalid. (0x80070006)
19:21:37 [INFO] border is disabled for HWND(0x1042e)
19:21:44 [ERROR] could not get window rect for HWND(0x70682): The handle is invalid. (0x80070006)
19:21:50 [INFO] border is disabled for HWND(0x1042e)
19:21:52 [ERROR] could not get window rect for HWND(0x2a0878): The handle is invalid. (0x80070006)
19:23:13 [INFO] starting tacky-borders
19:23:15 [INFO] border is disabled for HWND(0x1040c)
15:32:40 [INFO] starting tacky-borders
15:32:56 [INFO] border is disabled for HWND(0x110416)
15:34:12 [INFO] border is disabled for HWND(0x110416)
15:34:37 [ERROR] could not get window rect for HWND(0x7056a): The handle is invalid. (0x80070006)
15:35:06 [ERROR] could not set window position for HWND(0xc0560): Access is denied. (0x80070005)
15:35:06 [ERROR] could not set window position for HWND(0xc0560): Access is denied. (0x80070005)
15:35:06 [ERROR] could not set window position for HWND(0xc0560): Access is denied. (0x80070005)
15:35:51 [INFO] border is disabled for HWND(0x110416)
15:36:32 [ERROR] could not set window position for HWND(0xb05d0): Access is denied. (0x80070005)
15:36:32 [ERROR] could not set window position for HWND(0xb05d0): Access is denied. (0x80070005)
15:36:32 [ERROR] could not send animation timer message for HWND(0x205ec): Invalid window handle. (0x80070578)
15:36:32 [INFO] border is disabled for HWND(0x205fa)
15:36:36 [ERROR] could not set window position for HWND(0x20602): Access is denied. (0x80070005)
15:36:36 [ERROR] could not set window position for HWND(0x20602): Access is denied. (0x80070005)
15:36:36 [ERROR] could not set window position for HWND(0x20602): Access is denied. (0x80070005)
15:36:53 [ERROR] could not set window position for HWND(0x20670): Access is denied. (0x80070005)
15:36:53 [ERROR] could not set window position for HWND(0x20670): Access is denied. (0x80070005)
15:36:53 [ERROR] could not set window position for HWND(0x20670): Access is denied. (0x80070005)
15:37:38 [ERROR] could not set window position for HWND(0xb063c): Access is denied. (0x80070005)
15:37:38 [ERROR] could not set window position for HWND(0xb063c): Access is denied. (0x80070005)
15:37:38 [ERROR] could not set window position for HWND(0xb063c): Access is denied. (0x80070005)
15:37:47 [ERROR] could not set window position for HWND(0xd056a): Access is denied. (0x80070005)
15:37:47 [ERROR] could not set window position for HWND(0xd056a): Access is denied. (0x80070005)
15:37:47 [ERROR] could not send animation timer message for HWND(0x405d4): Invalid window handle. (0x80070578)
15:38:32 [ERROR] could not set window position for HWND(0x803d6): Access is denied. (0x80070005)
15:38:32 [ERROR] could not set window position for HWND(0x803d6): Access is denied. (0x80070005)
15:38:32 [ERROR] could not send animation timer message for HWND(0x40228): Invalid window handle. (0x80070578)
15:39:13 [ERROR] could not set window position for HWND(0x905de): Access is denied. (0x80070005)
15:39:22 [ERROR] could not set window position for HWND(0x905ba): Access is denied. (0x80070005)
15:39:22 [ERROR] could not set window position for HWND(0x905ba): Access is denied. (0x80070005)
15:39:22 [ERROR] could not set window position for HWND(0x905ba): Access is denied. (0x80070005)
15:40:00 [ERROR] could not set window position for HWND(0x150410): Access is denied. (0x80070005)
15:40:00 [ERROR] could not set window position for HWND(0x150410): Access is denied. (0x80070005)
15:40:00 [ERROR] could not set window position for HWND(0x150410): Access is denied. (0x80070005)
15:40:00 [ERROR] could not set window position for HWND(0x150410): Access is denied. (0x80070005)
15:40:00 [ERROR] could not set window position for HWND(0x150410): Access is denied. (0x80070005)
15:40:00 [ERROR] could not set window position for HWND(0x150410): Access is denied. (0x80070005)
15:40:00 [ERROR] could not set window position for HWND(0x90668): Access is denied. (0x80070005)
15:40:00 [ERROR] could not set window position for HWND(0x90668): Access is denied. (0x80070005)
15:40:00 [ERROR] could not set window position for HWND(0x90668): Access is denied. (0x80070005)
15:45:15 [INFO] border is disabled for HWND(0x110416)
15:45:17 [ERROR] could not get window rect for HWND(0xe03f2): The handle is invalid. (0x80070006)
15:46:25 [INFO] starting tacky-borders
16:46:35 [ERROR] could not set window position for HWND(0xc025e): Access is denied. (0x80070005)
16:46:35 [ERROR] could not set window position for HWND(0xc025e): Access is denied. (0x80070005)
16:46:35 [ERROR] could not send animation timer message for HWND(0x30022): Invalid window handle. (0x80070578)
16:46:35 [INFO] border is disabled for HWND(0x10568)
16:47:39 [ERROR] could not set window position for HWND(0x304a8): Access is denied. (0x80070005)
16:47:39 [ERROR] could not set window position for HWND(0x304a8): Access is denied. (0x80070005)
16:47:39 [ERROR] could not send animation timer message for HWND(0xc047c): Invalid window handle. (0x80070578)
16:57:47 [INFO] border is disabled for HWND(0x10232)
16:57:47 [INFO] border is disabled for HWND(0x1024e)
16:57:49 [INFO] border is disabled for HWND(0x10232)
16:57:49 [INFO] border is disabled for HWND(0x1024e)
16:57:55 [INFO] border is disabled for HWND(0x10232)
16:57:55 [INFO] border is disabled for HWND(0x1024e)
16:57:56 [INFO] border is disabled for HWND(0x10232)
16:57:56 [INFO] border is disabled for HWND(0x1024e)
16:58:06 [INFO] border is disabled for HWND(0x10232)
16:58:06 [INFO] border is disabled for HWND(0x1024e)
17:01:34 [INFO] starting tacky-borders
17:01:35 [INFO] border is disabled for HWND(0x1041e)
17:02:20 [INFO] border is disabled for HWND(0x1041e)
17:02:40 [INFO] border is disabled for HWND(0x1041e)
17:02:43 [INFO] border is disabled for HWND(0x10232)
17:02:43 [INFO] border is disabled for HWND(0x10264)
17:03:35 [ERROR] could not set window position for HWND(0x5026c): Access is denied. (0x80070005)
17:03:35 [ERROR] could not set window position for HWND(0x5026c): Access is denied. (0x80070005)
17:03:35 [ERROR] could not set window position for HWND(0x5026c): Access is denied. (0x80070005)
17:03:35 [ERROR] could not set window position for HWND(0x5026c): Access is denied. (0x80070005)
17:03:35 [ERROR] could not set window position for HWND(0x5026c): Access is denied. (0x80070005)
17:03:35 [ERROR] could not set window position for HWND(0x5026c): Access is denied. (0x80070005)
17:03:35 [ERROR] could not set window position for HWND(0x404dc): Access is denied. (0x80070005)
17:03:35 [ERROR] could not set window position for HWND(0x404dc): Access is denied. (0x80070005)
17:03:35 [ERROR] could not set window position for HWND(0x404dc): Access is denied. (0x80070005)
17:03:35 [INFO] border is disabled for HWND(0x1054a)
17:03:58 [INFO] border is disabled for HWND(0x1041e)
17:04:30 [INFO] border is disabled for HWND(0x1041e)
17:04:45 [INFO] border is disabled for HWND(0x1041e)
17:09:04 [INFO] border is disabled for HWND(0x1041e)
17:09:39 [INFO] border is disabled for HWND(0x1041e)
17:11:01 [INFO] border is disabled for HWND(0x1054a)
17:11:04 [INFO] border is disabled for HWND(0x1054a)
17:11:24 [INFO] border is disabled for HWND(0x10232)
17:11:24 [INFO] border is disabled for HWND(0x10264)
17:11:26 [INFO] border is disabled for HWND(0x10232)
17:15:38 [INFO] border is disabled for HWND(0x1054a)
17:19:02 [INFO] border is disabled for HWND(0x1041e)
17:20:45 [ERROR] could not set window position for HWND(0x3005d6): Access is denied. (0x80070005)
17:20:45 [ERROR] could not set window position for HWND(0x3005d6): Access is denied. (0x80070005)
17:20:45 [ERROR] could not send animation timer message for HWND(0x10694): Invalid window handle. (0x80070578)
17:22:11 [INFO] border is disabled for HWND(0x1041e)
17:24:46 [INFO] border is disabled for HWND(0x1041e)
17:24:52 [ERROR] could not set window position for HWND(0xe05a6): Access is denied. (0x80070005)
17:24:52 [ERROR] could not set window position for HWND(0xe05a6): Access is denied. (0x80070005)
17:24:52 [ERROR] could not set window position for HWND(0xe05a6): Access is denied. (0x80070005)
17:25:07 [INFO] border is disabled for HWND(0x1054a)
17:28:09 [INFO] border is disabled for HWND(0x1041e)
17:28:17 [INFO] border is disabled for HWND(0x1054a)
17:34:30 [INFO] border is disabled for HWND(0x1041e)
17:34:32 [INFO] border is disabled for HWND(0x1041e)
17:34:37 [INFO] border is disabled for HWND(0x1041e)
17:37:43 [INFO] border is disabled for HWND(0x1041e)
17:38:06 [INFO] border is disabled for HWND(0x1041e)
17:42:01 [INFO] border is disabled for HWND(0x10232)
17:42:01 [INFO] border is disabled for HWND(0x10264)
17:50:00 [INFO] border is disabled for HWND(0x1054a)
17:51:13 [INFO] border is disabled for HWND(0x1054a)
17:51:43 [INFO] border is disabled for HWND(0x10232)
17:51:43 [INFO] border is disabled for HWND(0x10264)
17:51:45 [INFO] border is disabled for HWND(0x10232)
17:51:45 [INFO] border is disabled for HWND(0x10264)
17:53:42 [INFO] border is disabled for HWND(0x1054a)
17:58:17 [INFO] border is disabled for HWND(0x1054a)
18:00:10 [INFO] border is disabled for HWND(0x1054a)
18:01:00 [INFO] border is disabled for HWND(0x1054a)
18:05:21 [INFO] border is disabled for HWND(0x1041e)
18:05:23 [ERROR] could not set window position for HWND(0x2e069e): Access is denied. (0x80070005)
18:05:23 [ERROR] could not set window position for HWND(0x2e069e): Access is denied. (0x80070005)
18:05:23 [ERROR] could not send animation timer message for HWND(0x340582): Invalid window handle. (0x80070578)
18:05:28 [INFO] border is disabled for HWND(0x1041e)
18:07:22 [INFO] border is disabled for HWND(0x1054a)
18:08:32 [INFO] border is disabled for HWND(0x1054a)
18:09:11 [INFO] border is disabled for HWND(0x1054a)
18:13:27 [INFO] border is disabled for HWND(0x1041e)
18:13:39 [INFO] border is disabled for HWND(0x1041e)
18:23:52 [INFO] border is disabled for HWND(0x1041e)
18:30:37 [INFO] border is disabled for HWND(0x1054a)
18:39:34 [INFO] border is disabled for HWND(0x1041e)
18:49:23 [INFO] border is disabled for HWND(0x1041e)
18:58:12 [INFO] border is disabled for HWND(0x1041e)
18:58:37 [INFO] border is disabled for HWND(0x1054a)
18:58:39 [INFO] border is disabled for HWND(0x1041e)
19:01:48 [INFO] border is disabled for HWND(0x1041e)
19:01:53 [INFO] border is disabled for HWND(0x1041e)
19:03:13 [INFO] border is disabled for HWND(0x1054a)
19:07:29 [INFO] border is disabled for HWND(0x1054a)
19:11:40 [INFO] border is disabled for HWND(0x1054a)
19:13:12 [INFO] border is disabled for HWND(0x1054a)
19:16:32 [INFO] border is disabled for HWND(0x1041e)
19:29:16 [INFO] border is disabled for HWND(0x1041e)
19:38:10 [INFO] border is disabled for HWND(0x1054a)
19:39:16 [INFO] border is disabled for HWND(0x1041e)
19:40:23 [INFO] border is disabled for HWND(0x1041e)
19:42:44 [INFO] border is disabled for HWND(0x1041e)
19:42:51 [INFO] border is disabled for HWND(0x1041e)
19:48:08 [INFO] border is disabled for HWND(0x1041e)
19:48:10 [ERROR] could not get window rect for HWND(0xb08de): The handle is invalid. (0x80070006)
16:54:08 [INFO] starting tacky-borders
16:54:24 [INFO] border is disabled for HWND(0x10410)
16:55:24 [INFO] border is disabled for HWND(0x10410)
17:25:41 [INFO] border is disabled for HWND(0x10410)
17:59:30 [INFO] border is disabled for HWND(0x10218)
17:59:30 [INFO] border is disabled for HWND(0x10250)
18:01:27 [INFO] border is disabled for HWND(0x10218)
18:01:27 [INFO] border is disabled for HWND(0x10250)
18:42:27 [INFO] border is disabled for HWND(0x10410)
18:47:49 [INFO] border is disabled for HWND(0x10410)
18:47:50 [INFO] border is disabled for HWND(0x10410)
18:47:52 [INFO] border is disabled for HWND(0x10410)
18:47:53 [INFO] border is disabled for HWND(0x10410)
18:47:54 [INFO] border is disabled for HWND(0x10410)
18:47:55 [INFO] border is disabled for HWND(0x10410)
18:47:58 [INFO] border is disabled for HWND(0x10410)
18:47:59 [INFO] border is disabled for HWND(0x10410)
18:48:07 [INFO] border is disabled for HWND(0x10410)
18:54:52 [INFO] border is disabled for HWND(0x10410)
18:55:23 [ERROR] could not get window rect for HWND(0x602fa): The handle is invalid. (0x80070006)
18:09:17 [INFO] starting tacky-borders
18:09:18 [INFO] border is disabled for HWND(0x703fe)
18:16:26 [INFO] border is disabled for HWND(0x703fe)
18:47:20 [INFO] border is disabled for HWND(0x703fe)
20:10:59 [INFO] border is disabled for HWND(0x703fe)
20:12:34 [INFO] border is disabled for HWND(0x703fe)
20:12:36 [INFO] border is disabled for HWND(0x703fe)
20:12:36 [ERROR] could not get window rect for HWND(0x40554): The handle is invalid. (0x80070006)
20:12:37 [INFO] border is disabled for HWND(0x703fe)
20:12:40 [ERROR] could not get window rect for HWND(0x20588): The handle is invalid. (0x80070006)
20:12:41 [ERROR] could not get window rect for HWND(0x20594): The handle is invalid. (0x80070006)
08:32:39 [INFO] starting tacky-borders
08:32:41 [INFO] border is disabled for HWND(0x10424)
08:33:44 [INFO] border is disabled for HWND(0x10424)
08:33:49 [INFO] border is disabled for HWND(0x10424)
08:33:52 [INFO] border is disabled for HWND(0x10424)
08:42:42 [INFO] border is disabled for HWND(0x10424)
08:42:50 [INFO] border is disabled for HWND(0x10424)
08:42:52 [INFO] border is disabled for HWND(0x10424)
08:42:53 [INFO] border is disabled for HWND(0x10424)
08:42:54 [INFO] border is disabled for HWND(0x10424)
08:42:55 [INFO] border is disabled for HWND(0x10424)
08:42:55 [INFO] border is disabled for HWND(0x10424)
08:42:56 [INFO] border is disabled for HWND(0x10424)
08:50:55 [INFO] border is disabled for HWND(0x10424)
08:51:14 [INFO] border is disabled for HWND(0x10632)
08:51:15 [INFO] border is disabled for HWND(0x10632)
08:51:17 [ERROR] could not get window rect for HWND(0x305c6): The handle is invalid. (0x80070006)
08:51:56 [INFO] border is disabled for HWND(0x10424)
08:55:00 [INFO] border is disabled for HWND(0x10632)
09:06:00 [INFO] border is disabled for HWND(0x10632)
09:33:32 [INFO] border is disabled for HWND(0x10632)
09:44:57 [ERROR] could not get window rect for HWND(0x8505a4): The handle is invalid. (0x80070006)
09:47:11 [INFO] border is disabled for HWND(0x1022c)
09:47:11 [INFO] border is disabled for HWND(0x1024e)
10:03:18 [INFO] border is disabled for HWND(0x10632)
10:03:38 [INFO] border is disabled for HWND(0x10632)
10:05:35 [INFO] border is disabled for HWND(0x1022c)
10:05:35 [INFO] border is disabled for HWND(0x1024e)
10:11:22 [INFO] border is disabled for HWND(0x10424)
10:17:47 [INFO] border is disabled for HWND(0x10424)
10:20:51 [INFO] border is disabled for HWND(0x10424)
11:03:26 [INFO] border is disabled for HWND(0x10632)
11:07:58 [INFO] border is disabled for HWND(0x10632)
11:13:14 [INFO] border is disabled for HWND(0x10632)
11:36:15 [INFO] border is disabled for HWND(0x10424)
11:43:00 [ERROR] could not get window rect for HWND(0xe0786): The handle is invalid. (0x80070006)
11:58:54 [INFO] border is disabled for HWND(0x10424)
11:58:58 [INFO] border is disabled for HWND(0x10632)
11:59:01 [ERROR] could not get window rect for HWND(0x330788): The handle is invalid. (0x80070006)
12:03:55 [INFO] border is disabled for HWND(0x10632)
12:13:51 [INFO] border is disabled for HWND(0x10632)
12:14:57 [INFO] border is disabled for HWND(0x10632)
12:18:56 [INFO] border is disabled for HWND(0x10632)
12:26:14 [INFO] border is disabled for HWND(0x10632)
12:28:04 [INFO] border is disabled for HWND(0x10632)
12:36:31 [INFO] border is disabled for HWND(0x10632)
12:37:23 [INFO] border is disabled for HWND(0x10632)
12:37:42 [INFO] border is disabled for HWND(0x10632)
12:38:39 [INFO] border is disabled for HWND(0x10632)
12:39:15 [INFO] border is disabled for HWND(0x10632)
12:39:59 [INFO] border is disabled for HWND(0x10632)
12:42:28 [INFO] border is disabled for HWND(0x10632)
12:46:10 [ERROR] could not get window rect for HWND(0x707dc): The handle is invalid. (0x80070006)
12:46:16 [INFO] border is disabled for HWND(0x10424)
12:48:26 [INFO] border is disabled for HWND(0x10424)
12:48:31 [ERROR] could not get window rect for HWND(0x2c088e): The handle is invalid. (0x80070006)
12:51:24 [ERROR] could not get window rect for HWND(0xe07da): The handle is invalid. (0x80070006)
12:52:17 [INFO] border is disabled for HWND(0x10424)
12:52:22 [ERROR] could not get window rect for HWND(0x3708b4): The handle is invalid. (0x80070006)
12:58:54 [INFO] border is disabled for HWND(0x10424)
12:58:55 [ERROR] could not get window rect for HWND(0x1907e2): The handle is invalid. (0x80070006)
12:58:56 [INFO] border is disabled for HWND(0x10424)
12:59:01 [ERROR] could not get window rect for HWND(0x1108e0): The handle is invalid. (0x80070006)
13:00:47 [INFO] border is disabled for HWND(0x1022c)
13:00:47 [INFO] border is disabled for HWND(0x1024e)
13:00:54 [ERROR] could not get window rect for HWND(0x24082c): The handle is invalid. (0x80070006)
13:00:57 [INFO] border is disabled for HWND(0x10424)
13:01:03 [ERROR] could not get window rect for HWND(0x2408fe): The handle is invalid. (0x80070006)
13:06:44 [INFO] border is disabled for HWND(0x10632)
13:09:41 [INFO] border is disabled for HWND(0x10632)
13:10:33 [ERROR] could not get window rect for HWND(0x26082c): The handle is invalid. (0x80070006)
13:10:40 [INFO] border is disabled for HWND(0x10424)
13:10:44 [ERROR] could not get window rect for HWND(0x2907ca): The handle is invalid. (0x80070006)
13:27:52 [INFO] border is disabled for HWND(0x10424)
13:35:23 [INFO] border is disabled for HWND(0x10424)
13:35:26 [ERROR] could not get window rect for HWND(0x2908f4): The handle is invalid. (0x80070006)
18:08:47 [INFO] starting tacky-borders
18:08:48 [INFO] border is disabled for HWND(0x1041e)
18:15:34 [INFO] border is disabled for HWND(0x1041e)
18:15:43 [INFO] border is disabled for HWND(0x1020e)
18:15:43 [INFO] border is disabled for HWND(0x1024a)
18:16:04 [INFO] border is disabled for HWND(0x1041e)
18:16:24 [INFO] border is disabled for HWND(0x1041e)
18:19:14 [INFO] border is disabled for HWND(0x1041e)
18:34:57 [INFO] border is disabled for HWND(0x1041e)
18:35:03 [INFO] border is disabled for HWND(0x1041e)
18:35:09 [INFO] border is disabled for HWND(0x1020e)
18:35:09 [INFO] border is disabled for HWND(0x1024a)
18:50:30 [INFO] border is disabled for HWND(0x1041e)
18:50:34 [INFO] border is disabled for HWND(0x1041e)
18:55:03 [INFO] border is disabled for HWND(0x805d0)
18:56:04 [INFO] border is disabled for HWND(0x805d0)
18:58:08 [INFO] border is disabled for HWND(0x805d0)
18:58:21 [INFO] border is disabled for HWND(0x805d0)
19:01:59 [INFO] border is disabled for HWND(0x805d0)
19:02:49 [INFO] border is disabled for HWND(0x805d0)
19:02:59 [INFO] border is disabled for HWND(0x805d0)
19:12:52 [INFO] border is disabled for HWND(0x805d0)
19:52:17 [INFO] border is disabled for HWND(0x1041e)
19:52:19 [ERROR] could not get window rect for HWND(0x3d04c6): The handle is invalid. (0x80070006)
19:52:20 [ERROR] could not get window rect for HWND(0x404ce): The handle is invalid. (0x80070006)
07:02:40 [INFO] starting tacky-borders
07:02:41 [INFO] border is disabled for HWND(0x10430)
07:04:28 [INFO] border is disabled for HWND(0x10430)
07:04:31 [INFO] border is disabled for HWND(0x10430)
07:04:35 [ERROR] could not resize render_target: The requested size is larger than the guaranteed supported texture size at the Direct3D device's current feature level. (0x8899001D)
07:45:39 [INFO] border is disabled for HWND(0x10430)
07:45:44 [INFO] border is disabled for HWND(0x10430)
07:45:46 [INFO] border is disabled for HWND(0x10430)
08:16:33 [INFO] border is disabled for HWND(0x10430)
09:14:37 [INFO] border is disabled for HWND(0x10430)
09:58:17 [INFO] border is disabled for HWND(0x10430)
12:19:28 [ERROR] could not get window rect for HWND(0x1304a8): The handle is invalid. (0x80070006)
12:59:48 [INFO] border is disabled for HWND(0x6069a)
13:17:50 [INFO] border is disabled for HWND(0x6069a)
13:24:46 [INFO] border is disabled for HWND(0x6069a)
14:14:25 [INFO] border is disabled for HWND(0x10234)
14:14:25 [INFO] border is disabled for HWND(0x1025a)
14:15:20 [INFO] border is disabled for HWND(0x10234)
14:15:20 [INFO] border is disabled for HWND(0x1025a)
14:47:05 [ERROR] could not get window rect for HWND(0x406b0): The handle is invalid. (0x80070006)
14:48:34 [INFO] border is disabled for HWND(0x10430)
14:48:35 [ERROR] could not get window rect for HWND(0x204b0): The handle is invalid. (0x80070006)
14:48:36 [ERROR] could not get window rect for HWND(0x8049e): The handle is invalid. (0x80070006)
17:47:17 [INFO] starting tacky-borders
17:47:17 [INFO] border is disabled for HWND(0x1041e)
17:54:53 [INFO] border is disabled for HWND(0x103ae)
17:54:54 [INFO] border is disabled for HWND(0x103ae)
17:59:09 [INFO] border is disabled for HWND(0x103ae)
17:59:13 [INFO] border is disabled for HWND(0x103ae)
18:03:39 [INFO] border is disabled for HWND(0x103ae)
18:03:41 [INFO] border is disabled for HWND(0x103ae)
18:03:44 [INFO] border is disabled for HWND(0x103ae)
18:22:04 [INFO] border is disabled for HWND(0x103ae)
18:23:20 [INFO] border is disabled for HWND(0x103ae)
18:23:45 [INFO] border is disabled for HWND(0x103ae)
18:25:13 [INFO] border is disabled for HWND(0x103ae)
18:25:45 [INFO] border is disabled for HWND(0x103ae)
18:28:24 [INFO] border is disabled for HWND(0x103ae)
18:28:33 [INFO] border is disabled for HWND(0x103ae)
18:38:13 [INFO] border is disabled for HWND(0x103ae)
18:53:09 [INFO] border is disabled for HWND(0x103ae)
18:53:11 [INFO] border is disabled for HWND(0x103ae)
19:00:06 [INFO] border is disabled for HWND(0x103ae)
19:00:11 [ERROR] could not get window rect for HWND(0x1104c6): The handle is invalid. (0x80070006)
19:00:12 [ERROR] could not get window rect for HWND(0x2050e): The handle is invalid. (0x80070006)
13:34:01 [INFO] starting tacky-borders
13:34:03 [INFO] border is disabled for HWND(0x10418)
13:34:27 [INFO] border is disabled for HWND(0x10418)
14:51:18 [INFO] border is disabled for HWND(0x10418)
15:31:17 [INFO] border is disabled for HWND(0x10418)
15:33:11 [INFO] border is disabled for HWND(0x10418)
15:51:21 [INFO] border is disabled for HWND(0x10418)
15:51:23 [INFO] border is disabled for HWND(0x10418)
15:51:25 [INFO] border is disabled for HWND(0x10418)
15:51:27 [INFO] border is disabled for HWND(0x10418)
15:51:35 [INFO] border is disabled for HWND(0x10418)
15:51:37 [INFO] border is disabled for HWND(0x10418)
15:59:41 [INFO] border is disabled for HWND(0xc0626)
16:17:30 [INFO] border is disabled for HWND(0x10418)
16:27:16 [INFO] border is disabled for HWND(0x1c06fe)
17:00:51 [INFO] border is disabled for HWND(0x10418)
17:01:01 [INFO] border is disabled for HWND(0x10742)
19:05:33 [ERROR] could not get window rect for HWND(0xe05c0): The handle is invalid. (0x80070006)
19:06:58 [INFO] border is disabled for HWND(0x10418)
19:07:27 [INFO] border is disabled for HWND(0x10742)
19:08:39 [INFO] border is disabled for HWND(0x10418)
19:08:44 [ERROR] could not get window rect for HWND(0x30632): The handle is invalid. (0x80070006)
19:08:45 [INFO] border is disabled for HWND(0x10418)
19:09:05 [ERROR] could not resize render_target: The requested size is larger than the guaranteed supported texture size at the Direct3D device's current feature level. (0x8899001D)
19:09:55 [INFO] border is disabled for HWND(0x10418)
19:10:07 [ERROR] could not get window rect for HWND(0x7025c): The handle is invalid. (0x80070006)
15:09:17 [INFO] starting tacky-borders
15:09:19 [INFO] border is disabled for HWND(0x10416)
15:09:27 [INFO] border is disabled for HWND(0x10416)
15:09:30 [INFO] border is disabled for HWND(0x10416)
15:09:51 [ERROR] could not get window rect for HWND(0x10500): The handle is invalid. (0x80070006)
15:10:55 [INFO] border is disabled for HWND(0x10226)
15:10:55 [INFO] border is disabled for HWND(0x1024e)
15:26:42 [INFO] border is disabled for HWND(0x10226)
15:26:42 [INFO] border is disabled for HWND(0x1024e)
16:29:08 [INFO] border is disabled for HWND(0x10226)
16:29:08 [INFO] border is disabled for HWND(0x1024e)
16:34:43 [ERROR] could not get window rect for HWND(0x205a8): The handle is invalid. (0x80070006)
16:39:12 [INFO] border is disabled for HWND(0x5a0634)
16:44:32 [INFO] border is disabled for HWND(0x5a0634)
16:44:38 [INFO] border is disabled for HWND(0x5a0634)
16:44:44 [INFO] border is disabled for HWND(0x5a0634)
16:46:08 [INFO] border is disabled for HWND(0x5a0634)
16:46:14 [INFO] border is disabled for HWND(0x5a0634)
16:47:06 [INFO] border is disabled for HWND(0x5a0634)
16:47:07 [INFO] border is disabled for HWND(0x5a0634)
16:50:00 [INFO] border is disabled for HWND(0x5a0634)
16:50:44 [INFO] border is disabled for HWND(0x5a0634)
16:51:44 [INFO] border is disabled for HWND(0x5a0634)
16:51:50 [INFO] border is disabled for HWND(0x5a0634)
16:51:59 [INFO] border is disabled for HWND(0x10416)
16:52:05 [ERROR] could not get window rect for HWND(0x401ae): The handle is invalid. (0x80070006)
16:54:24 [INFO] border is disabled for HWND(0x1203c8)
16:54:38 [INFO] border is disabled for HWND(0x10416)
16:55:14 [INFO] border is disabled for HWND(0x5a0634)
17:01:00 [INFO] border is disabled for HWND(0x5a0634)
17:08:19 [INFO] border is disabled for HWND(0x5a0634)
17:28:36 [INFO] border is disabled for HWND(0x5a0634)
17:29:22 [INFO] border is disabled for HWND(0x10606ee)
17:54:42 [INFO] border is disabled for HWND(0x5a0634)
18:11:37 [INFO] border is disabled for HWND(0x5a0634)
18:43:34 [INFO] border is disabled for HWND(0x10416)
18:43:36 [ERROR] could not get window rect for HWND(0x404fe): The handle is invalid. (0x80070006)
18:43:37 [ERROR] could not get window rect for HWND(0x80684): The handle is invalid. (0x80070006)
16:44:20 [INFO] starting tacky-borders
16:44:22 [INFO] border is disabled for HWND(0x1041c)
16:45:47 [INFO] border is disabled for HWND(0x1041c)
16:46:33 [INFO] border is disabled for HWND(0x1041c)
16:48:06 [INFO] border is disabled for HWND(0x1041c)
16:48:10 [INFO] border is disabled for HWND(0x1041c)
16:53:43 [INFO] border is disabled for HWND(0x1041c)
16:54:27 [INFO] border is disabled for HWND(0x1041c)
16:54:46 [INFO] border is disabled for HWND(0x10604)
16:57:38 [INFO] border is disabled for HWND(0x10604)
17:00:11 [INFO] border is disabled for HWND(0x203d0)
17:01:00 [INFO] border is disabled for HWND(0x10604)
17:03:42 [INFO] border is disabled for HWND(0x1041c)
17:03:46 [INFO] border is disabled for HWND(0x1041c)
17:04:26 [INFO] border is disabled for HWND(0x1041c)
17:05:55 [INFO] border is disabled for HWND(0x1041c)
17:05:59 [INFO] border is disabled for HWND(0x10604)
17:10:03 [INFO] border is disabled for HWND(0x1041c)
17:12:55 [INFO] border is disabled for HWND(0x1041c)
17:25:18 [ERROR] could not get window rect for HWND(0x1005be): The handle is invalid. (0x80070006)
17:30:02 [INFO] border is disabled for HWND(0x2022a)
17:30:02 [INFO] border is disabled for HWND(0x10248)
17:30:34 [INFO] border is disabled for HWND(0x1041c)
17:31:23 [INFO] border is disabled for HWND(0x10604)
17:31:46 [INFO] border is disabled for HWND(0x10604)
17:32:47 [INFO] border is disabled for HWND(0x1041c)
17:33:55 [INFO] border is disabled for HWND(0x10604)
17:42:20 [INFO] border is disabled for HWND(0x10604)
17:45:15 [INFO] border is disabled for HWND(0x1041c)
17:45:52 [INFO] border is disabled for HWND(0x10604)
17:45:57 [INFO] border is disabled for HWND(0x10604)
17:47:52 [INFO] border is disabled for HWND(0x10604)
17:48:01 [INFO] border is disabled for HWND(0x10604)
17:49:08 [INFO] border is disabled for HWND(0x10604)
17:49:27 [INFO] border is disabled for HWND(0x10604)
17:51:05 [INFO] border is disabled for HWND(0x10604)
17:52:12 [INFO] border is disabled for HWND(0x2022a)
17:52:12 [INFO] border is disabled for HWND(0x10248)
17:52:24 [INFO] border is disabled for HWND(0x10604)
18:01:08 [INFO] border is disabled for HWND(0x10604)
18:10:19 [INFO] border is disabled for HWND(0x2022a)
18:10:19 [INFO] border is disabled for HWND(0x10248)
18:10:23 [INFO] border is disabled for HWND(0x10604)
18:11:26 [INFO] border is disabled for HWND(0x2022a)
18:11:26 [INFO] border is disabled for HWND(0x10248)
18:12:38 [INFO] border is disabled for HWND(0x1041c)
18:15:42 [ERROR] could not get window rect for HWND(0x4b062e): The handle is invalid. (0x80070006)
18:15:54 [ERROR] could not get window rect for HWND(0x1f0638): The handle is invalid. (0x80070006)
18:16:08 [ERROR] could not get window rect for HWND(0x507a4): The handle is invalid. (0x80070006)
18:23:07 [INFO] border is disabled for HWND(0x1041c)
18:23:10 [ERROR] could not get window rect for HWND(0x220638): The handle is invalid. (0x80070006)
18:23:14 [ERROR] could not get window rect for HWND(0x907a0): The handle is invalid. (0x80070006)
18:25:40 [ERROR] could not get window rect for HWND(0x1c0866): The handle is invalid. (0x80070006)
18:25:51 [ERROR] could not get window rect for HWND(0x280788): The handle is invalid. (0x80070006)
18:27:16 [INFO] border is disabled for HWND(0x1041c)
18:27:16 [ERROR] could not get window rect for HWND(0x280638): The handle is invalid. (0x80070006)
18:27:21 [ERROR] could not get window rect for HWND(0x140900): The handle is invalid. (0x80070006)
18:51:46 [INFO] border is disabled for HWND(0x10604)
18:55:32 [INFO] border is disabled for HWND(0x10604)
18:57:31 [INFO] border is disabled for HWND(0x10604)
18:59:27 [INFO] border is disabled for HWND(0x2022a)
18:59:27 [INFO] border is disabled for HWND(0x10248)
19:02:01 [ERROR] could not get window rect for HWND(0x1140808): The handle is invalid. (0x80070006)
19:02:33 [INFO] border is disabled for HWND(0x1041c)
19:02:38 [INFO] border is disabled for HWND(0x1041c)
19:02:41 [ERROR] could not get window rect for HWND(0x5108c0): The handle is invalid. (0x80070006)
15:44:03 [INFO] starting tacky-borders
15:44:07 [INFO] border is disabled for HWND(0x10440)
16:10:40 [INFO] border is disabled for HWND(0x10440)
16:10:43 [ERROR] could not resize render_target: The requested size is larger than the guaranteed supported texture size at the Direct3D device's current feature level. (0x8899001D)
16:15:02 [INFO] border is disabled for HWND(0x703d4)
16:34:14 [INFO] border is disabled for HWND(0x10440)
16:37:57 [INFO] border is disabled for HWND(0x10440)
16:38:00 [INFO] border is disabled for HWND(0x10440)
16:43:18 [INFO] border is disabled for HWND(0x9057e)
16:50:00 [INFO] border is disabled for HWND(0x9057e)
16:55:12 [INFO] border is disabled for HWND(0x9057e)
16:56:18 [INFO] border is disabled for HWND(0x3003cc)
17:01:04 [INFO] border is disabled for HWND(0x9057e)
17:03:59 [INFO] border is disabled for HWND(0x9057e)
17:25:29 [INFO] border is disabled for HWND(0x10440)
17:27:25 [INFO] border is disabled for HWND(0x10440)
17:28:32 [ERROR] could not get window rect for HWND(0x4077a): The handle is invalid. (0x80070006)
17:28:50 [ERROR] could not get window rect for HWND(0x707a6): The handle is invalid. (0x80070006)
17:29:05 [ERROR] could not get window rect for HWND(0x607d2): The handle is invalid. (0x80070006)
17:29:06 [INFO] border is disabled for HWND(0x10440)
17:37:16 [INFO] border is disabled for HWND(0x9057e)
17:48:35 [INFO] border is disabled for HWND(0x10440)
17:50:14 [ERROR] could not get window rect for HWND(0x6085a): The handle is invalid. (0x80070006)
17:52:46 [INFO] border is disabled for HWND(0x10440)
17:54:25 [INFO] border is disabled for HWND(0x49066a)
17:59:48 [INFO] border is disabled for HWND(0x9057e)
18:00:27 [INFO] border is disabled for HWND(0x9057e)
18:09:32 [INFO] border is disabled for HWND(0x10440)
18:09:58 [INFO] border is disabled for HWND(0x10440)
18:10:04 [ERROR] could not get window rect for HWND(0x8065c): The handle is invalid. (0x80070006)
18:14:03 [INFO] border is disabled for HWND(0x9057e)
18:14:09 [INFO] border is disabled for HWND(0x9057e)
18:14:32 [INFO] border is disabled for HWND(0x10440)
18:17:20 [ERROR] could not get window rect for HWND(0xf2066a): The handle is invalid. (0x80070006)
18:17:26 [INFO] border is disabled for HWND(0x10440)
18:22:37 [INFO] border is disabled for HWND(0x9057e)
18:29:19 [INFO] border is disabled for HWND(0x10440)
18:36:59 [INFO] border is disabled for HWND(0x10440)
18:37:04 [INFO] border is disabled for HWND(0x10440)
18:39:28 [INFO] border is disabled for HWND(0x9057e)
18:46:07 [INFO] border is disabled for HWND(0x10440)
18:46:10 [ERROR] could not get window rect for HWND(0x14e06d6): The handle is invalid. (0x80070006)
18:46:11 [ERROR] could not get window rect for HWND(0x63306f2): The handle is invalid. (0x80070006)
15:56:37 [INFO] starting tacky-borders
16:02:48 [INFO] border is disabled for HWND(0x10394)
16:02:54 [INFO] border is disabled for HWND(0x10394)
16:02:55 [INFO] border is disabled for HWND(0x10394)
16:03:04 [INFO] border is disabled for HWND(0x10394)
16:03:08 [ERROR] could not resize render_target: The requested size is larger than the guaranteed supported texture size at the Direct3D device's current feature level. (0x8899001D)
16:09:26 [INFO] border is disabled for HWND(0x10612)
16:10:13 [INFO] border is disabled for HWND(0x10612)
16:11:21 [INFO] border is disabled for HWND(0x10612)
16:11:55 [INFO] border is disabled for HWND(0x10612)
16:12:26 [INFO] border is disabled for HWND(0x10612)
16:12:39 [INFO] border is disabled for HWND(0x10612)
16:13:37 [INFO] border is disabled for HWND(0x10612)
16:14:02 [INFO] border is disabled for HWND(0x10612)
16:14:09 [INFO] border is disabled for HWND(0x10612)
16:14:12 [INFO] border is disabled for HWND(0x10612)
16:14:14 [INFO] border is disabled for HWND(0x10612)
16:14:33 [INFO] border is disabled for HWND(0x10612)
16:14:48 [INFO] border is disabled for HWND(0x10612)
16:14:57 [INFO] border is disabled for HWND(0x10612)
16:15:07 [INFO] border is disabled for HWND(0x10612)
16:15:15 [INFO] border is disabled for HWND(0x10612)
16:16:52 [INFO] border is disabled for HWND(0x10612)
16:17:38 [INFO] border is disabled for HWND(0x10612)
16:18:45 [INFO] border is disabled for HWND(0x10612)
16:18:47 [INFO] border is disabled for HWND(0x10612)
16:18:50 [INFO] border is disabled for HWND(0x10612)
16:18:53 [INFO] border is disabled for HWND(0x10612)
16:19:06 [INFO] border is disabled for HWND(0x10612)
16:21:45 [INFO] border is disabled for HWND(0x10612)
16:23:43 [INFO] border is disabled for HWND(0x10612)
16:23:53 [INFO] border is disabled for HWND(0x10612)
16:24:19 [INFO] border is disabled for HWND(0x10612)
16:25:39 [INFO] border is disabled for HWND(0x10612)
16:25:45 [INFO] border is disabled for HWND(0x10612)
16:26:48 [INFO] border is disabled for HWND(0x10612)
16:27:39 [INFO] border is disabled for HWND(0x10612)
16:28:12 [INFO] border is disabled for HWND(0x10612)
16:28:30 [INFO] border is disabled for HWND(0x10612)
16:28:45 [INFO] border is disabled for HWND(0x10612)
16:29:57 [INFO] border is disabled for HWND(0x10612)
16:30:13 [INFO] border is disabled for HWND(0x10612)
16:31:59 [INFO] border is disabled for HWND(0x10394)
16:32:07 [INFO] border is disabled for HWND(0x10612)
16:34:10 [INFO] border is disabled for HWND(0x10612)
16:50:01 [INFO] border is disabled for HWND(0x10612)
16:54:48 [INFO] border is disabled for HWND(0x10612)
17:01:04 [INFO] border is disabled for HWND(0x10612)
17:04:55 [INFO] border is disabled for HWND(0x10394)
17:12:47 [INFO] border is disabled for HWND(0x10612)
17:13:01 [INFO] border is disabled for HWND(0x10612)
17:14:35 [INFO] border is disabled for HWND(0x1022c)
17:14:35 [INFO] border is disabled for HWND(0x10252)
17:17:07 [INFO] border is disabled for HWND(0x10612)
17:17:30 [INFO] border is disabled for HWND(0x10612)
17:18:15 [INFO] border is disabled for HWND(0x10612)
17:18:44 [INFO] border is disabled for HWND(0x10612)
17:18:50 [INFO] border is disabled for HWND(0x10612)
17:19:51 [INFO] border is disabled for HWND(0x10612)
17:30:30 [INFO] border is disabled for HWND(0x10612)
17:30:33 [INFO] border is disabled for HWND(0x10612)
17:31:03 [INFO] border is disabled for HWND(0x10612)
17:32:26 [INFO] border is disabled for HWND(0x10612)
17:32:28 [INFO] border is disabled for HWND(0x10612)
17:32:32 [INFO] border is disabled for HWND(0x10612)
17:32:40 [INFO] border is disabled for HWND(0x10612)
17:32:54 [INFO] border is disabled for HWND(0x10612)
17:32:56 [INFO] border is disabled for HWND(0x10612)
17:37:12 [INFO] border is disabled for HWND(0x10612)
17:37:24 [INFO] border is disabled for HWND(0x10612)
17:37:39 [INFO] border is disabled for HWND(0x10612)
17:43:31 [INFO] border is disabled for HWND(0x10612)
17:43:33 [INFO] border is disabled for HWND(0x10612)
17:48:06 [INFO] border is disabled for HWND(0x10612)
17:48:13 [INFO] border is disabled for HWND(0x10612)
17:48:17 [INFO] border is disabled for HWND(0x10612)
17:48:20 [INFO] border is disabled for HWND(0x10612)
17:49:20 [INFO] border is disabled for HWND(0x10612)
17:50:25 [INFO] border is disabled for HWND(0x10394)
17:57:42 [INFO] border is disabled for HWND(0x10394)
17:58:08 [INFO] border is disabled for HWND(0x10612)
18:00:58 [INFO] border is disabled for HWND(0x10394)
18:19:57 [INFO] border is disabled for HWND(0x10612)
18:24:23 [INFO] border is disabled for HWND(0x10612)
18:24:29 [INFO] border is disabled for HWND(0x10612)
18:34:11 [INFO] border is disabled for HWND(0x10394)
18:35:13 [INFO] border is disabled for HWND(0x10612)
18:35:13 [INFO] border is disabled for HWND(0x10612)
18:44:45 [INFO] border is disabled for HWND(0x1022c)
18:44:45 [INFO] border is disabled for HWND(0x10252)
18:54:51 [INFO] border is disabled for HWND(0x10612)
18:57:28 [INFO] border is disabled for HWND(0x1022c)
18:57:28 [INFO] border is disabled for HWND(0x10252)
18:58:08 [INFO] border is disabled for HWND(0x10612)
19:00:54 [INFO] border is disabled for HWND(0x10612)
19:00:54 [INFO] border is disabled for HWND(0x10612)
19:02:50 [INFO] border is disabled for HWND(0x10612)
19:03:49 [INFO] border is disabled for HWND(0x10612)
19:05:42 [INFO] border is disabled for HWND(0x10612)
19:05:48 [INFO] border is disabled for HWND(0x10612)
19:06:52 [INFO] border is disabled for HWND(0x10394)
19:06:54 [ERROR] could not get window rect for HWND(0x2fc0630): The handle is invalid. (0x80070006)
07:38:11 [INFO] starting tacky-borders
07:38:13 [INFO] border is disabled for HWND(0x1043a)
07:38:14 [INFO] border is disabled for HWND(0xa0370)
07:38:21 [INFO] border is disabled for HWND(0x1043a)
07:38:25 [INFO] border is disabled for HWND(0x1043a)
07:38:27 [INFO] border is disabled for HWND(0xa0370)
07:39:41 [INFO] border is disabled for HWND(0x1043a)
07:40:03 [INFO] border is disabled for HWND(0x1043a)
07:40:04 [INFO] border is disabled for HWND(0x1043a)
07:40:06 [INFO] border is disabled for HWND(0x305a0)
07:40:07 [INFO] border is disabled for HWND(0x1043a)
07:40:09 [INFO] border is disabled for HWND(0x1043a)
07:40:13 [INFO] border is disabled for HWND(0x1043a)
07:44:42 [INFO] border is disabled for HWND(0xa0370)
07:46:42 [INFO] border is disabled for HWND(0x1043a)
07:47:32 [INFO] border is disabled for HWND(0x1043a)
07:47:33 [INFO] border is disabled for HWND(0x1043a)
07:47:37 [INFO] border is disabled for HWND(0x1043a)
07:48:23 [INFO] border is disabled for HWND(0x1043a)
07:48:30 [INFO] border is disabled for HWND(0x1b0120)
08:38:50 [INFO] border is disabled for HWND(0x205b8)
08:47:18 [INFO] border is disabled for HWND(0x1043a)
08:47:28 [ERROR] could not set window position for HWND(0x200aa): Access is denied. (0x80070005)
08:47:28 [ERROR] could not set window position for HWND(0x200aa): Access is denied. (0x80070005)
08:47:28 [ERROR] could not send animation timer message for HWND(0x30624): Invalid window handle. (0x80070578)
08:51:56 [INFO] border is disabled for HWND(0x1043a)
10:32:05 [INFO] border is disabled for HWND(0x1043a)
10:32:11 [ERROR] could not get window rect for HWND(0x1ad0604): The handle is invalid. (0x80070006)
10:32:12 [ERROR] could not get window rect for HWND(0x2fa06e8): The handle is invalid. (0x80070006)
16:56:01 [INFO] starting tacky-borders
16:56:03 [INFO] border is disabled for HWND(0x1043e)
16:59:08 [INFO] border is disabled for HWND(0x1043e)
16:59:34 [INFO] border is disabled for HWND(0x1043e)
17:00:49 [INFO] border is disabled for HWND(0x1043e)
17:04:53 [INFO] border is disabled for HWND(0x40524)
17:05:31 [INFO] border is disabled for HWND(0x1043e)
17:08:21 [INFO] border is disabled for HWND(0x1043e)
17:08:28 [INFO] border is disabled for HWND(0x1043e)
17:08:31 [INFO] border is disabled for HWND(0x1043e)
17:18:04 [INFO] border is disabled for HWND(0x805be)
17:19:10 [INFO] border is disabled for HWND(0x1043e)
17:19:36 [INFO] border is disabled for HWND(0x40650)
17:19:43 [INFO] border is disabled for HWND(0x1022e)
17:19:43 [INFO] border is disabled for HWND(0x10256)
17:29:47 [INFO] border is disabled for HWND(0x1043e)
17:31:31 [INFO] border is disabled for HWND(0x1043e)
17:34:39 [INFO] border is disabled for HWND(0x1043e)
17:39:30 [INFO] border is disabled for HWND(0x1043e)
17:46:40 [INFO] border is disabled for HWND(0x110396)
18:39:26 [INFO] border is disabled for HWND(0x1043e)
19:19:45 [ERROR] could not get window rect for HWND(0x805e6): The handle is invalid. (0x80070006)
19:19:53 [INFO] border is disabled for HWND(0x1043e)
19:19:58 [INFO] border is disabled for HWND(0x1043e)
19:19:58 [INFO] border is disabled for HWND(0x50730)
19:20:05 [ERROR] could not get window rect for HWND(0x9b07b0): The handle is invalid. (0x80070006)
07:39:54 [INFO] starting tacky-borders
07:39:56 [INFO] border is disabled for HWND(0x10420)
07:45:13 [INFO] border is disabled for HWND(0x10420)
07:45:21 [INFO] border is disabled for HWND(0x10420)
07:52:53 [INFO] border is disabled for HWND(0x10420)
07:57:37 [INFO] border is disabled for HWND(0x10420)
08:03:12 [INFO] border is disabled for HWND(0xb05c4)
08:04:58 [INFO] border is disabled for HWND(0x10420)
08:05:25 [INFO] border is disabled for HWND(0x10420)
08:10:04 [INFO] border is disabled for HWND(0xb05c4)
08:10:05 [ERROR] could not set window position for HWND(0xe0616): Access is denied. (0x80070005)
08:10:05 [ERROR] could not set window position for HWND(0xe0616): Access is denied. (0x80070005)
08:10:05 [ERROR] could not set window position for HWND(0xe0616): Access is denied. (0x80070005)
08:11:16 [INFO] border is disabled for HWND(0xb05c4)
08:12:38 [INFO] border is disabled for HWND(0x14060e)
08:15:20 [INFO] border is disabled for HWND(0x10420)
08:15:25 [INFO] border is disabled for HWND(0x10420)
08:15:37 [INFO] border is disabled for HWND(0x40710)
08:15:40 [INFO] border is disabled for HWND(0x10230)
08:15:40 [INFO] border is disabled for HWND(0x10256)
08:15:42 [INFO] border is disabled for HWND(0x10230)
08:15:42 [INFO] border is disabled for HWND(0x10256)
08:15:43 [INFO] border is disabled for HWND(0x10420)
08:16:42 [INFO] border is disabled for HWND(0x4078c)
08:17:00 [INFO] border is disabled for HWND(0xc0764)
08:17:43 [INFO] border is disabled for HWND(0x11076a)
08:18:06 [INFO] border is disabled for HWND(0xd0764)
08:18:08 [INFO] border is disabled for HWND(0x2706ce)
08:18:13 [INFO] border is disabled for HWND(0xb073c)
08:18:37 [INFO] border is disabled for HWND(0x2504fe)
08:18:44 [INFO] border is disabled for HWND(0xc073c)
08:20:27 [INFO] border is disabled for HWND(0x207fc)
08:22:17 [INFO] border is disabled for HWND(0x10420)
08:22:24 [INFO] border is disabled for HWND(0x10420)
08:23:23 [INFO] border is disabled for HWND(0x10230)
08:23:23 [INFO] border is disabled for HWND(0x10256)
08:23:26 [INFO] border is disabled for HWND(0x10230)
08:23:26 [INFO] border is disabled for HWND(0x10256)
08:24:09 [INFO] border is disabled for HWND(0x10420)
08:24:22 [INFO] border is disabled for HWND(0x10420)
08:24:28 [ERROR] could not get window rect for HWND(0x5025c): The handle is invalid. (0x80070006)
08:24:29 [INFO] border is disabled for HWND(0x10420)
08:24:31 [INFO] border is disabled for HWND(0x207fc)
08:24:31 [ERROR] could not set window position for HWND(0x8027e): Access is denied. (0x80070005)
08:24:31 [ERROR] could not set window position for HWND(0x8027e): Access is denied. (0x80070005)
08:24:31 [ERROR] could not send animation timer message for HWND(0x30052e): Invalid window handle. (0x80070578)
08:24:47 [INFO] border is disabled for HWND(0x10420)
08:24:57 [INFO] border is disabled for HWND(0x10420)
08:25:15 [INFO] border is disabled for HWND(0x10420)
08:25:50 [INFO] border is disabled for HWND(0x10420)
08:42:16 [INFO] border is disabled for HWND(0x100656)
09:30:42 [INFO] border is disabled for HWND(0x10420)
09:41:00 [INFO] border is disabled for HWND(0x10420)
10:19:14 [INFO] border is disabled for HWND(0x10420)
10:21:50 [INFO] border is disabled for HWND(0x10230)
10:21:50 [INFO] border is disabled for HWND(0x10256)
10:21:59 [INFO] border is disabled for HWND(0x10230)
10:21:59 [INFO] border is disabled for HWND(0x10256)
10:22:06 [INFO] border is disabled for HWND(0x10420)
10:22:31 [INFO] border is disabled for HWND(0x10420)
10:22:32 [INFO] border is disabled for HWND(0x10420)
10:22:33 [INFO] border is disabled for HWND(0x10420)
10:22:33 [INFO] border is disabled for HWND(0x10420)
10:22:34 [INFO] border is disabled for HWND(0x10420)
10:22:35 [INFO] border is disabled for HWND(0x10420)
10:22:35 [INFO] border is disabled for HWND(0x10420)
10:22:36 [INFO] border is disabled for HWND(0x10420)
10:22:36 [INFO] border is disabled for HWND(0x10420)
10:22:37 [INFO] border is disabled for HWND(0x10420)
10:22:37 [INFO] border is disabled for HWND(0x10420)
10:22:38 [INFO] border is disabled for HWND(0x10420)
10:31:14 [INFO] border is disabled for HWND(0x10420)
10:52:55 [INFO] border is disabled for HWND(0x10420)
10:52:56 [INFO] border is disabled for HWND(0x10420)
10:52:58 [INFO] border is disabled for HWND(0x10420)
10:53:00 [INFO] border is disabled for HWND(0x10420)
10:54:21 [INFO] border is disabled for HWND(0x10420)
10:54:25 [INFO] border is disabled for HWND(0x10420)
10:54:36 [INFO] border is disabled for HWND(0x10420)
11:01:27 [INFO] border is disabled for HWND(0x10420)
11:06:02 [INFO] border is disabled for HWND(0x10230)
11:06:02 [INFO] border is disabled for HWND(0x10256)
12:23:16 [INFO] border is disabled for HWND(0x10420)
12:28:48 [ERROR] hide_border_for_window: Invalid window handle. (0x80070578)
16:13:23 [INFO] starting tacky-borders
16:13:24 [INFO] border is disabled for HWND(0x10412)
16:13:55 [INFO] border is disabled for HWND(0x10412)
16:21:08 [INFO] border is disabled for HWND(0x10412)
16:21:12 [INFO] border is disabled for HWND(0x10412)
16:41:15 [INFO] border is disabled for HWND(0x1022e)
16:41:15 [INFO] border is disabled for HWND(0x1025a)
16:41:16 [INFO] border is disabled for HWND(0x1022e)
16:41:16 [INFO] border is disabled for HWND(0x1025a)
17:28:59 [INFO] border is disabled for HWND(0x10412)
17:29:00 [INFO] border is disabled for HWND(0x10412)
17:29:02 [INFO] border is disabled for HWND(0x10412)
17:29:03 [INFO] border is disabled for HWND(0x10412)
18:50:56 [ERROR] could not get window rect for HWND(0x3051a): The handle is invalid. (0x80070006)
18:51:40 [INFO] border is disabled for HWND(0x10412)
18:51:55 [ERROR] could not get window rect for HWND(0x805d6): The handle is invalid. (0x80070006)
13:27:11 [INFO] starting tacky-borders
13:27:11 [INFO] border is disabled for HWND(0x302f4)
13:28:58 [INFO] border is disabled for HWND(0x10424)
13:39:30 [INFO] border is disabled for HWND(0x10424)
13:39:34 [ERROR] could not resize render_target: The requested size is larger than the guaranteed supported texture size at the Direct3D device's current feature level. (0x8899001D)
13:57:22 [INFO] border is disabled for HWND(0x10424)
14:03:51 [INFO] border is disabled for HWND(0x10424)
14:25:46 [INFO] border is disabled for HWND(0x10424)
14:35:17 [INFO] border is disabled for HWND(0x10424)
15:12:16 [INFO] border is disabled for HWND(0x10424)
15:31:03 [ERROR] could not get window rect for HWND(0x20740): The handle is invalid. (0x80070006)
15:31:07 [INFO] border is disabled for HWND(0x10424)
15:31:13 [ERROR] could not get window rect for HWND(0xd0768): The handle is invalid. (0x80070006)
15:32:10 [ERROR] could not get window rect for HWND(0x50754): The handle is invalid. (0x80070006)
15:32:12 [INFO] border is disabled for HWND(0x10234)
15:32:12 [INFO] border is disabled for HWND(0x10250)
15:32:12 [INFO] border is disabled for HWND(0x10424)
15:32:16 [ERROR] could not get window rect for HWND(0x100768): The handle is invalid. (0x80070006)
15:33:42 [INFO] border is disabled for HWND(0x10234)
15:33:42 [INFO] border is disabled for HWND(0x10250)
16:48:17 [ERROR] could not get window rect for HWND(0x4f063c): The handle is invalid. (0x80070006)
16:48:38 [INFO] border is disabled for HWND(0x10424)
16:50:01 [INFO] border is disabled for HWND(0x80772)
16:53:48 [ERROR] could not get window rect for HWND(0x1c505c4): The handle is invalid. (0x80070006)
16:54:34 [INFO] border is disabled for HWND(0x80772)
16:57:32 [INFO] border is disabled for HWND(0x10424)
16:57:42 [INFO] border is disabled for HWND(0x10424)
16:57:47 [INFO] border is disabled for HWND(0x10424)
16:57:52 [INFO] border is disabled for HWND(0x10424)
16:58:48 [INFO] border is disabled for HWND(0x10424)
17:00:32 [INFO] border is disabled for HWND(0x80772)
17:01:01 [INFO] border is disabled for HWND(0x80772)
17:05:36 [INFO] border is disabled for HWND(0x80772)
17:05:36 [ERROR] could not set window position for HWND(0x60926): Access is denied. (0x80070005)
17:05:36 [ERROR] could not set window position for HWND(0x60926): Access is denied. (0x80070005)
17:05:36 [ERROR] could not send animation timer message for HWND(0x430794): Invalid window handle. (0x80070578)
17:07:53 [INFO] border is disabled for HWND(0x80772)
17:08:14 [ERROR] could not set window position for HWND(0x50970): Access is denied. (0x80070005)
17:08:14 [ERROR] could not set window position for HWND(0x50970): Access is denied. (0x80070005)
17:08:14 [ERROR] could not set window position for HWND(0x50970): Access is denied. (0x80070005)
17:08:14 [ERROR] could not set window position for HWND(0x50970): Access is denied. (0x80070005)
17:08:14 [ERROR] could not set window position for HWND(0x50970): Access is denied. (0x80070005)
17:08:14 [ERROR] could not set window position for HWND(0x50970): Access is denied. (0x80070005)
17:08:14 [ERROR] could not set window position for HWND(0x50970): Access is denied. (0x80070005)
17:08:14 [ERROR] could not set window position for HWND(0x50970): Access is denied. (0x80070005)
17:08:30 [INFO] border is disabled for HWND(0x10424)
17:12:00 [INFO] border is disabled for HWND(0x10234)
17:12:00 [INFO] border is disabled for HWND(0x10250)
17:18:52 [ERROR] could not get window rect for HWND(0x90a86): The handle is invalid. (0x80070006)
17:18:53 [ERROR] could not get window rect for HWND(0xc0a86): The handle is invalid. (0x80070006)
17:18:53 [ERROR] could not get window rect for HWND(0xd0a86): The handle is invalid. (0x80070006)
17:18:54 [ERROR] could not get window rect for HWND(0x100a86): The handle is invalid. (0x80070006)
17:18:54 [ERROR] could not get window rect for HWND(0xb0a82): The handle is invalid. (0x80070006)
17:24:58 [ERROR] could not get window rect for HWND(0x70b62): The handle is invalid. (0x80070006)
17:24:59 [ERROR] could not get window rect for HWND(0xb0b4e): The handle is invalid. (0x80070006)
17:24:59 [ERROR] could not get window rect for HWND(0xc0b4e): The handle is invalid. (0x80070006)
17:24:59 [ERROR] could not get window rect for HWND(0xd0b4e): The handle is invalid. (0x80070006)
17:24:59 [ERROR] could not get window rect for HWND(0xd0b16): The handle is invalid. (0x80070006)
17:24:59 [ERROR] could not get window rect for HWND(0xe0b16): The handle is invalid. (0x80070006)
17:24:59 [ERROR] could not get window rect for HWND(0xf0b16): The handle is invalid. (0x80070006)
17:25:00 [ERROR] could not get window rect for HWND(0x120b16): The handle is invalid. (0x80070006)
17:25:01 [ERROR] could not get window rect for HWND(0x150b16): The handle is invalid. (0x80070006)
17:25:31 [ERROR] could not get window rect for HWND(0xc0b62): The handle is invalid. (0x80070006)
17:25:31 [ERROR] could not get window rect for HWND(0xd0b62): The handle is invalid. (0x80070006)
17:33:49 [INFO] border is disabled for HWND(0x80772)
17:34:08 [INFO] border is disabled for HWND(0x80772)
17:34:41 [INFO] border is disabled for HWND(0x80772)
17:34:52 [INFO] border is disabled for HWND(0x80772)
17:38:21 [ERROR] could not get window rect for HWND(0x1e0ad0): The handle is invalid. (0x80070006)
17:39:08 [ERROR] could not get window rect for HWND(0x2f0aee): The handle is invalid. (0x80070006)
17:46:16 [INFO] border is disabled for HWND(0x10424)
17:46:20 [INFO] border is disabled for HWND(0x10424)
17:46:33 [INFO] border is disabled for HWND(0x80772)
17:46:51 [INFO] border is disabled for HWND(0x80772)
17:46:52 [ERROR] could not get window rect for HWND(0xe0bce): The handle is invalid. (0x80070006)
17:46:52 [ERROR] could not get window rect for HWND(0x520a44): The handle is invalid. (0x80070006)
17:47:00 [ERROR] could not get window rect for HWND(0xf0bd2): The handle is invalid. (0x80070006)
17:47:00 [ERROR] could not get window rect for HWND(0x100bd2): The handle is invalid. (0x80070006)
17:47:00 [ERROR] could not get window rect for HWND(0x100bc4): The handle is invalid. (0x80070006)
17:47:04 [INFO] border is disabled for HWND(0x80772)
17:47:16 [INFO] border is disabled for HWND(0x80772)
17:47:17 [ERROR] could not get window rect for HWND(0xb090e): The handle is invalid. (0x80070006)
17:47:17 [ERROR] could not get window rect for HWND(0xc090e): The handle is invalid. (0x80070006)
17:47:17 [ERROR] could not get window rect for HWND(0x450b7a): The handle is invalid. (0x80070006)
17:47:23 [ERROR] could not get window rect for HWND(0xf090e): The handle is invalid. (0x80070006)
17:47:23 [ERROR] could not get window rect for HWND(0x10090e): The handle is invalid. (0x80070006)
17:47:23 [ERROR] could not get window rect for HWND(0xf0bbe): The handle is invalid. (0x80070006)
17:47:29 [ERROR] could not get window rect for HWND(0x12090e): The handle is invalid. (0x80070006)
17:47:29 [ERROR] could not get window rect for HWND(0x13090e): The handle is invalid. (0x80070006)
17:47:29 [ERROR] could not get window rect for HWND(0xe0bec): The handle is invalid. (0x80070006)
17:47:35 [ERROR] could not get window rect for HWND(0x16090e): The handle is invalid. (0x80070006)
17:47:35 [ERROR] could not get window rect for HWND(0x17090e): The handle is invalid. (0x80070006)
17:47:35 [ERROR] could not get window rect for HWND(0x4d0b7a): The handle is invalid. (0x80070006)
17:47:47 [ERROR] could not get window rect for HWND(0x90bdc): The handle is invalid. (0x80070006)
17:47:47 [ERROR] could not get window rect for HWND(0xa0bdc): The handle is invalid. (0x80070006)
17:47:47 [ERROR] could not get window rect for HWND(0x4b090a): The handle is invalid. (0x80070006)
17:48:02 [ERROR] could not get window rect for HWND(0x4f090a): The handle is invalid. (0x80070006)
17:48:02 [ERROR] could not get window rect for HWND(0x50090a): The handle is invalid. (0x80070006)
17:48:02 [ERROR] could not get window rect for HWND(0xc0b4a): The handle is invalid. (0x80070006)
17:48:10 [ERROR] could not get window rect for HWND(0x53090a): The handle is invalid. (0x80070006)
17:48:10 [ERROR] could not get window rect for HWND(0x54090a): The handle is invalid. (0x80070006)
17:48:10 [ERROR] could not get window rect for HWND(0x4c0b10): The handle is invalid. (0x80070006)
17:48:18 [ERROR] could not get window rect for HWND(0x110bdc): The handle is invalid. (0x80070006)
17:48:18 [ERROR] could not get window rect for HWND(0x120bdc): The handle is invalid. (0x80070006)
17:48:18 [ERROR] could not get window rect for HWND(0x160bcc): The handle is invalid. (0x80070006)
17:48:22 [INFO] border is disabled for HWND(0x80772)
17:48:24 [ERROR] could not get window rect for HWND(0x200bde): The handle is invalid. (0x80070006)
17:48:24 [ERROR] could not get window rect for HWND(0x210bde): The handle is invalid. (0x80070006)
17:48:24 [ERROR] could not get window rect for HWND(0xb0b38): The handle is invalid. (0x80070006)
17:48:30 [ERROR] could not get window rect for HWND(0x1a0bcc): The handle is invalid. (0x80070006)
17:48:30 [ERROR] could not get window rect for HWND(0x1b0bcc): The handle is invalid. (0x80070006)
17:48:30 [ERROR] could not get window rect for HWND(0x5b090a): The handle is invalid. (0x80070006)
17:48:38 [INFO] border is disabled for HWND(0x80772)
17:48:41 [ERROR] could not get window rect for HWND(0x270bde): The handle is invalid. (0x80070006)
17:48:41 [ERROR] could not get window rect for HWND(0x280bde): The handle is invalid. (0x80070006)
17:48:41 [ERROR] could not get window rect for HWND(0x1f0b0e): The handle is invalid. (0x80070006)
17:48:45 [ERROR] could not get window rect for HWND(0x180b4a): The handle is invalid. (0x80070006)
17:49:07 [ERROR] could not get window rect for HWND(0x110b06): The handle is invalid. (0x80070006)
17:49:07 [ERROR] could not get window rect for HWND(0x110bc2): The handle is invalid. (0x80070006)
17:49:20 [ERROR] could not get window rect for HWND(0x240b50): The handle is invalid. (0x80070006)
17:49:20 [ERROR] could not get window rect for HWND(0xc0b78): The handle is invalid. (0x80070006)
17:49:25 [INFO] border is disabled for HWND(0x80772)
17:49:28 [ERROR] could not get window rect for HWND(0x4c08e2): The handle is invalid. (0x80070006)
17:49:28 [ERROR] could not get window rect for HWND(0x220bf8): The handle is invalid. (0x80070006)
17:49:32 [ERROR] could not get window rect for HWND(0x4f08e2): The handle is invalid. (0x80070006)
17:49:32 [ERROR] could not get window rect for HWND(0x150b52): The handle is invalid. (0x80070006)
17:49:35 [INFO] border is disabled for HWND(0x80772)
17:49:40 [ERROR] could not get window rect for HWND(0x5308e2): The handle is invalid. (0x80070006)
17:49:40 [ERROR] could not get window rect for HWND(0x260baa): The handle is invalid. (0x80070006)
17:49:44 [ERROR] could not get window rect for HWND(0x5508e2): The handle is invalid. (0x80070006)
17:49:44 [ERROR] could not get window rect for HWND(0x2b0b5a): The handle is invalid. (0x80070006)
17:49:49 [ERROR] could not get window rect for HWND(0x5708e2): The handle is invalid. (0x80070006)
17:49:49 [ERROR] could not get window rect for HWND(0x160b78): The handle is invalid. (0x80070006)
17:49:56 [ERROR] could not get window rect for HWND(0x5a08e2): The handle is invalid. (0x80070006)
17:49:56 [ERROR] could not get window rect for HWND(0x230b04): The handle is invalid. (0x80070006)
17:50:04 [ERROR] could not get window rect for HWND(0x5c08e2): The handle is invalid. (0x80070006)
17:50:04 [ERROR] could not get window rect for HWND(0x230b06): The handle is invalid. (0x80070006)
17:50:17 [ERROR] could not get window rect for HWND(0x180b42): The handle is invalid. (0x80070006)
17:50:17 [ERROR] could not get window rect for HWND(0x5e08e2): The handle is invalid. (0x80070006)
17:50:22 [ERROR] could not get window rect for HWND(0x1b0b42): The handle is invalid. (0x80070006)
17:50:22 [ERROR] could not get window rect for HWND(0x390b32): The handle is invalid. (0x80070006)
17:50:27 [ERROR] could not get window rect for HWND(0x1d0b42): The handle is invalid. (0x80070006)
17:50:27 [ERROR] could not get window rect for HWND(0x3d0b96): The handle is invalid. (0x80070006)
17:50:30 [ERROR] could not get window rect for HWND(0x200b42): The handle is invalid. (0x80070006)
17:50:30 [ERROR] could not get window rect for HWND(0x290bea): The handle is invalid. (0x80070006)
17:50:46 [ERROR] could not get window rect for HWND(0x180b26): The handle is invalid. (0x80070006)
17:50:46 [ERROR] could not get window rect for HWND(0x200b3a): The handle is invalid. (0x80070006)
17:50:49 [ERROR] could not get window rect for HWND(0x1a0b26): The handle is invalid. (0x80070006)
17:50:49 [ERROR] could not get window rect for HWND(0x230b78): The handle is invalid. (0x80070006)
17:50:55 [ERROR] could not get window rect for HWND(0x1d0b26): The handle is invalid. (0x80070006)
17:50:55 [ERROR] could not get window rect for HWND(0x2d0b06): The handle is invalid. (0x80070006)
17:51:06 [ERROR] could not get window rect for HWND(0x210b26): The handle is invalid. (0x80070006)
17:51:06 [ERROR] could not get window rect for HWND(0x260b3a): The handle is invalid. (0x80070006)
17:51:22 [ERROR] could not get window rect for HWND(0x150a48): The handle is invalid. (0x80070006)
17:51:22 [ERROR] could not get window rect for HWND(0x290b0c): The handle is invalid. (0x80070006)
17:51:29 [ERROR] could not get window rect for HWND(0x190a48): The handle is invalid. (0x80070006)
17:51:29 [ERROR] could not get window rect for HWND(0x300bf6): The handle is invalid. (0x80070006)
17:51:32 [INFO] border is disabled for HWND(0x80772)
17:51:33 [ERROR] could not get window rect for HWND(0x1a0bfc): The handle is invalid. (0x80070006)
17:51:33 [ERROR] could not get window rect for HWND(0x480b32): The handle is invalid. (0x80070006)
17:51:36 [ERROR] could not get window rect for HWND(0x1d0bfc): The handle is invalid. (0x80070006)
17:51:36 [ERROR] could not get window rect for HWND(0x520b88): The handle is invalid. (0x80070006)
17:51:41 [ERROR] could not get window rect for HWND(0x200bfc): The handle is invalid. (0x80070006)
17:51:41 [ERROR] could not get window rect for HWND(0x2b0b26): The handle is invalid. (0x80070006)
17:51:42 [INFO] border is disabled for HWND(0x80772)
17:51:47 [ERROR] could not get window rect for HWND(0x230bfc): The handle is invalid. (0x80070006)
17:51:47 [ERROR] could not get window rect for HWND(0x330b0c): The handle is invalid. (0x80070006)
17:51:54 [ERROR] could not get window rect for HWND(0x360b0c): The handle is invalid. (0x80070006)
17:51:54 [ERROR] could not get window rect for HWND(0x390baa): The handle is invalid. (0x80070006)
17:52:01 [ERROR] could not get window rect for HWND(0x380b0c): The handle is invalid. (0x80070006)
17:52:01 [ERROR] could not get window rect for HWND(0x4e0b9c): The handle is invalid. (0x80070006)
17:52:01 [INFO] border is disabled for HWND(0x80772)
17:52:05 [ERROR] could not get window rect for HWND(0x3c0b0c): The handle is invalid. (0x80070006)
17:52:05 [ERROR] could not get window rect for HWND(0x3e0bf6): The handle is invalid. (0x80070006)
17:52:09 [ERROR] could not get window rect for HWND(0x3f0b0c): The handle is invalid. (0x80070006)
17:52:09 [ERROR] could not get window rect for HWND(0x5e0b88): The handle is invalid. (0x80070006)
17:52:15 [ERROR] could not get window rect for HWND(0x420b0c): The handle is invalid. (0x80070006)
17:52:15 [ERROR] could not get window rect for HWND(0x590b32): The handle is invalid. (0x80070006)
17:52:19 [ERROR] could not get window rect for HWND(0x450b0c): The handle is invalid. (0x80070006)
17:52:19 [ERROR] could not get window rect for HWND(0x410b06): The handle is invalid. (0x80070006)
17:52:24 [ERROR] could not get window rect for HWND(0x480b0c): The handle is invalid. (0x80070006)
17:52:24 [ERROR] could not get window rect for HWND(0x430bf8): The handle is invalid. (0x80070006)
17:52:29 [ERROR] could not get window rect for HWND(0x4b0b0c): The handle is invalid. (0x80070006)
17:52:29 [ERROR] could not get window rect for HWND(0x3b0b26): The handle is invalid. (0x80070006)
17:52:32 [ERROR] could not get window rect for HWND(0x330b50): The handle is invalid. (0x80070006)
17:52:32 [ERROR] could not get window rect for HWND(0x620b32): The handle is invalid. (0x80070006)
17:52:35 [ERROR] could not get window rect for HWND(0x370b50): The handle is invalid. (0x80070006)
17:52:35 [ERROR] could not get window rect for HWND(0x6a0b88): The handle is invalid. (0x80070006)
17:52:40 [ERROR] could not get window rect for HWND(0x3a0b50): The handle is invalid. (0x80070006)
17:52:40 [ERROR] could not get window rect for HWND(0x4a0b06): The handle is invalid. (0x80070006)
17:52:45 [ERROR] could not get window rect for HWND(0x3e0b50): The handle is invalid. (0x80070006)
17:52:45 [ERROR] could not get window rect for HWND(0x230a48): The handle is invalid. (0x80070006)
17:53:17 [ERROR] could not get window rect for HWND(0x3f0b52): The handle is invalid. (0x80070006)
17:53:17 [ERROR] could not get window rect for HWND(0x400b52): The handle is invalid. (0x80070006)
17:53:17 [ERROR] could not get window rect for HWND(0x210bcc): The handle is invalid. (0x80070006)
17:53:25 [ERROR] could not get window rect for HWND(0x430b52): The handle is invalid. (0x80070006)
17:53:25 [ERROR] could not get window rect for HWND(0x440b52): The handle is invalid. (0x80070006)
17:53:25 [ERROR] could not get window rect for HWND(0x300be6): The handle is invalid. (0x80070006)
17:53:32 [ERROR] could not get window rect for HWND(0x460b52): The handle is invalid. (0x80070006)
17:53:44 [ERROR] could not get window rect for HWND(0x320b5a): The handle is invalid. (0x80070006)
17:53:49 [INFO] border is disabled for HWND(0x80772)
17:56:23 [INFO] border is disabled for HWND(0x80772)
17:56:29 [INFO] border is disabled for HWND(0x80772)
17:57:27 [INFO] border is disabled for HWND(0x80772)
18:05:46 [INFO] border is disabled for HWND(0x80772)
18:08:03 [INFO] border is disabled for HWND(0x10424)
18:11:08 [INFO] border is disabled for HWND(0x10234)
18:11:08 [INFO] border is disabled for HWND(0x10250)
18:12:09 [INFO] border is disabled for HWND(0x80772)
18:14:00 [ERROR] could not get window rect for HWND(0x4200dba): The handle is invalid. (0x80070006)
18:14:11 [ERROR] could not get window rect for HWND(0xa20da6): The handle is invalid. (0x80070006)
18:15:21 [INFO] border is disabled for HWND(0x270bc6)
18:18:08 [INFO] border is disabled for HWND(0x80772)
18:18:49 [INFO] border is disabled for HWND(0x80772)
18:19:10 [INFO] border is disabled for HWND(0x80772)
18:19:45 [INFO] border is disabled for HWND(0x80772)
18:19:50 [INFO] border is disabled for HWND(0x80772)
18:21:36 [INFO] border is disabled for HWND(0x80772)
18:30:35 [INFO] border is disabled for HWND(0x80772)
18:31:31 [INFO] border is disabled for HWND(0x80772)
18:32:32 [INFO] border is disabled for HWND(0x80772)
18:33:27 [ERROR] could not get window rect for HWND(0xa350da4): The handle is invalid. (0x80070006)
18:36:18 [INFO] border is disabled for HWND(0x4e0dbc)
18:38:32 [ERROR] could not get window rect for HWND(0x1a0e76): The handle is invalid. (0x80070006)
18:39:24 [INFO] border is disabled for HWND(0x10424)
18:40:26 [ERROR] could not get window rect for HWND(0x270e76): The handle is invalid. (0x80070006)
18:44:33 [INFO] border is disabled for HWND(0x10424)
18:45:54 [INFO] border is disabled for HWND(0x10424)
18:52:38 [INFO] border is disabled for HWND(0x10424)
18:54:37 [INFO] border is disabled for HWND(0x10424)
18:54:40 [ERROR] could not get window rect for HWND(0x110df2): The handle is invalid. (0x80070006)
15:35:26 [INFO] starting tacky-borders
15:35:29 [INFO] border is disabled for HWND(0x10422)
15:40:25 [INFO] border is disabled for HWND(0x10422)
15:41:33 [INFO] border is disabled for HWND(0x10422)
15:41:46 [INFO] border is disabled for HWND(0x10422)
15:42:24 [INFO] border is disabled for HWND(0x10422)
16:21:52 [INFO] border is disabled for HWND(0x10422)
16:21:55 [INFO] border is disabled for HWND(0x10422)
16:21:56 [INFO] border is disabled for HWND(0x10422)
16:34:04 [INFO] border is disabled for HWND(0x10422)
16:42:12 [INFO] border is disabled for HWND(0xe052e)
16:42:23 [INFO] border is disabled for HWND(0x1022e)
16:42:23 [INFO] border is disabled for HWND(0x10254)
16:53:33 [INFO] border is disabled for HWND(0x1e0524)
17:10:20 [INFO] border is disabled for HWND(0x10422)
17:53:52 [INFO] border is disabled for HWND(0x10422)
17:57:38 [INFO] border is disabled for HWND(0x10422)
18:10:45 [INFO] border is disabled for HWND(0x10422)
18:31:05 [INFO] border is disabled for HWND(0x10422)
18:31:06 [INFO] border is disabled for HWND(0x10422)
18:31:07 [INFO] border is disabled for HWND(0x10422)
18:31:11 [INFO] border is disabled for HWND(0x10422)
18:31:13 [ERROR] could not get window rect for HWND(0x4066a): The handle is invalid. (0x80070006)
18:31:13 [ERROR] could not get window rect for HWND(0xc064a): The handle is invalid. (0x80070006)
16:15:07 [INFO] starting tacky-borders
16:15:09 [INFO] border is disabled for HWND(0x10454)
16:15:30 [INFO] border is disabled for HWND(0x10454)
16:17:23 [INFO] border is disabled for HWND(0x10454)
16:17:27 [INFO] border is disabled for HWND(0x10454)
16:29:54 [INFO] border is disabled for HWND(0x10454)
16:34:57 [INFO] border is disabled for HWND(0x1705ac)
16:40:55 [INFO] border is disabled for HWND(0x10454)
16:50:01 [INFO] border is disabled for HWND(0x25058e)
16:57:22 [INFO] border is disabled for HWND(0x25058e)
17:00:14 [INFO] border is disabled for HWND(0x221064c)
17:01:01 [INFO] border is disabled for HWND(0x25058e)
17:01:55 [INFO] border is disabled for HWND(0x25058e)
17:16:15 [INFO] border is disabled for HWND(0x25058e)
17:16:42 [INFO] border is disabled for HWND(0x10454)
17:17:46 [INFO] border is disabled for HWND(0x25058e)
17:39:12 [INFO] border is disabled for HWND(0xd0736)
17:49:39 [INFO] border is disabled for HWND(0x25058e)
17:49:53 [INFO] border is disabled for HWND(0x25058e)
17:50:30 [INFO] border is disabled for HWND(0x25058e)
17:50:35 [INFO] border is disabled for HWND(0x25058e)
18:06:41 [INFO] border is disabled for HWND(0x25058e)
18:12:08 [INFO] border is disabled for HWND(0x25058e)
18:12:24 [INFO] border is disabled for HWND(0x25058e)
18:16:00 [INFO] border is disabled for HWND(0x25058e)
18:16:26 [INFO] border is disabled for HWND(0x25058e)
18:17:36 [INFO] border is disabled for HWND(0x25058e)
18:32:54 [INFO] border is disabled for HWND(0x10454)
18:32:55 [INFO] border is disabled for HWND(0x10454)
18:49:23 [ERROR] could not get window rect for HWND(0x160626): The handle is invalid. (0x80070006)
18:55:15 [INFO] border is disabled for HWND(0x10454)
18:55:20 [INFO] border is disabled for HWND(0x25058e)
18:55:20 [ERROR] could not get window rect for HWND(0x505ea): The handle is invalid. (0x80070006)
15:37:58 [INFO] starting tacky-borders
15:38:01 [INFO] border is disabled for HWND(0x10428)
15:41:58 [INFO] border is disabled for HWND(0x10428)
15:48:17 [INFO] border is disabled for HWND(0x10428)
15:53:49 [INFO] border is disabled for HWND(0x10428)
15:53:56 [INFO] border is disabled for HWND(0x10428)
16:03:27 [INFO] border is disabled for HWND(0x10428)
16:11:35 [INFO] border is disabled for HWND(0x10428)
16:30:49 [INFO] border is disabled for HWND(0x10428)
16:36:33 [INFO] border is disabled for HWND(0x10428)
16:56:30 [INFO] border is disabled for HWND(0x10428)
16:56:59 [INFO] border is disabled for HWND(0x1022e)
16:56:59 [INFO] border is disabled for HWND(0x20254)
16:57:06 [INFO] border is disabled for HWND(0x80692)
17:01:01 [INFO] border is disabled for HWND(0x80692)
18:42:22 [ERROR] could not get window rect for HWND(0x128064a): The handle is invalid. (0x80070006)
18:43:35 [INFO] border is disabled for HWND(0x10428)
18:46:14 [INFO] border is disabled for HWND(0x10428)
18:46:16 [ERROR] could not get window rect for HWND(0xb04e6): The handle is invalid. (0x80070006)
15:27:16 [INFO] starting tacky-borders
15:27:18 [INFO] border is disabled for HWND(0x10448)
15:28:34 [INFO] border is disabled for HWND(0x10448)
15:33:47 [INFO] border is disabled for HWND(0x10448)
15:34:26 [INFO] border is disabled for HWND(0x10448)
15:34:28 [INFO] border is disabled for HWND(0x10448)
15:34:31 [INFO] border is disabled for HWND(0x10448)
15:35:49 [INFO] border is disabled for HWND(0x10448)
16:50:00 [INFO] border is disabled for HWND(0xa06c2)
18:36:11 [ERROR] could not get window rect for HWND(0x20672): The handle is invalid. (0x80070006)
18:42:41 [INFO] border is disabled for HWND(0xa06c2)
18:55:47 [INFO] border is disabled for HWND(0x10448)
18:59:15 [INFO] border is disabled for HWND(0xa06c2)
19:00:07 [INFO] border is disabled for HWND(0x10448)
19:00:09 [ERROR] could not get window rect for HWND(0x890676): The handle is invalid. (0x80070006)
19:00:10 [ERROR] could not get window rect for HWND(0x20688): The handle is invalid. (0x80070006)
13:47:31 [INFO] starting tacky-borders
13:47:34 [INFO] border is disabled for HWND(0x10448)
13:48:56 [INFO] border is disabled for HWND(0x10448)
13:52:53 [INFO] border is disabled for HWND(0x1067a)
14:43:47 [INFO] border is disabled for HWND(0x10448)
16:50:59 [INFO] border is disabled for HWND(0x10216)
16:50:59 [INFO] border is disabled for HWND(0x10234)
17:19:17 [ERROR] could not get window rect for HWND(0x2064a): The handle is invalid. (0x80070006)
17:19:39 [ERROR] could not get window rect for HWND(0x1d0764): The handle is invalid. (0x80070006)
18:31:56 [ERROR] could not get window rect for HWND(0xa05c0): The handle is invalid. (0x80070006)
18:33:04 [INFO] border is disabled for HWND(0x10448)
18:45:31 [INFO] border is disabled for HWND(0x10448)
18:45:33 [INFO] border is disabled for HWND(0x10448)
18:48:20 [INFO] border is disabled for HWND(0x10448)
18:48:34 [ERROR] could not get window rect for HWND(0x1506be): The handle is invalid. (0x80070006)
08:01:13 [INFO] starting tacky-borders
08:01:13 [INFO] border is disabled for HWND(0x10414)
08:14:22 [INFO] border is disabled for HWND(0x10414)
08:20:38 [INFO] border is disabled for HWND(0x10414)
08:23:26 [INFO] border is disabled for HWND(0x10414)
08:23:39 [INFO] border is disabled for HWND(0x10414)
08:58:50 [INFO] border is disabled for HWND(0x10414)
10:02:01 [ERROR] could not get window rect for HWND(0x704ec): The handle is invalid. (0x80070006)
10:02:20 [INFO] border is disabled for HWND(0x10414)
10:02:21 [ERROR] could not get window rect for HWND(0xc04ba): The handle is invalid. (0x80070006)
10:02:22 [ERROR] could not get window rect for HWND(0x3075c): The handle is invalid. (0x80070006)
15:43:17 [INFO] starting tacky-borders
15:43:19 [INFO] border is disabled for HWND(0x10414)
15:47:57 [INFO] border is disabled for HWND(0x10414)
15:48:21 [ERROR] could not get window rect for HWND(0x30354): The handle is invalid. (0x80070006)
15:54:19 [INFO] border is disabled for HWND(0x10414)
17:11:52 [ERROR] could not get window rect for HWND(0x2059e): The handle is invalid. (0x80070006)
17:12:09 [INFO] border is disabled for HWND(0x10414)
17:12:24 [ERROR] could not get window rect for HWND(0x9057a): The handle is invalid. (0x80070006)
17:12:24 [INFO] border is disabled for HWND(0x40578)
17:12:47 [INFO] border is disabled for HWND(0x10414)
17:17:02 [INFO] border is disabled for HWND(0x10414)
17:17:24 [INFO] border is disabled for HWND(0x40578)
17:21:02 [INFO] border is disabled for HWND(0x40578)
17:34:48 [INFO] border is disabled for HWND(0x40578)
17:34:55 [INFO] border is disabled for HWND(0x40578)
17:39:39 [INFO] border is disabled for HWND(0x430632)
17:42:16 [INFO] border is disabled for HWND(0x10414)
17:43:01 [INFO] border is disabled for HWND(0x40578)
17:43:20 [INFO] border is disabled for HWND(0x40578)
17:43:37 [INFO] border is disabled for HWND(0x40578)
17:43:48 [INFO] border is disabled for HWND(0x40578)
17:44:27 [INFO] border is disabled for HWND(0x40578)
17:45:17 [INFO] border is disabled for HWND(0x40578)
17:45:45 [INFO] border is disabled for HWND(0x40578)
17:49:11 [INFO] border is disabled for HWND(0x10414)
17:53:22 [INFO] border is disabled for HWND(0x3903ac)
17:58:24 [INFO] border is disabled for HWND(0x2022a)
17:58:24 [INFO] border is disabled for HWND(0x1024c)
17:58:28 [INFO] border is disabled for HWND(0x10414)
17:58:32 [INFO] border is disabled for HWND(0x10414)
18:01:48 [INFO] border is disabled for HWND(0xb07a4)
18:05:46 [INFO] border is disabled for HWND(0x40578)
18:06:05 [INFO] border is disabled for HWND(0xe07aa)
18:08:15 [INFO] border is disabled for HWND(0x40578)
18:08:39 [INFO] border is disabled for HWND(0x40578)
18:08:46 [INFO] border is disabled for HWND(0x40578)
18:08:52 [INFO] border is disabled for HWND(0x40578)
18:10:48 [INFO] border is disabled for HWND(0x40578)
18:11:00 [INFO] border is disabled for HWND(0x40578)
18:20:48 [INFO] border is disabled for HWND(0x2c07a4)
18:34:15 [INFO] border is disabled for HWND(0xc007b6)
18:34:28 [INFO] border is disabled for HWND(0x10414)
18:38:41 [INFO] border is disabled for HWND(0x3607d4)
18:53:50 [INFO] border is disabled for HWND(0x4f0798)
19:07:31 [INFO] border is disabled for HWND(0x40578)
19:07:38 [INFO] border is disabled for HWND(0x40578)
19:09:02 [INFO] border is disabled for HWND(0x40578)
19:10:03 [INFO] border is disabled for HWND(0x10414)
19:11:29 [INFO] border is disabled for HWND(0x10414)
19:11:32 [INFO] border is disabled for HWND(0x10414)
19:11:34 [INFO] border is disabled for HWND(0x10414)
19:11:36 [INFO] border is disabled for HWND(0x10414)
19:11:36 [INFO] border is disabled for HWND(0x10414)
19:11:37 [INFO] border is disabled for HWND(0x10414)
19:11:37 [INFO] border is disabled for HWND(0x10414)
19:11:38 [INFO] border is disabled for HWND(0x10414)
19:11:39 [INFO] border is disabled for HWND(0x10414)
19:11:40 [INFO] border is disabled for HWND(0x10414)
19:11:46 [INFO] border is disabled for HWND(0x10414)
19:11:49 [INFO] border is disabled for HWND(0x10414)
19:11:50 [ERROR] could not get window rect for HWND(0x30792): The handle is invalid. (0x80070006)
19:11:51 [ERROR] could not get window rect for HWND(0x30754): The handle is invalid. (0x80070006)
14:21:22 [INFO] starting tacky-borders
14:40:50 [INFO] border is disabled for HWND(0x103c0)
14:40:52 [INFO] border is disabled for HWND(0x103c0)
14:40:54 [INFO] border is disabled for HWND(0x103c0)
14:40:58 [INFO] border is disabled for HWND(0x103c0)
14:43:03 [INFO] border is disabled for HWND(0x405c4)
14:46:23 [INFO] border is disabled for HWND(0xe05be)
14:59:24 [INFO] border is disabled for HWND(0xa05c4)
15:48:12 [INFO] border is disabled for HWND(0x103c0)
16:01:03 [INFO] border is disabled for HWND(0x10630)
16:03:43 [INFO] border is disabled for HWND(0x103c0)
16:28:30 [INFO] border is disabled for HWND(0x10630)
16:28:44 [INFO] border is disabled for HWND(0x10630)
16:29:08 [INFO] border is disabled for HWND(0x10630)
16:29:55 [INFO] border is disabled for HWND(0x10630)
16:30:12 [INFO] border is disabled for HWND(0x10630)
16:30:43 [INFO] border is disabled for HWND(0x10630)
16:31:04 [INFO] border is disabled for HWND(0x10630)
16:31:20 [INFO] border is disabled for HWND(0x10630)
16:31:37 [INFO] border is disabled for HWND(0x10630)
16:31:51 [INFO] border is disabled for HWND(0x10630)
16:32:14 [INFO] border is disabled for HWND(0x10630)
16:32:46 [INFO] border is disabled for HWND(0x10630)
16:33:11 [INFO] border is disabled for HWND(0x10630)
16:33:33 [INFO] border is disabled for HWND(0x10630)
16:34:31 [INFO] border is disabled for HWND(0x10630)
16:50:00 [INFO] border is disabled for HWND(0x10630)
16:52:11 [INFO] border is disabled for HWND(0x10630)
16:54:06 [INFO] border is disabled for HWND(0x10630)
16:58:34 [INFO] border is disabled for HWND(0x10254)
16:58:34 [INFO] border is disabled for HWND(0x10270)
17:01:04 [INFO] border is disabled for HWND(0x10630)
17:01:38 [INFO] border is disabled for HWND(0x10630)
17:01:49 [INFO] border is disabled for HWND(0x10630)
17:02:18 [INFO] border is disabled for HWND(0x103c0)
17:02:20 [INFO] border is disabled for HWND(0x103c0)
17:02:37 [INFO] border is disabled for HWND(0x103c0)
17:02:40 [INFO] border is disabled for HWND(0x103c0)
17:03:38 [INFO] border is disabled for HWND(0x103c0)
17:16:35 [INFO] border is disabled for HWND(0x103c0)
18:12:22 [INFO] border is disabled for HWND(0x10630)
18:13:13 [INFO] border is disabled for HWND(0x10630)
18:13:58 [INFO] border is disabled for HWND(0x103c0)
18:14:00 [INFO] border is disabled for HWND(0x103c0)
18:14:08 [INFO] border is disabled for HWND(0x10254)
18:14:08 [INFO] border is disabled for HWND(0x10270)
18:14:15 [INFO] border is disabled for HWND(0x103c0)
18:14:28 [INFO] border is disabled for HWND(0x137060e)
18:15:07 [INFO] border is disabled for HWND(0x10630)
18:16:05 [INFO] border is disabled for HWND(0x10630)
18:16:47 [INFO] border is disabled for HWND(0x10254)
18:16:47 [INFO] border is disabled for HWND(0x10270)
18:20:14 [INFO] border is disabled for HWND(0x10630)
18:25:47 [INFO] border is disabled for HWND(0x10254)
18:25:47 [INFO] border is disabled for HWND(0x10270)
18:25:59 [INFO] border is disabled for HWND(0x103c0)
18:26:41 [INFO] border is disabled for HWND(0x103c0)
18:47:24 [INFO] border is disabled for HWND(0x10630)
18:58:47 [INFO] border is disabled for HWND(0x103c0)
18:58:51 [ERROR] could not get window rect for HWND(0x1770680): The handle is invalid. (0x80070006)
17:08:27 [INFO] starting tacky-borders
17:08:30 [INFO] border is disabled for HWND(0x1042c)
17:09:02 [INFO] border is disabled for HWND(0x1042c)
17:09:05 [INFO] border is disabled for HWND(0x1042c)
17:13:12 [INFO] border is disabled for HWND(0x1042c)
17:15:32 [INFO] border is disabled for HWND(0x1022e)
17:15:32 [INFO] border is disabled for HWND(0x10256)
17:15:41 [INFO] border is disabled for HWND(0x10680)
17:16:13 [INFO] border is disabled for HWND(0x10680)
17:17:14 [INFO] border is disabled for HWND(0x10680)
17:18:00 [INFO] border is disabled for HWND(0x10680)
17:49:02 [INFO] border is disabled for HWND(0x10680)
17:49:06 [INFO] border is disabled for HWND(0x10680)
18:02:28 [INFO] border is disabled for HWND(0x1042c)
18:03:34 [INFO] border is disabled for HWND(0x10680)
18:03:35 [INFO] border is disabled for HWND(0x1042c)
18:05:00 [INFO] border is disabled for HWND(0x1042c)
18:05:02 [INFO] border is disabled for HWND(0x1042c)
18:05:12 [INFO] border is disabled for HWND(0x10680)
18:05:57 [INFO] border is disabled for HWND(0x1042c)
18:07:01 [INFO] border is disabled for HWND(0x1022e)
18:07:01 [INFO] border is disabled for HWND(0x10256)
18:07:23 [INFO] border is disabled for HWND(0x10680)
18:08:27 [INFO] border is disabled for HWND(0x10680)
18:08:30 [INFO] border is disabled for HWND(0x10680)
18:10:09 [INFO] border is disabled for HWND(0x1022e)
18:10:09 [INFO] border is disabled for HWND(0x10256)
18:12:07 [INFO] border is disabled for HWND(0x1022e)
18:12:07 [INFO] border is disabled for HWND(0x10256)
18:12:48 [INFO] border is disabled for HWND(0x1042c)
18:27:11 [INFO] border is disabled for HWND(0x10680)
18:28:32 [INFO] border is disabled for HWND(0x10680)
18:28:48 [INFO] border is disabled for HWND(0x10680)
18:28:50 [INFO] border is disabled for HWND(0x10680)
18:29:29 [INFO] border is disabled for HWND(0x10680)
18:29:38 [INFO] border is disabled for HWND(0x10680)
18:42:09 [INFO] border is disabled for HWND(0x10680)
18:47:38 [INFO] border is disabled for HWND(0x1042c)
18:47:42 [INFO] border is disabled for HWND(0x1042c)
18:47:45 [ERROR] could not get window rect for HWND(0x102044e): The handle is invalid. (0x80070006)
15:55:05 [INFO] starting tacky-borders
15:55:08 [INFO] border is disabled for HWND(0x1043a)
15:55:49 [INFO] border is disabled for HWND(0x10490)
16:20:09 [INFO] border is disabled for HWND(0x1043a)
16:23:29 [INFO] border is disabled for HWND(0x10490)
16:23:55 [INFO] border is disabled for HWND(0x1043a)
16:24:58 [INFO] border is disabled for HWND(0x1043a)
16:24:59 [INFO] border is disabled for HWND(0x10216)
16:24:59 [INFO] border is disabled for HWND(0x10256)
16:25:05 [ERROR] could not set window position for HWND(0x5a059e): Access is denied. (0x80070005)
16:25:05 [ERROR] could not set window position for HWND(0x5a059e): Access is denied. (0x80070005)
16:25:05 [INFO] border is disabled for HWND(0x10490)
16:25:05 [ERROR] could not send animation timer message for HWND(0x405d6): Invalid window handle. (0x80070578)
16:25:08 [INFO] border is disabled for HWND(0x1043a)
16:26:08 [ERROR] could not set window position for HWND(0xb057c): Access is denied. (0x80070005)
16:26:08 [ERROR] could not set window position for HWND(0xb057c): Access is denied. (0x80070005)
16:26:08 [ERROR] could not send animation timer message for HWND(0x10618): Invalid window handle. (0x80070578)
16:26:14 [ERROR] could not set window position for HWND(0x20618): Access is denied. (0x80070005)
16:26:14 [ERROR] could not set window position for HWND(0x20618): Access is denied. (0x80070005)
16:26:14 [ERROR] could not send animation timer message for HWND(0x1064a): Invalid window handle. (0x80070578)
16:54:34 [INFO] border is disabled for HWND(0x1043a)
17:06:10 [INFO] border is disabled for HWND(0x1043a)
17:07:19 [INFO] border is disabled for HWND(0x10490)
17:16:36 [INFO] border is disabled for HWND(0x10490)
17:16:37 [INFO] border is disabled for HWND(0x10490)
17:16:40 [INFO] border is disabled for HWND(0x10490)
17:16:43 [INFO] border is disabled for HWND(0x10490)
17:17:18 [INFO] border is disabled for HWND(0x10490)
17:17:31 [INFO] border is disabled for HWND(0x10490)
17:17:37 [INFO] border is disabled for HWND(0x10490)
17:25:22 [INFO] border is disabled for HWND(0x10216)
17:25:22 [INFO] border is disabled for HWND(0x10256)
17:27:11 [INFO] border is disabled for HWND(0x10490)
17:28:22 [INFO] border is disabled for HWND(0x10490)
17:28:28 [INFO] border is disabled for HWND(0x10490)
17:55:10 [INFO] border is disabled for HWND(0xc3063e)
18:04:28 [INFO] border is disabled for HWND(0x10216)
18:04:28 [INFO] border is disabled for HWND(0x10256)
18:04:30 [INFO] border is disabled for HWND(0x10216)
18:04:32 [INFO] border is disabled for HWND(0x1043a)
18:04:38 [INFO] border is disabled for HWND(0x10216)
18:04:38 [INFO] border is disabled for HWND(0x10256)
18:05:22 [ERROR] could not set window position for HWND(0x906e0): Access is denied. (0x80070005)
18:05:22 [ERROR] could not set window position for HWND(0x906e0): Access is denied. (0x80070005)
18:05:22 [ERROR] could not set window position for HWND(0x906e0): Access is denied. (0x80070005)
18:05:49 [INFO] border is disabled for HWND(0x1043a)
18:17:30 [INFO] border is disabled for HWND(0x1043a)
18:23:51 [INFO] border is disabled for HWND(0x1043a)
18:36:42 [INFO] border is disabled for HWND(0x1043a)
18:46:25 [INFO] border is disabled for HWND(0x1043a)
18:57:02 [INFO] border is disabled for HWND(0x1043a)
18:57:06 [ERROR] could not get window rect for HWND(0x404dc): The handle is invalid. (0x80070006)
18:57:07 [ERROR] could not get window rect for HWND(0x602e2): The handle is invalid. (0x80070006)
15:23:50 [INFO] starting tacky-borders
15:23:52 [INFO] border is disabled for HWND(0x1044a)
15:24:22 [INFO] border is disabled for HWND(0x1022c)
15:24:22 [INFO] border is disabled for HWND(0x1024a)
15:24:29 [INFO] border is disabled for HWND(0x1022c)
15:24:29 [INFO] border is disabled for HWND(0x1024a)
15:24:34 [INFO] border is disabled for HWND(0x1044a)
15:24:56 [INFO] border is disabled for HWND(0x604a4)
15:25:22 [INFO] border is disabled for HWND(0x1022c)
15:25:22 [INFO] border is disabled for HWND(0x1024a)
15:26:59 [ERROR] could not set window position for HWND(0x206b4): Access is denied. (0x80070005)
15:26:59 [ERROR] could not set window position for HWND(0x206b4): Access is denied. (0x80070005)
15:26:59 [ERROR] could not set window position for HWND(0x206b4): Access is denied. (0x80070005)
15:27:24 [ERROR] could not get window rect for HWND(0x50038): The handle is invalid. (0x80070006)
15:34:38 [INFO] border is disabled for HWND(0x1022c)
15:34:38 [INFO] border is disabled for HWND(0x1024a)
15:49:03 [INFO] border is disabled for HWND(0x1022c)
15:49:03 [INFO] border is disabled for HWND(0x1024a)
15:49:04 [INFO] border is disabled for HWND(0x1022c)
15:49:04 [INFO] border is disabled for HWND(0x1024a)
15:49:42 [INFO] border is disabled for HWND(0x1022c)
15:49:42 [INFO] border is disabled for HWND(0x1024a)
15:49:44 [INFO] border is disabled for HWND(0x1022c)
15:49:44 [INFO] border is disabled for HWND(0x1024a)
15:49:45 [INFO] border is disabled for HWND(0x1022c)
15:49:45 [INFO] border is disabled for HWND(0x1024a)
15:49:47 [INFO] border is disabled for HWND(0x1022c)
15:49:47 [INFO] border is disabled for HWND(0x1024a)
15:49:50 [INFO] border is disabled for HWND(0x1022c)
15:49:50 [INFO] border is disabled for HWND(0x1024a)
15:49:53 [INFO] border is disabled for HWND(0x1022c)
15:49:53 [INFO] border is disabled for HWND(0x1024a)
15:52:06 [INFO] border is disabled for HWND(0x1022c)
15:52:06 [INFO] border is disabled for HWND(0x1024a)
15:52:56 [ERROR] could not set window position for HWND(0x200c2): Access is denied. (0x80070005)
15:52:56 [ERROR] could not set window position for HWND(0x200c2): Access is denied. (0x80070005)
15:52:56 [ERROR] could not send animation timer message for HWND(0x200b8): Invalid window handle. (0x80070578)
15:53:35 [ERROR] could not set window position for HWND(0x20692): Access is denied. (0x80070005)
15:53:35 [ERROR] could not set window position for HWND(0x20692): Access is denied. (0x80070005)
15:53:35 [ERROR] could not set window position for HWND(0x20692): Access is denied. (0x80070005)
15:53:35 [INFO] border is disabled for HWND(0x604a4)
15:54:39 [INFO] border is disabled for HWND(0x1022c)
15:54:39 [INFO] border is disabled for HWND(0x1024a)
15:54:41 [INFO] border is disabled for HWND(0x1022c)
15:54:41 [INFO] border is disabled for HWND(0x1024a)
15:54:42 [INFO] border is disabled for HWND(0x1022c)
15:54:42 [INFO] border is disabled for HWND(0x1024a)
15:55:00 [INFO] border is disabled for HWND(0x1022c)
15:55:00 [INFO] border is disabled for HWND(0x1024a)
15:55:02 [INFO] border is disabled for HWND(0x1022c)
15:55:02 [INFO] border is disabled for HWND(0x1024a)
15:56:41 [INFO] border is disabled for HWND(0x1022c)
15:57:40 [ERROR] could not get window rect for HWND(0x2024a): The handle is invalid. (0x80070006)
15:58:11 [INFO] border is disabled for HWND(0x1044a)
15:58:54 [INFO] border is disabled for HWND(0x1044a)
15:58:58 [INFO] border is disabled for HWND(0x1044a)
15:58:59 [INFO] border is disabled for HWND(0x1044a)
15:59:01 [INFO] border is disabled for HWND(0x1044a)
15:59:01 [INFO] border is disabled for HWND(0x1044a)
15:59:09 [INFO] border is disabled for HWND(0x1022c)
15:59:09 [INFO] border is disabled for HWND(0x20270)
15:59:48 [INFO] border is disabled for HWND(0x20270)
15:59:48 [INFO] border is disabled for HWND(0x20282)
15:59:49 [INFO] border is disabled for HWND(0x1022c)
15:59:49 [INFO] border is disabled for HWND(0x20270)
15:59:50 [INFO] border is disabled for HWND(0x1022c)
15:59:50 [INFO] border is disabled for HWND(0x20270)
15:59:55 [INFO] border is disabled for HWND(0x1044a)
16:00:26 [INFO] border is disabled for HWND(0x1022c)
16:00:26 [INFO] border is disabled for HWND(0x20270)
16:00:39 [INFO] border is disabled for HWND(0x1022c)
16:00:39 [INFO] border is disabled for HWND(0x20270)
16:00:41 [INFO] border is disabled for HWND(0x1022c)
16:00:41 [INFO] border is disabled for HWND(0x20270)
16:00:42 [INFO] border is disabled for HWND(0x1022c)
16:00:42 [INFO] border is disabled for HWND(0x20270)
16:00:49 [INFO] border is disabled for HWND(0x1022c)
16:00:49 [INFO] border is disabled for HWND(0x20270)
16:00:50 [INFO] border is disabled for HWND(0x1022c)
16:00:50 [INFO] border is disabled for HWND(0x20270)
16:00:52 [INFO] border is disabled for HWND(0x1022c)
16:00:52 [INFO] border is disabled for HWND(0x20270)
16:04:56 [INFO] border is disabled for HWND(0x1022c)
16:04:56 [INFO] border is disabled for HWND(0x20270)
16:06:22 [INFO] border is disabled for HWND(0x1022c)
16:06:22 [INFO] border is disabled for HWND(0x20270)
16:06:24 [INFO] border is disabled for HWND(0x1022c)
16:06:24 [INFO] border is disabled for HWND(0x20270)
16:06:31 [INFO] border is disabled for HWND(0x1022c)
16:06:31 [INFO] border is disabled for HWND(0x20270)
16:06:33 [INFO] border is disabled for HWND(0x1022c)
16:06:33 [INFO] border is disabled for HWND(0x20270)
16:06:34 [INFO] border is disabled for HWND(0x1022c)
16:06:34 [INFO] border is disabled for HWND(0x20270)
16:06:35 [INFO] border is disabled for HWND(0x1022c)
16:06:35 [INFO] border is disabled for HWND(0x20270)
16:07:44 [INFO] border is disabled for HWND(0x1022c)
16:07:44 [INFO] border is disabled for HWND(0x20270)
16:12:46 [INFO] border is disabled for HWND(0x20270)
16:14:08 [INFO] border is disabled for HWND(0x1044a)
16:14:54 [INFO] border is disabled for HWND(0x1044a)
16:14:56 [INFO] border is disabled for HWND(0x1044a)
16:15:02 [INFO] border is disabled for HWND(0x1044a)
16:15:31 [INFO] border is disabled for HWND(0x1044a)
16:19:23 [INFO] border is disabled for HWND(0x1022c)
16:19:23 [INFO] border is disabled for HWND(0x20270)
16:19:24 [INFO] border is disabled for HWND(0x1044a)
16:19:38 [INFO] border is disabled for HWND(0x8406d0)
16:29:42 [INFO] border is disabled for HWND(0x1044a)
16:29:48 [INFO] border is disabled for HWND(0x1044a)
16:35:39 [INFO] border is disabled for HWND(0x1044a)
16:35:53 [INFO] border is disabled for HWND(0x1044a)
16:37:59 [INFO] border is disabled for HWND(0x1044a)
16:38:37 [INFO] border is disabled for HWND(0x1044a)
16:38:40 [INFO] border is disabled for HWND(0x1022c)
16:38:40 [INFO] border is disabled for HWND(0x20270)
16:38:46 [INFO] border is disabled for HWND(0x1044a)
16:51:22 [INFO] border is disabled for HWND(0x1044a)
16:51:24 [INFO] border is disabled for HWND(0x1044a)
17:21:32 [INFO] border is disabled for HWND(0x1044a)
17:54:50 [INFO] border is disabled for HWND(0x1044a)
17:55:05 [INFO] border is disabled for HWND(0x604a4)
18:06:07 [INFO] border is disabled for HWND(0x1044a)
18:06:10 [INFO] border is disabled for HWND(0x1044a)
18:12:57 [INFO] border is disabled for HWND(0x1022c)
18:12:57 [INFO] border is disabled for HWND(0x20270)
18:12:57 [INFO] border is disabled for HWND(0x1022c)
18:12:57 [INFO] border is disabled for HWND(0x20270)
18:12:58 [INFO] border is disabled for HWND(0x1022c)
18:12:58 [INFO] border is disabled for HWND(0x20270)
18:12:59 [INFO] border is disabled for HWND(0x1022c)
18:12:59 [INFO] border is disabled for HWND(0x20270)
18:13:00 [INFO] border is disabled for HWND(0x1022c)
18:13:00 [INFO] border is disabled for HWND(0x20270)
18:13:00 [INFO] border is disabled for HWND(0x1022c)
18:13:00 [INFO] border is disabled for HWND(0x20270)
18:13:01 [INFO] border is disabled for HWND(0x1022c)
18:13:01 [INFO] border is disabled for HWND(0x20270)
18:13:02 [INFO] border is disabled for HWND(0x1022c)
18:13:02 [INFO] border is disabled for HWND(0x20270)
18:13:02 [INFO] border is disabled for HWND(0x1022c)
18:13:02 [INFO] border is disabled for HWND(0x20270)
18:19:00 [INFO] border is disabled for HWND(0x604a4)
18:19:12 [INFO] border is disabled for HWND(0x604a4)
18:25:20 [INFO] border is disabled for HWND(0x1044a)
18:25:39 [INFO] border is disabled for HWND(0x604a4)
18:27:25 [INFO] border is disabled for HWND(0x1044a)
18:28:37 [INFO] border is disabled for HWND(0x1044a)
18:28:40 [ERROR] could not get window rect for HWND(0x2b0820): The handle is invalid. (0x80070006)
18:28:41 [ERROR] could not get window rect for HWND(0x5d0826): The handle is invalid. (0x80070006)
15:50:01 [INFO] starting tacky-borders
15:50:03 [INFO] border is disabled for HWND(0x1043c)
15:54:11 [INFO] border is disabled for HWND(0x1043c)
15:56:42 [INFO] border is disabled for HWND(0x1043c)
15:57:25 [INFO] border is disabled for HWND(0x1022c)
15:57:25 [INFO] border is disabled for HWND(0x1024e)
15:57:27 [INFO] border is disabled for HWND(0x1022c)
15:57:27 [INFO] border is disabled for HWND(0x1024e)
15:57:31 [INFO] border is disabled for HWND(0x1043c)
16:03:09 [INFO] border is disabled for HWND(0x1043c)
16:04:16 [INFO] border is disabled for HWND(0x1043c)
16:12:31 [INFO] border is disabled for HWND(0x1043c)
16:14:26 [INFO] border is disabled for HWND(0x1043c)
16:22:56 [INFO] border is disabled for HWND(0x1043c)
16:29:46 [ERROR] could not set window position for HWND(0x4067a): Access is denied. (0x80070005)
16:29:46 [ERROR] could not set window position for HWND(0x4067a): Access is denied. (0x80070005)
16:29:46 [ERROR] could not set window position for HWND(0x4067a): Access is denied. (0x80070005)
16:29:46 [ERROR] could not set window position for HWND(0x4067a): Access is denied. (0x80070005)
16:29:46 [ERROR] could not set window position for HWND(0x4067a): Access is denied. (0x80070005)
16:29:46 [ERROR] could not set window position for HWND(0x4067a): Access is denied. (0x80070005)
16:29:47 [ERROR] could not set window position for HWND(0x40672): Access is denied. (0x80070005)
16:29:47 [ERROR] could not set window position for HWND(0x40672): Access is denied. (0x80070005)
16:29:47 [ERROR] could not set window position for HWND(0x40672): Access is denied. (0x80070005)
16:29:47 [INFO] border is disabled for HWND(0x3053c)
16:33:15 [INFO] border is disabled for HWND(0x1043c)
16:54:05 [INFO] border is disabled for HWND(0x1043c)
17:00:45 [INFO] border is disabled for HWND(0x1022c)
17:00:45 [INFO] border is disabled for HWND(0x1024e)
17:10:49 [INFO] border is disabled for HWND(0x1043c)
17:20:37 [INFO] border is disabled for HWND(0x1043c)
17:22:27 [INFO] border is disabled for HWND(0x1043c)
17:23:05 [INFO] border is disabled for HWND(0x1043c)
17:25:21 [INFO] border is disabled for HWND(0x1043c)
17:25:27 [INFO] border is disabled for HWND(0x1043c)
17:27:06 [INFO] border is disabled for HWND(0x1043c)
17:27:12 [INFO] border is disabled for HWND(0x1043c)
17:27:37 [INFO] border is disabled for HWND(0x1043c)
17:28:09 [INFO] border is disabled for HWND(0x1043c)
17:28:39 [INFO] border is disabled for HWND(0x1043c)
17:28:41 [INFO] border is disabled for HWND(0x1043c)
17:29:37 [INFO] border is disabled for HWND(0x1043c)
17:30:49 [INFO] border is disabled for HWND(0x3053c)
17:30:50 [ERROR] could not get window rect for HWND(0xb07aa): The handle is invalid. (0x80070006)
17:31:03 [ERROR] could not get window rect for HWND(0x60570): The handle is invalid. (0x80070006)
17:31:10 [ERROR] could not get window rect for HWND(0x12054c): The handle is invalid. (0x80070006)
17:31:55 [INFO] border is disabled for HWND(0x3053c)
17:32:01 [ERROR] could not set window position for HWND(0x210562): Access is denied. (0x80070005)
17:32:01 [ERROR] could not set window position for HWND(0x210562): Access is denied. (0x80070005)
17:32:01 [ERROR] could not set window position for HWND(0x210562): Access is denied. (0x80070005)
17:32:18 [ERROR] could not get window rect for HWND(0x15020e): The handle is invalid. (0x80070006)
17:34:35 [ERROR] could not set window position for HWND(0x130854): Access is denied. (0x80070005)
17:34:35 [ERROR] could not set window position for HWND(0x130854): Access is denied. (0x80070005)
17:34:35 [ERROR] could not set window position for HWND(0x130854): Access is denied. (0x80070005)
17:39:02 [ERROR] could not set window position for HWND(0x160854): Access is denied. (0x80070005)
17:39:02 [ERROR] could not set window position for HWND(0x160854): Access is denied. (0x80070005)
17:39:02 [ERROR] could not set window position for HWND(0x160854): Access is denied. (0x80070005)
18:10:23 [ERROR] could not set window position for HWND(0x25054c): Access is denied. (0x80070005)
18:10:23 [ERROR] could not set window position for HWND(0x25054c): Access is denied. (0x80070005)
18:10:23 [ERROR] could not set window position for HWND(0x25054c): Access is denied. (0x80070005)
18:41:54 [ERROR] could not set window position for HWND(0x8c0586): Access is denied. (0x80070005)
18:41:54 [ERROR] could not set window position for HWND(0x8c0586): Access is denied. (0x80070005)
18:41:54 [ERROR] could not set window position for HWND(0x8c0586): Access is denied. (0x80070005)
19:05:16 [ERROR] could not set window position for HWND(0x2f0528): Access is denied. (0x80070005)
19:05:22 [ERROR] could not set window position for HWND(0x140876): Access is denied. (0x80070005)
19:05:22 [ERROR] could not set window position for HWND(0x140876): Access is denied. (0x80070005)
19:05:22 [ERROR] could not send animation timer message for HWND(0x4f0620): Invalid window handle. (0x80070578)
19:07:03 [ERROR] could not set window position for HWND(0x340504): Access is denied. (0x80070005)
19:07:03 [ERROR] could not set window position for HWND(0x340504): Access is denied. (0x80070005)
19:07:03 [ERROR] could not set window position for HWND(0x340504): Access is denied. (0x80070005)
19:49:45 [INFO] border is disabled for HWND(0x1043c)
19:49:48 [ERROR] could not get window rect for HWND(0x70488): The handle is invalid. (0x80070006)
19:50:35 [INFO] border is disabled for HWND(0x1022c)
19:50:35 [INFO] border is disabled for HWND(0x1024e)
19:50:41 [INFO] border is disabled for HWND(0x730498)
19:50:41 [INFO] border is disabled for HWND(0x1022c)
19:50:41 [INFO] border is disabled for HWND(0x1024e)
19:50:42 [INFO] border is disabled for HWND(0x730498)
19:50:46 [INFO] border is disabled for HWND(0x730498)
07:08:17 [INFO] starting tacky-borders
07:08:19 [INFO] border is disabled for HWND(0x10424)
07:22:24 [INFO] border is disabled for HWND(0x10424)
07:24:39 [INFO] border is disabled for HWND(0x10424)
07:25:54 [INFO] border is disabled for HWND(0x10424)
07:27:51 [INFO] border is disabled for HWND(0x10424)
07:27:55 [INFO] border is disabled for HWND(0x10424)
07:29:02 [INFO] border is disabled for HWND(0x10424)
07:38:12 [INFO] border is disabled for HWND(0x10424)
07:56:18 [INFO] border is disabled for HWND(0x10424)
09:00:21 [ERROR] could not get window rect for HWND(0xc0326): The handle is invalid. (0x80070006)
09:04:29 [INFO] border is disabled for HWND(0x10424)
09:18:03 [INFO] border is disabled for HWND(0x10424)
09:18:20 [INFO] border is disabled for HWND(0x10424)
09:18:54 [INFO] border is disabled for HWND(0x10424)
09:20:14 [INFO] border is disabled for HWND(0x10424)
09:21:23 [INFO] border is disabled for HWND(0x1022e)
09:21:23 [INFO] border is disabled for HWND(0x1025e)
09:21:59 [INFO] border is disabled for HWND(0x10424)
09:22:07 [INFO] border is disabled for HWND(0x10424)
09:23:47 [INFO] border is disabled for HWND(0x10424)
11:13:22 [INFO] border is disabled for HWND(0x10424)
11:14:47 [INFO] border is disabled for HWND(0x507b4)
11:30:15 [INFO] border is disabled for HWND(0x9903f2)
12:07:30 [INFO] border is disabled for HWND(0x10424)
12:36:44 [INFO] border is disabled for HWND(0x10424)
12:56:43 [INFO] border is disabled for HWND(0x1022e)
12:56:43 [INFO] border is disabled for HWND(0x1025e)
13:23:40 [INFO] border is disabled for HWND(0xd10778)
13:24:33 [INFO] border is disabled for HWND(0xd10778)
13:25:03 [INFO] border is disabled for HWND(0x1022e)
13:25:03 [INFO] border is disabled for HWND(0x1025e)
13:25:18 [INFO] border is disabled for HWND(0xd10778)
14:26:25 [INFO] border is disabled for HWND(0xd10778)
14:48:42 [INFO] border is disabled for HWND(0xd10778)
14:57:22 [ERROR] could not get window rect for HWND(0xb0718): The handle is invalid. (0x80070006)
14:58:11 [INFO] border is disabled for HWND(0x10424)
14:58:14 [ERROR] could not get window rect for HWND(0x50272): The handle is invalid. (0x80070006)
14:58:14 [ERROR] could not get window rect for HWND(0x120310): The handle is invalid. (0x80070006)
05:31:42 [INFO] starting tacky-borders
05:31:59 [INFO] border is disabled for HWND(0x103d4)
05:36:09 [INFO] border is disabled for HWND(0x10206)
05:36:09 [INFO] border is disabled for HWND(0x10242)
05:39:37 [INFO] border is disabled for HWND(0x103d4)
05:39:41 [INFO] border is disabled for HWND(0x103d4)
05:39:56 [INFO] border is disabled for HWND(0x103d4)
05:40:00 [INFO] border is disabled for HWND(0x103d4)
05:40:03 [INFO] border is disabled for HWND(0x103d4)
05:41:30 [INFO] border is disabled for HWND(0x103d4)
05:41:35 [INFO] border is disabled for HWND(0x103d4)
06:07:47 [INFO] border is disabled for HWND(0x1f066e)
07:48:36 [INFO] border is disabled for HWND(0x103d4)
07:53:05 [ERROR] could not get window rect for HWND(0x3070a): The handle is invalid. (0x80070006)
07:53:38 [INFO] border is disabled for HWND(0x103d4)
07:53:41 [ERROR] could not get window rect for HWND(0x204e8): The handle is invalid. (0x80070006)
17:37:16 [INFO] starting tacky-borders
17:37:18 [INFO] border is disabled for HWND(0x10410)
18:11:42 [INFO] border is disabled for HWND(0x10410)
18:13:54 [INFO] border is disabled for HWND(0x10410)
18:18:10 [INFO] border is disabled for HWND(0x10410)
18:53:20 [INFO] border is disabled for HWND(0x10224)
18:53:20 [INFO] border is disabled for HWND(0x30028)
19:18:43 [ERROR] could not get window rect for HWND(0xc0558): The handle is invalid. (0x80070006)
19:18:45 [INFO] border is disabled for HWND(0x10410)
19:21:20 [INFO] border is disabled for HWND(0x10410)
19:21:25 [INFO] border is disabled for HWND(0x10410)
19:23:04 [INFO] border is disabled for HWND(0x10410)
19:23:05 [ERROR] could not get window rect for HWND(0x303aa): The handle is invalid. (0x80070006)
19:23:06 [ERROR] could not get window rect for HWND(0x50312): The handle is invalid. (0x80070006)
16:44:37 [INFO] starting tacky-borders
16:44:40 [INFO] border is disabled for HWND(0x10454)
16:45:10 [INFO] border is disabled for HWND(0x10512)
16:45:16 [INFO] border is disabled for HWND(0x1022e)
16:45:16 [INFO] border is disabled for HWND(0x10254)
16:45:29 [INFO] border is disabled for HWND(0x10254)
16:45:30 [INFO] border is disabled for HWND(0x10254)
16:45:43 [INFO] border is disabled for HWND(0x10454)
16:45:46 [INFO] border is disabled for HWND(0x10454)
16:50:00 [INFO] border is disabled for HWND(0x10512)
16:55:21 [INFO] border is disabled for HWND(0x10454)
16:55:24 [INFO] border is disabled for HWND(0x10512)
17:01:05 [INFO] border is disabled for HWND(0x10512)
17:17:10 [INFO] border is disabled for HWND(0x80688)
17:29:02 [INFO] border is disabled for HWND(0x10454)
17:29:18 [INFO] border is disabled for HWND(0x10512)
17:40:45 [INFO] border is disabled for HWND(0x10512)
17:44:22 [INFO] border is disabled for HWND(0x10454)
18:38:58 [ERROR] could not get window rect for HWND(0x407ee): The handle is invalid. (0x80070006)
18:39:08 [INFO] border is disabled for HWND(0x10454)
18:41:44 [INFO] border is disabled for HWND(0x10454)
18:42:56 [INFO] border is disabled for HWND(0x10454)
16:14:57 [INFO] starting tacky-borders
16:14:58 [INFO] border is disabled for HWND(0x1041a)
16:18:54 [INFO] border is disabled for HWND(0x1041a)
16:21:31 [INFO] border is disabled for HWND(0x2d03b8)
16:23:47 [INFO] border is disabled for HWND(0x90558)
16:32:30 [INFO] border is disabled for HWND(0x4057e)
16:33:51 [INFO] border is disabled for HWND(0x1041a)
16:46:41 [INFO] border is disabled for HWND(0x1041a)
16:47:46 [INFO] border is disabled for HWND(0x1041a)
16:54:15 [INFO] border is disabled for HWND(0x1c0574)
17:01:25 [INFO] border is disabled for HWND(0x1041a)
17:01:35 [INFO] border is disabled for HWND(0x1058a)
17:01:36 [INFO] border is disabled for HWND(0x1041a)
17:01:57 [INFO] border is disabled for HWND(0x6057e)
17:03:11 [INFO] border is disabled for HWND(0x1041a)
17:03:43 [INFO] border is disabled for HWND(0x1058a)
17:03:43 [INFO] border is disabled for HWND(0x1041a)
17:45:26 [INFO] border is disabled for HWND(0xf059e)
17:49:41 [INFO] border is disabled for HWND(0x80598)
17:50:47 [INFO] border is disabled for HWND(0x4004f4)
18:01:09 [INFO] border is disabled for HWND(0x1041a)
18:02:35 [INFO] border is disabled for HWND(0xe0596)
18:10:56 [INFO] border is disabled for HWND(0xb057e)
18:11:43 [INFO] border is disabled for HWND(0x100596)
18:30:07 [INFO] border is disabled for HWND(0x1041a)
18:33:07 [INFO] border is disabled for HWND(0x1041a)
18:33:11 [INFO] border is disabled for HWND(0x1041a)
18:33:13 [INFO] border is disabled for HWND(0x1041a)
18:38:11 [INFO] border is disabled for HWND(0x706b0)
18:38:50 [INFO] border is disabled for HWND(0xc06ae)
18:47:39 [INFO] border is disabled for HWND(0xc06b0)
18:50:48 [INFO] border is disabled for HWND(0x1041a)
18:50:53 [INFO] border is disabled for HWND(0x1041a)
18:58:22 [INFO] border is disabled for HWND(0x1041a)
18:58:24 [ERROR] could not get window rect for HWND(0x705fe): The handle is invalid. (0x80070006)
18:58:25 [ERROR] could not get window rect for HWND(0x203a4): The handle is invalid. (0x80070006)
15:43:54 [INFO] starting tacky-borders
15:43:56 [INFO] border is disabled for HWND(0x10414)
16:39:59 [INFO] border is disabled for HWND(0x10414)
16:40:05 [INFO] border is disabled for HWND(0x10414)
16:41:16 [INFO] border is disabled for HWND(0x10414)
16:44:17 [INFO] border is disabled for HWND(0x10414)
16:50:01 [INFO] border is disabled for HWND(0x30574)
17:01:24 [INFO] border is disabled for HWND(0x30574)
17:01:25 [INFO] border is disabled for HWND(0x30574)
17:01:27 [INFO] border is disabled for HWND(0x30574)
17:01:35 [INFO] border is disabled for HWND(0x30574)
17:05:23 [INFO] border is disabled for HWND(0x10414)
17:38:14 [INFO] border is disabled for HWND(0x10228)
17:38:14 [INFO] border is disabled for HWND(0x10244)
18:19:15 [INFO] border is disabled for HWND(0x30574)
18:19:18 [INFO] border is disabled for HWND(0x30574)
18:29:12 [ERROR] could not get window rect for HWND(0x206b0): The handle is invalid. (0x80070006)
16:09:15 [INFO] starting tacky-borders
16:09:17 [INFO] border is disabled for HWND(0x1040e)
16:11:39 [INFO] border is disabled for HWND(0x1040e)
16:12:04 [INFO] border is disabled for HWND(0x50516)
16:14:23 [INFO] border is disabled for HWND(0x4051e)
16:14:56 [INFO] border is disabled for HWND(0x1040e)
16:15:43 [INFO] border is disabled for HWND(0x1040e)
16:16:47 [INFO] border is disabled for HWND(0x1040e)
16:17:04 [INFO] border is disabled for HWND(0x1040e)
16:24:33 [INFO] border is disabled for HWND(0xd06ee)
16:39:54 [INFO] border is disabled for HWND(0x1040e)
16:43:07 [INFO] border is disabled for HWND(0x1040e)
16:43:33 [INFO] border is disabled for HWND(0x1040e)
16:48:18 [INFO] border is disabled for HWND(0x1040e)
16:50:00 [INFO] border is disabled for HWND(0xd06ee)
16:58:59 [INFO] border is disabled for HWND(0xd06ee)
17:00:41 [INFO] border is disabled for HWND(0xd06ee)
17:06:41 [INFO] border is disabled for HWND(0x1040e)
17:52:08 [INFO] border is disabled for HWND(0xd06ee)
17:52:18 [INFO] border is disabled for HWND(0x1040e)
17:53:22 [INFO] border is disabled for HWND(0xd06ee)
17:58:23 [INFO] border is disabled for HWND(0x1040e)
18:38:39 [ERROR] could not get window rect for HWND(0xb0754): The handle is invalid. (0x80070006)
18:40:48 [INFO] border is disabled for HWND(0xd06ee)
18:43:31 [INFO] border is disabled for HWND(0x1040e)
18:43:33 [ERROR] could not get window rect for HWND(0xe0516): The handle is invalid. (0x80070006)
18:43:33 [ERROR] could not get window rect for HWND(0x2004f0): The handle is invalid. (0x80070006)
07:02:47 [INFO] starting tacky-borders
07:02:49 [INFO] border is disabled for HWND(0x10444)
07:11:30 [INFO] border is disabled for HWND(0x10444)
07:20:38 [INFO] border is disabled for HWND(0x10444)
07:20:43 [INFO] border is disabled for HWND(0x10444)
07:26:23 [INFO] border is disabled for HWND(0x1022e)
07:26:23 [INFO] border is disabled for HWND(0x10254)
08:04:06 [INFO] border is disabled for HWND(0x10444)
08:04:12 [INFO] border is disabled for HWND(0x10444)
08:26:33 [INFO] border is disabled for HWND(0x10444)
09:04:26 [INFO] border is disabled for HWND(0x10444)
09:06:57 [INFO] border is disabled for HWND(0x10444)
09:14:32 [INFO] border is disabled for HWND(0x10444)
09:23:22 [INFO] border is disabled for HWND(0x203ca)
09:23:25 [INFO] border is disabled for HWND(0x203ca)
09:23:26 [INFO] border is disabled for HWND(0x203ca)
09:30:14 [INFO] border is disabled for HWND(0x2503b8)
09:30:19 [INFO] border is disabled for HWND(0x2503b8)
09:33:30 [INFO] border is disabled for HWND(0x10444)
09:40:33 [INFO] border is disabled for HWND(0x10444)
10:04:45 [INFO] border is disabled for HWND(0x1022e)
10:04:45 [INFO] border is disabled for HWND(0x10254)
10:56:52 [INFO] border is disabled for HWND(0x10444)
10:56:56 [INFO] border is disabled for HWND(0x10444)
12:01:16 [INFO] border is disabled for HWND(0x1022e)
12:01:16 [INFO] border is disabled for HWND(0x10254)
12:18:33 [ERROR] could not get window rect for HWND(0xa06fe): The handle is invalid. (0x80070006)
12:26:53 [INFO] border is disabled for HWND(0x10444)
12:27:00 [ERROR] could not get window rect for HWND(0x50574): The handle is invalid. (0x80070006)
12:31:03 [ERROR] could not get window rect for HWND(0x30512): The handle is invalid. (0x80070006)
12:31:08 [INFO] border is disabled for HWND(0x10444)
12:31:09 [ERROR] could not get window rect for HWND(0x50028): The handle is invalid. (0x80070006)
12:31:10 [ERROR] could not get window rect for HWND(0x304ae): The handle is invalid. (0x80070006)
09:11:16 [INFO] starting tacky-borders
09:11:17 [INFO] border is disabled for HWND(0x10418)
09:12:47 [INFO] border is disabled for HWND(0x10418)
09:38:46 [INFO] border is disabled for HWND(0xa04ce)
09:48:00 [INFO] border is disabled for HWND(0x10418)
09:58:31 [INFO] border is disabled for HWND(0x10418)
10:00:01 [INFO] border is disabled for HWND(0x10418)
10:02:56 [INFO] border is disabled for HWND(0x10418)
10:03:52 [INFO] border is disabled for HWND(0x10418)
10:08:39 [INFO] border is disabled for HWND(0x10418)
10:08:41 [INFO] border is disabled for HWND(0x10418)
10:12:14 [INFO] border is disabled for HWND(0x10418)
10:13:16 [ERROR] could not set window position for HWND(0xb05f4): Access is denied. (0x80070005)
10:13:16 [ERROR] could not set window position for HWND(0xb05f4): Access is denied. (0x80070005)
10:13:16 [ERROR] could not send animation timer message for HWND(0xa026a): Invalid window handle. (0x80070578)
10:13:16 [INFO] border is disabled for HWND(0x70612)
10:13:21 [ERROR] could not set window position for HWND(0xc05f4): Access is denied. (0x80070005)
10:13:21 [ERROR] could not set window position for HWND(0xc05f4): Access is denied. (0x80070005)
10:13:21 [ERROR] could not send animation timer message for HWND(0x4068e): Invalid window handle. (0x80070578)
10:14:36 [INFO] border is disabled for HWND(0x10418)
10:14:48 [ERROR] could not set window position for HWND(0x705ba): Access is denied. (0x80070005)
10:14:48 [ERROR] could not set window position for HWND(0x705ba): Access is denied. (0x80070005)
10:14:48 [ERROR] could not send animation timer message for HWND(0x90604): Invalid window handle. (0x80070578)
10:15:31 [INFO] border is disabled for HWND(0x10418)
10:16:40 [INFO] border is disabled for HWND(0x10418)
10:17:58 [INFO] border is disabled for HWND(0x10418)
10:18:36 [INFO] border is disabled for HWND(0x10418)
10:37:19 [INFO] border is disabled for HWND(0x10418)
10:41:33 [INFO] border is disabled for HWND(0x10418)
10:41:45 [ERROR] could not set window position for HWND(0x12060c): Access is denied. (0x80070005)
10:41:45 [ERROR] could not set window position for HWND(0x12060c): Access is denied. (0x80070005)
10:41:45 [ERROR] could not send animation timer message for HWND(0xf05a8): Invalid window handle. (0x80070578)
10:41:54 [INFO] border is disabled for HWND(0x10418)
10:43:13 [INFO] border is disabled for HWND(0x10418)
11:28:02 [INFO] border is disabled for HWND(0x1d060c)
11:54:26 [INFO] border is disabled for HWND(0x10418)
11:56:35 [INFO] border is disabled for HWND(0x4b3059a)
12:16:20 [INFO] border is disabled for HWND(0x10418)
12:16:25 [ERROR] could not get window rect for HWND(0x140678): The handle is invalid. (0x80070006)
15:39:21 [INFO] starting tacky-borders
15:39:24 [INFO] border is disabled for HWND(0x1042a)
16:00:41 [INFO] border is disabled for HWND(0x1042a)
16:00:43 [INFO] border is disabled for HWND(0x1042a)
16:00:46 [INFO] border is disabled for HWND(0x1042a)
16:00:52 [INFO] border is disabled for HWND(0x1042a)
16:05:25 [INFO] border is disabled for HWND(0x1042a)
16:05:27 [INFO] border is disabled for HWND(0x1042a)
16:05:33 [INFO] border is disabled for HWND(0x1042a)
17:29:42 [INFO] border is disabled for HWND(0x1042a)
17:36:40 [INFO] border is disabled for HWND(0x20230)
17:36:40 [INFO] border is disabled for HWND(0x3025c)
17:38:05 [INFO] border is disabled for HWND(0x5c07c0)
18:11:51 [INFO] border is disabled for HWND(0x5c07c0)
18:18:14 [ERROR] could not get window rect for HWND(0x20754): The handle is invalid. (0x80070006)
18:19:40 [INFO] border is disabled for HWND(0x4007c8)
18:21:05 [INFO] border is disabled for HWND(0x1042a)
18:28:18 [INFO] border is disabled for HWND(0x1042a)
18:29:49 [INFO] border is disabled for HWND(0x1042a)
18:30:48 [ERROR] could not get window rect for HWND(0x30514): The handle is invalid. (0x80070006)
10:51:19 [INFO] starting tacky-borders
10:51:20 [INFO] border is disabled for HWND(0x10414)
11:09:37 [INFO] border is disabled for HWND(0x10414)
11:09:44 [INFO] border is disabled for HWND(0x10414)
11:22:08 [INFO] border is disabled for HWND(0x10414)
11:27:12 [INFO] border is disabled for HWND(0x10414)
13:51:08 [INFO] border is disabled for HWND(0x10414)
13:51:41 [INFO] border is disabled for HWND(0x10414)
13:59:22 [INFO] border is disabled for HWND(0x10414)
13:59:31 [INFO] border is disabled for HWND(0x1022e)
13:59:31 [INFO] border is disabled for HWND(0x10254)
14:09:03 [INFO] border is disabled for HWND(0x10414)
14:09:13 [INFO] border is disabled for HWND(0xc0540)
14:11:47 [ERROR] could not get window rect for HWND(0x55061a): The handle is invalid. (0x80070006)
14:11:57 [INFO] border is disabled for HWND(0x10414)
14:22:44 [INFO] border is disabled for HWND(0x10414)
14:23:08 [INFO] border is disabled for HWND(0x10414)
14:23:11 [INFO] border is disabled for HWND(0x10414)
14:23:17 [INFO] border is disabled for HWND(0x10414)
14:26:29 [INFO] border is disabled for HWND(0x10414)
15:30:35 [INFO] border is disabled for HWND(0xc0540)
15:47:59 [INFO] border is disabled for HWND(0x10414)
17:11:18 [INFO] border is disabled for HWND(0x1022e)
17:11:18 [INFO] border is disabled for HWND(0x10254)
17:22:38 [INFO] border is disabled for HWND(0x1022e)
17:22:38 [INFO] border is disabled for HWND(0x10254)
17:23:58 [INFO] border is disabled for HWND(0xc0540)
17:43:09 [INFO] border is disabled for HWND(0x10414)
17:43:40 [INFO] border is disabled for HWND(0x10414)
17:46:11 [INFO] border is disabled for HWND(0x10414)
17:46:31 [INFO] border is disabled for HWND(0x10414)
17:46:49 [INFO] border is disabled for HWND(0x10414)
17:47:52 [INFO] border is disabled for HWND(0x10414)
17:47:54 [INFO] border is disabled for HWND(0x10414)
18:24:47 [ERROR] could not get window rect for HWND(0x2a06fa): The handle is invalid. (0x80070006)
18:31:47 [INFO] border is disabled for HWND(0x10414)
18:31:57 [INFO] border is disabled for HWND(0x30488)
18:38:42 [INFO] border is disabled for HWND(0x10414)
18:38:45 [ERROR] could not get window rect for HWND(0x40488): The handle is invalid. (0x80070006)
18:38:48 [ERROR] could not get window rect for HWND(0xf90836): The handle is invalid. (0x80070006)
14:49:55 [INFO] starting tacky-borders
14:49:57 [INFO] border is disabled for HWND(0x10414)
14:58:18 [INFO] border is disabled for HWND(0x10414)
14:58:20 [ERROR] could not get window rect for HWND(0x5045e): The handle is invalid. (0x80070006)
14:58:21 [INFO] border is disabled for HWND(0x10414)
15:01:30 [INFO] border is disabled for HWND(0x1021c)
15:01:30 [INFO] border is disabled for HWND(0x10256)
15:01:31 [INFO] border is disabled for HWND(0x10414)
15:01:39 [INFO] border is disabled for HWND(0x10414)
15:02:19 [INFO] border is disabled for HWND(0x10414)
15:03:49 [INFO] border is disabled for HWND(0x10414)
15:03:55 [INFO] border is disabled for HWND(0x10414)
15:04:00 [INFO] border is disabled for HWND(0x10414)
15:04:08 [ERROR] could not set window position for HWND(0xa05e8): Access is denied. (0x80070005)
15:04:08 [ERROR] could not set window position for HWND(0xa05e8): Access is denied. (0x80070005)
15:04:08 [ERROR] could not send animation timer message for HWND(0x10628): Invalid window handle. (0x80070578)
15:04:08 [INFO] border is disabled for HWND(0x1063a)
15:04:09 [ERROR] could not set window position for HWND(0x20644): Access is denied. (0x80070005)
15:04:09 [ERROR] could not set window position for HWND(0x20644): Access is denied. (0x80070005)
15:04:09 [ERROR] could not send animation timer message for HWND(0x10686): Invalid window handle. (0x80070578)
15:04:18 [ERROR] could not set window position for HWND(0xd05b4): Access is denied. (0x80070005)
15:04:18 [ERROR] could not set window position for HWND(0xd05b4): Access is denied. (0x80070005)
15:04:18 [ERROR] could not send animation timer message for HWND(0x106b4): Invalid window handle. (0x80070578)
15:06:09 [INFO] border is disabled for HWND(0x10414)
15:17:07 [INFO] border is disabled for HWND(0x10414)
15:22:03 [INFO] border is disabled for HWND(0x10414)
15:23:45 [INFO] border is disabled for HWND(0x30660)
15:43:32 [INFO] border is disabled for HWND(0x10414)
15:44:11 [INFO] border is disabled for HWND(0x10414)
15:44:57 [INFO] border is disabled for HWND(0x10414)
15:45:28 [INFO] border is disabled for HWND(0x10414)
15:47:19 [INFO] border is disabled for HWND(0x10414)
15:48:15 [INFO] border is disabled for HWND(0x10414)
15:55:48 [INFO] border is disabled for HWND(0x10414)
16:03:45 [INFO] border is disabled for HWND(0x10414)
16:12:25 [INFO] border is disabled for HWND(0x10414)
16:21:23 [INFO] border is disabled for HWND(0x1f05c4)
16:38:42 [INFO] border is disabled for HWND(0x10414)
16:38:42 [INFO] border is disabled for HWND(0x10414)
16:38:43 [INFO] border is disabled for HWND(0x10414)
16:38:44 [INFO] border is disabled for HWND(0x10414)
16:38:45 [INFO] border is disabled for HWND(0x10414)
16:38:46 [INFO] border is disabled for HWND(0x10414)
16:38:48 [INFO] border is disabled for HWND(0x10414)
16:38:50 [INFO] border is disabled for HWND(0x10414)
16:38:51 [INFO] border is disabled for HWND(0x10414)
16:38:52 [INFO] border is disabled for HWND(0x10414)
16:38:53 [INFO] border is disabled for HWND(0x10414)
16:46:43 [INFO] border is disabled for HWND(0x10414)
16:47:52 [INFO] border is disabled for HWND(0x10414)
16:48:06 [INFO] border is disabled for HWND(0x10414)
16:48:32 [INFO] border is disabled for HWND(0x10414)
16:59:06 [INFO] border is disabled for HWND(0x10414)
16:59:41 [INFO] border is disabled for HWND(0x10414)
17:11:25 [INFO] border is disabled for HWND(0x10414)
17:17:19 [INFO] border is disabled for HWND(0x1d066c)
17:20:53 [INFO] border is disabled for HWND(0x10414)
17:22:14 [INFO] border is disabled for HWND(0x10414)
17:22:59 [INFO] border is disabled for HWND(0x10414)
17:23:11 [INFO] border is disabled for HWND(0x1021c)
17:23:11 [INFO] border is disabled for HWND(0x10256)
18:19:08 [INFO] border is disabled for HWND(0x10414)
18:19:10 [ERROR] could not get window rect for HWND(0x603b0): The handle is invalid. (0x80070006)
18:19:11 [ERROR] could not get window rect for HWND(0x604b6): The handle is invalid. (0x80070006)
16:22:45 [INFO] starting tacky-borders
16:23:27 [INFO] border is disabled for HWND(0x10574)
16:44:06 [INFO] border is disabled for HWND(0x10418)
16:44:11 [INFO] border is disabled for HWND(0x10418)
16:45:31 [INFO] border is disabled for HWND(0x10418)
16:47:21 [INFO] border is disabled for HWND(0x10418)
16:50:52 [INFO] border is disabled for HWND(0x10574)
16:50:52 [ERROR] could not set window position for HWND(0x1705e4): Access is denied. (0x80070005)
16:50:52 [ERROR] could not set window position for HWND(0x1705e4): Access is denied. (0x80070005)
16:50:52 [ERROR] could not send animation timer message for HWND(0x306a2): Invalid window handle. (0x80070578)
16:51:17 [ERROR] could not set window position for HWND(0x106d2): Access is denied. (0x80070005)
16:51:17 [ERROR] could not set window position for HWND(0x106d2): Access is denied. (0x80070005)
16:51:17 [ERROR] could not send animation timer message for HWND(0x106fc): Invalid window handle. (0x80070578)
16:58:49 [ERROR] could not get window rect for HWND(0x807cc): The handle is invalid. (0x80070006)
16:59:24 [INFO] border is disabled for HWND(0x10418)
16:59:50 [INFO] border is disabled for HWND(0x10418)
16:59:56 [INFO] border is disabled for HWND(0x10418)
17:01:45 [INFO] border is disabled for HWND(0x806a8)
17:01:47 [INFO] border is disabled for HWND(0x1022c)
17:01:47 [INFO] border is disabled for HWND(0x10254)
17:06:28 [ERROR] could not get window rect for HWND(0x1a0640): The handle is invalid. (0x80070006)
17:07:26 [INFO] border is disabled for HWND(0x10418)
17:08:27 [INFO] border is disabled for HWND(0x2048e)
17:08:30 [INFO] border is disabled for HWND(0x10418)
17:08:47 [INFO] border is disabled for HWND(0x10418)
17:10:01 [INFO] border is disabled for HWND(0x10418)
17:10:53 [INFO] border is disabled for HWND(0x10418)
17:11:02 [ERROR] could not get window rect for HWND(0x1c06aa): The handle is invalid. (0x80070006)
17:11:02 [INFO] border is disabled for HWND(0x10418)
17:17:37 [INFO] border is disabled for HWND(0x1022c)
17:17:37 [INFO] border is disabled for HWND(0x10254)
17:17:39 [ERROR] could not set window position for HWND(0x3079c): Access is denied. (0x80070005)
17:17:39 [ERROR] could not set window position for HWND(0x3079c): Access is denied. (0x80070005)
17:17:39 [ERROR] could not send animation timer message for HWND(0x210858): Invalid window handle. (0x80070578)
17:18:02 [INFO] border is disabled for HWND(0x90876)
17:18:06 [INFO] border is disabled for HWND(0x90876)
17:18:09 [INFO] border is disabled for HWND(0x90876)
17:18:16 [INFO] border is disabled for HWND(0x10418)
17:18:19 [ERROR] could not get window rect for HWND(0x10a5a): The handle is invalid. (0x80070006)
17:19:31 [INFO] starting tacky-borders
17:19:32 [INFO] border is disabled for HWND(0x10444)
17:20:13 [INFO] border is disabled for HWND(0x10444)
17:20:48 [INFO] border is disabled for HWND(0x10444)
17:23:25 [INFO] border is disabled for HWND(0x10444)
17:35:20 [INFO] border is disabled for HWND(0x10224)
17:35:20 [INFO] border is disabled for HWND(0x10248)
17:40:33 [INFO] border is disabled for HWND(0x10224)
17:40:33 [INFO] border is disabled for HWND(0x10248)
17:53:16 [INFO] border is disabled for HWND(0x10224)
17:53:16 [INFO] border is disabled for HWND(0x10248)
17:55:53 [INFO] border is disabled for HWND(0x10444)
18:11:18 [INFO] border is disabled for HWND(0x10444)
18:14:02 [ERROR] could not set window position for HWND(0x3a905da): Access is denied. (0x80070005)
18:14:02 [ERROR] could not set window position for HWND(0x3a905da): Access is denied. (0x80070005)
18:14:02 [ERROR] could not send animation timer message for HWND(0x33068c): Invalid window handle. (0x80070578)
18:14:39 [INFO] border is disabled for HWND(0x203dc)
18:14:42 [INFO] border is disabled for HWND(0x10224)
18:14:42 [INFO] border is disabled for HWND(0x10248)
18:14:43 [INFO] border is disabled for HWND(0x10224)
18:14:43 [INFO] border is disabled for HWND(0x10248)
18:29:18 [INFO] border is disabled for HWND(0x10444)
18:32:05 [INFO] border is disabled for HWND(0x10224)
18:32:05 [INFO] border is disabled for HWND(0x10248)
18:41:19 [INFO] border is disabled for HWND(0x10444)
18:41:22 [ERROR] could not get window rect for HWND(0x307b0): The handle is invalid. (0x80070006)
16:34:02 [INFO] starting tacky-borders
16:34:02 [ERROR] could not set window position for HWND(0x103ac): Access is denied. (0x80070005)
16:34:02 [ERROR] could not set window position for HWND(0x103ac): Access is denied. (0x80070005)
16:34:02 [ERROR] could not set window position for HWND(0x103ac): Access is denied. (0x80070005)
16:35:10 [INFO] border is disabled for HWND(0x1040c)
16:38:58 [INFO] border is disabled for HWND(0x1040c)
16:39:02 [INFO] border is disabled for HWND(0x1040c)
16:45:03 [INFO] border is disabled for HWND(0x2061c)
16:46:23 [INFO] border is disabled for HWND(0x1040c)
16:46:41 [INFO] border is disabled for HWND(0x2061c)
16:46:41 [ERROR] could not set window position for HWND(0xa010c): Access is denied. (0x80070005)
16:46:41 [ERROR] could not set window position for HWND(0xa010c): Access is denied. (0x80070005)
16:46:42 [ERROR] could not send animation timer message for HWND(0xa0622): Invalid window handle. (0x80070578)
16:46:43 [INFO] border is disabled for HWND(0x1040c)
16:46:50 [ERROR] could not get window rect for HWND(0x100550): The handle is invalid. (0x80070006)
16:46:51 [INFO] border is disabled for HWND(0x1040c)
16:47:02 [INFO] border is disabled for HWND(0x10226)
16:47:02 [INFO] border is disabled for HWND(0x10246)
16:47:06 [INFO] border is disabled for HWND(0x1040c)
16:49:02 [ERROR] could not set window position for HWND(0xe0500): Access is denied. (0x80070005)
16:49:02 [ERROR] could not set window position for HWND(0xe0500): Access is denied. (0x80070005)
16:49:02 [ERROR] could not send animation timer message for HWND(0x5062c): Invalid window handle. (0x80070578)
16:49:10 [ERROR] could not set window position for HWND(0xa05f0): Access is denied. (0x80070005)
16:49:10 [ERROR] could not set window position for HWND(0xa05f0): Access is denied. (0x80070005)
16:49:10 [ERROR] could not send animation timer message for HWND(0xe03a0): Invalid window handle. (0x80070578)
16:49:56 [ERROR] could not set window position for HWND(0x50652): Access is denied. (0x80070005)
16:49:56 [ERROR] could not set window position for HWND(0x50652): Access is denied. (0x80070005)
16:49:56 [ERROR] could not send animation timer message for HWND(0x12026a): Invalid window handle. (0x80070578)
16:51:14 [ERROR] could not set window position for HWND(0xd05f0): Access is denied. (0x80070005)
16:51:14 [ERROR] could not set window position for HWND(0xd05f0): Access is denied. (0x80070005)
16:51:14 [ERROR] could not send animation timer message for HWND(0xe038e): Invalid window handle. (0x80070578)
16:54:16 [INFO] border is disabled for HWND(0x1040c)
16:54:23 [ERROR] could not set window position for HWND(0x805fc): Access is denied. (0x80070005)
16:54:23 [ERROR] could not set window position for HWND(0x805fc): Access is denied. (0x80070005)
16:54:23 [ERROR] could not send animation timer message for HWND(0x10704): Invalid window handle. (0x80070578)
16:54:27 [INFO] border is disabled for HWND(0x1040c)
16:54:38 [ERROR] could not set window position for HWND(0x9060c): Access is denied. (0x80070005)
16:54:38 [ERROR] could not set window position for HWND(0x9060c): Access is denied. (0x80070005)
16:54:38 [ERROR] could not send animation timer message for HWND(0x1070c): Invalid window handle. (0x80070578)
16:54:46 [ERROR] could not set window position for HWND(0x6070c): Access is denied. (0x80070005)
16:54:46 [ERROR] could not set window position for HWND(0x6070c): Access is denied. (0x80070005)
16:54:46 [ERROR] could not send animation timer message for HWND(0x107a2): Invalid window handle. (0x80070578)
16:55:07 [INFO] border is disabled for HWND(0x1040c)
16:56:27 [INFO] border is disabled for HWND(0x1040c)
16:56:38 [INFO] border is disabled for HWND(0x1040c)
16:57:00 [ERROR] could not set window position for HWND(0x507ac): Access is denied. (0x80070005)
16:57:00 [ERROR] could not set window position for HWND(0x507ac): Access is denied. (0x80070005)
16:57:00 [ERROR] could not send animation timer message for HWND(0x5077c): Invalid window handle. (0x80070578)
16:57:12 [ERROR] could not set window position for HWND(0x40736): Access is denied. (0x80070005)
16:57:12 [ERROR] could not set window position for HWND(0x40736): Access is denied. (0x80070005)
16:57:12 [ERROR] could not send animation timer message for HWND(0x40738): Invalid window handle. (0x80070578)
16:57:43 [ERROR] could not set window position for HWND(0x8074a): Access is denied. (0x80070005)
16:57:43 [ERROR] could not set window position for HWND(0x8074a): Access is denied. (0x80070005)
16:57:43 [ERROR] could not send animation timer message for HWND(0x20944): Invalid window handle. (0x80070578)
16:58:10 [ERROR] could not set window position for HWND(0x60856): Access is denied. (0x80070005)
16:58:10 [ERROR] could not set window position for HWND(0x60856): Access is denied. (0x80070005)
16:58:10 [ERROR] could not send animation timer message for HWND(0x50732): Invalid window handle. (0x80070578)
16:58:12 [ERROR] could not set window position for HWND(0x80732): Access is denied. (0x80070005)
16:58:12 [ERROR] could not set window position for HWND(0x80732): Access is denied. (0x80070005)
16:58:12 [ERROR] could not send animation timer message for HWND(0x20888): Invalid window handle. (0x80070578)
16:58:33 [ERROR] could not set window position for HWND(0x40784): Access is denied. (0x80070005)
16:58:33 [ERROR] could not set window position for HWND(0x40784): Access is denied. (0x80070005)
16:58:33 [ERROR] could not send animation timer message for HWND(0x50626): Invalid window handle. (0x80070578)
16:58:41 [ERROR] could not get window rect for HWND(0x903c2): The handle is invalid. (0x80070006)
16:58:42 [ERROR] could not set window position for HWND(0x21055c): Access is denied. (0x80070005)
16:58:42 [ERROR] could not set window position for HWND(0x21055c): Access is denied. (0x80070005)
16:58:42 [ERROR] could not send animation timer message for HWND(0xa03c2): Invalid window handle. (0x80070578)
17:01:23 [ERROR] could not set window position for HWND(0x23055c): Access is denied. (0x80070005)
17:01:23 [ERROR] could not set window position for HWND(0x23055c): Access is denied. (0x80070005)
17:01:23 [ERROR] could not send animation timer message for HWND(0x3098c): Invalid window handle. (0x80070578)
17:01:33 [INFO] border is disabled for HWND(0x1040c)
17:02:12 [INFO] border is disabled for HWND(0x1040c)
17:02:21 [ERROR] could not get window rect for HWND(0xc063a): The handle is invalid. (0x80070006)
17:09:01 [INFO] starting tacky-borders
17:09:07 [INFO] border is disabled for HWND(0x10406)
17:11:39 [ERROR] could not get window rect for HWND(0x90592): The handle is invalid. (0x80070006)
17:14:26 [INFO] border is disabled for HWND(0x10406)
17:14:31 [ERROR] could not get window rect for HWND(0x7060a): The handle is invalid. (0x80070006)
17:16:30 [INFO] starting tacky-borders
17:16:32 [INFO] border is disabled for HWND(0x10418)
17:17:01 [INFO] border is disabled for HWND(0x10418)
17:17:06 [INFO] border is disabled for HWND(0x10418)
17:17:18 [INFO] border is disabled for HWND(0x10418)
17:17:28 [INFO] border is disabled for HWND(0x10648)
17:17:28 [ERROR] could not set window position for HWND(0x30588): Access is denied. (0x80070005)
17:17:28 [ERROR] could not set window position for HWND(0x30588): Access is denied. (0x80070005)
17:17:28 [ERROR] could not send animation timer message for HWND(0x10652): Invalid window handle. (0x80070578)
17:20:08 [INFO] border is disabled for HWND(0x10418)
17:20:22 [ERROR] could not set window position for HWND(0x50610): Access is denied. (0x80070005)
17:20:22 [ERROR] could not set window position for HWND(0x50610): Access is denied. (0x80070005)
17:20:22 [ERROR] could not send animation timer message for HWND(0x40640): Invalid window handle. (0x80070578)
17:20:30 [ERROR] could not set window position for HWND(0x505f6): Access is denied. (0x80070005)
17:20:30 [ERROR] could not set window position for HWND(0x505f6): Access is denied. (0x80070005)
17:20:30 [ERROR] could not send animation timer message for HWND(0x405e0): Invalid window handle. (0x80070578)
17:20:42 [ERROR] could not set window position for HWND(0x70618): Access is denied. (0x80070005)
17:20:42 [ERROR] could not set window position for HWND(0x70618): Access is denied. (0x80070005)
17:20:42 [ERROR] could not send animation timer message for HWND(0x30622): Invalid window handle. (0x80070578)
17:21:10 [INFO] border is disabled for HWND(0x10418)
17:21:29 [INFO] border is disabled for HWND(0x10418)
17:24:01 [ERROR] could not get window rect for HWND(0x50616): The handle is invalid. (0x80070006)
17:26:08 [INFO] starting tacky-borders
17:26:24 [INFO] border is disabled for HWND(0x1042a)
17:26:26 [ERROR] could not get window rect for HWND(0x20190): The handle is invalid. (0x80070006)
17:26:26 [ERROR] could not get window rect for HWND(0x10498): The handle is invalid. (0x80070006)
17:27:56 [INFO] starting tacky-borders
17:27:59 [INFO] border is disabled for HWND(0x203e6)
17:28:02 [INFO] border is disabled for HWND(0x203e6)
17:29:00 [INFO] border is disabled for HWND(0x203e6)
17:29:03 [ERROR] could not get window rect for HWND(0x204e8): The handle is invalid. (0x80070006)
17:29:04 [ERROR] could not get window rect for HWND(0x10506): The handle is invalid. (0x80070006)
17:32:35 [INFO] starting tacky-borders
17:33:22 [INFO] border is disabled for HWND(0x1042e)
17:33:26 [INFO] border is disabled for HWND(0x1042e)
17:43:59 [INFO] starting tacky-borders
17:46:48 [INFO] border is disabled for HWND(0x10408)
17:47:39 [INFO] border is disabled for HWND(0x10408)
